Godot Engine v4.7.2.stable.official.ed1daf0bf - https://godotengine.org
Metal 4.0 - Forward+ - Using Device #0: Apple - Apple M2 (Apple8)

FAMILY_ROOF_GEOMETRY source=w96215678 aabb=[P: (-551.277, 8.145, -704.7132), S: (5.617065, 1.249992, 14.05927)] normal0=(-0.218426, 0.975806, -0.009681) points=7 triangles=5
FAMILY_ROOF_GEOMETRY source=w96215678 aabb=[P: (-545.8196, 8.145, -704.2495), S: (5.6203, 1.249992, 14.06354)] normal0=(0.232026, 0.972655, 0.010327) points=5 triangles=3
FAMILY_ROOF_GEOMETRY source=w96215678 aabb=[P: (-551.2756, 8.145, -695.647), S: (10.45355, 1.249992, 5.46106)] normal0=(-0.01029, 0.972647, 0.232061) points=4 triangles=2
FAMILY_ROOF_GEOMETRY source=w96215678 aabb=[P: (-550.6576, 8.145, -704.7132), S: (10.45825, 1.249992, 5.460999)] normal0=(0.010309, 0.972625, -0.232152) points=4 triangles=2
FAMILY_ROOF_GEOMETRY source=w96215678 aabb=[P: (-550.6575, 8.145, -719.5883), S: (6.353577, 1.25, 14.87225)] normal0=(-0.20485, 0.978751, -0.009081) points=4 triangles=2
FAMILY_ROOF_GEOMETRY source=w96215678 aabb=[P: (-544.4347, 8.145, -719.0601), S: (6.356567, 1.25, 14.625)] normal0=(0.204794, 0.978763, 0.009118) points=6 triangles=4
FAMILY_ROOF_GEOMETRY source=w96215678 aabb=[P: (-550.6576, 8.145, -710.4109), S: (11.68311, 1.25, 6.161072)] normal0=(-0.009154, 0.97877, 0.204759) points=6 triangles=4
FAMILY_ROOF_GEOMETRY source=w96215678 aabb=[P: (-550.0015, 8.145, -719.5883), S: (11.92334, 1.25, 6.225769)] normal0=(0.009099, 0.97879, -0.204664) points=6 triangles=4
FAMILY_ROOF_GEOMETRY source=w96215678 aabb=[P: (-538.4246, 8.145, -719.0769), S: (0.346558, 0.005278, 0.016846)] normal0=(0.015173, 0.999885, 0.000666) points=3 triangles=1
FAMILY_ROOF_GEOMETRY source=w96215678 aabb=[P: (-538.7712, 8.145, -719.0908), S: (0.693115, 0.005278, 0.030762)] normal0=(-0.042724, 0.268098, 0.962444) points=3 triangles=1
FAMILY_ROOF_GEOMETRY source=w96215678 aabb=[P: (-550.0013, 8.145, -733.746), S: (5.667725, 1.249992, 14.15491)] normal0=(-0.23007, 0.973121, -0.010202) points=5 triangles=3
FAMILY_ROOF_GEOMETRY source=w96215678 aabb=[P: (-544.4933, 8.145, -733.2753), S: (5.667175, 1.249992, 14.15442)] normal0=(0.230048, 0.973126, 0.010202) points=4 triangles=2
FAMILY_ROOF_GEOMETRY source=w96215678 aabb=[P: (-550.0015, 8.145, -724.6319), S: (10.55157, 1.249992, 5.511047)] normal0=(-0.0102, 0.973177, 0.229831) points=4 triangles=2
FAMILY_ROOF_GEOMETRY source=w96215678 aabb=[P: (-549.3771, 8.145, -733.746), S: (10.55109, 1.249992, 5.510986)] normal0=(0.010137, 0.973456, -0.228649) points=6 triangles=4
FAMILY_ROOF_GEOMETRY source=w96665904 aabb=[P: (-177.6843, 8.155, -888.958), S: (9.833679, 1.25, 11.16809)] normal0=(0.172891, 0.974988, -0.139669) points=6 triangles=4
FAMILY_ROOF_GEOMETRY source=w96665904 aabb=[P: (-185.394, 8.155, -882.0679), S: (9.845215, 1.25, 11.0946)] normal0=(-0.172919, 0.974976, 0.139715) points=6 triangles=4
FAMILY_ROOF_GEOMETRY source=w96665904 aabb=[P: (-185.394, 8.155, -888.957), S: (8.52771, 1.25, 7.707336)] normal0=(-0.139737, 0.974973, -0.172922) points=3 triangles=1
FAMILY_ROOF_GEOMETRY source=w96665904 aabb=[P: (-176.359, 8.155, -878.6069), S: (8.513519, 1.25, 7.659912)] normal0=(0.139179, 0.975159, 0.17232) points=6 triangles=4
FAMILY_ROOF_GEOMETRY source=w96665904 aabb=[P: (-167.2072, 8.155, -878.9211), S: (10.04865, 1.25, 11.18915)] normal0=(0.155741, 0.979753, -0.125813) points=5 triangles=3
FAMILY_ROOF_GEOMETRY source=w96665904 aabb=[P: (-174.8828, 8.286647, -871.2498), S: (9.122253, 1.118353, 10.24023)] normal0=(-0.155763, 0.979749, 0.125815) points=7 triangles=5
FAMILY_ROOF_GEOMETRY source=w96665904 aabb=[P: (-175.8092, 8.155, -878.929), S: (9.502686, 1.25, 8.493958)] normal0=(-0.125922, 0.979733, -0.155776) points=8 triangles=6
FAMILY_ROOF_GEOMETRY source=w96665904 aabb=[P: (-166.5797, 8.155, -868.6449), S: (9.421143, 1.25, 8.526123)] normal0=(0.125815, 0.979749, 0.155763) points=5 triangles=3
FAMILY_ROOF_GEOMETRY source=w96665904 aabb=[P: (-158.1019, 8.478888, -865.3536), S: (8.093597, 0.926112, 9.077759)] normal0=(0.150442, 0.981123, -0.121512) points=5 triangles=3
FAMILY_ROOF_GEOMETRY source=w96665904 aabb=[P: (-157.2567, 8.155, -867.7286), S: (0.52771, 0.133927, 0.949585)] normal0=(0.119479, 0.979955, -0.159414) points=5 triangles=3
FAMILY_ROOF_GEOMETRY source=w96665904 aabb=[P: (-167.017, 8.155, -859.7621), S: (10.40134, 1.25, 11.62646)] normal0=(-0.150425, 0.98112, 0.121553) points=9 triangles=7
FAMILY_ROOF_GEOMETRY source=w96665904 aabb=[P: (-167.0132, 8.155, -867.7319), S: (9.8573, 1.25, 8.915649)] normal0=(-0.119864, 0.981469, -0.149505) points=9 triangles=7
FAMILY_ROOF_GEOMETRY source=w96665904 aabb=[P: (-157.5541, 8.155, -856.9772), S: (8.56308, 1.25, 8.884155)] normal0=(0.121464, 0.981139, 0.150373) points=5 triangles=3
FAMILY_ROOF_GEOMETRY source=w96665911 aabb=[P: (-345.8325, 7.695, -822.3261), S: (7.917236, 1.1, 13.00861)] normal0=(-0.183719, 0.980861, -0.064497) points=4 triangles=2
FAMILY_ROOF_GEOMETRY source=w96665911 aabb=[P: (-338.819, 7.87014, -818.1147), S: (6.843628, 0.92486, 11.3681)] normal0=(0.183698, 0.980865, 0.064496) points=4 triangles=2
FAMILY_ROOF_GEOMETRY source=w96665911 aabb=[P: (-345.843, 7.695, -812.6865), S: (9.877289, 1.1, 6.772522)] normal0=(-0.064539, 0.980844, 0.18379) points=6 triangles=4
FAMILY_ROOF_GEOMETRY source=w96665911 aabb=[P: (-341.3089, 7.695, -822.3261), S: (10.45837, 1.1, 7.064758)] normal0=(0.064605, 0.980814, -0.183928) points=5 triangles=3
FAMILY_ROOF_GEOMETRY source=w96665911 aabb=[P: (-341.2943, 7.695, -836.569), S: (8.615234, 1.099994, 14.20105)] normal0=(-0.170036, 0.98363, -0.059672) points=5 triangles=3
FAMILY_ROOF_GEOMETRY source=w96665911 aabb=[P: (-333.6954, 7.695, -832.5486), S: (8.583588, 1.099994, 14.17755)] normal0=(0.169978, 0.983637, 0.059708) points=7 triangles=5
FAMILY_ROOF_GEOMETRY source=w96665911 aabb=[P: (-341.3089, 7.695, -826.0182), S: (11.28571, 1.099994, 7.64447)] normal0=(-0.059669, 0.983641, 0.169972) points=5 triangles=3
FAMILY_ROOF_GEOMETRY source=w96665911 aabb=[P: (-336.3564, 7.695, -836.569), S: (11.26544, 1.099994, 7.655457)] normal0=(0.059424, 0.983784, -0.169224) points=5 triangles=3
FAMILY_ROOF_GEOMETRY source=w96665911 aabb=[P: (-336.3431, 7.695, -849.496), S: (7.905518, 1.099994, 12.88861)] normal0=(-0.182656, 0.981075, -0.064252) points=5 triangles=3
FAMILY_ROOF_GEOMETRY source=w96665911 aabb=[P: (-329.2936, 7.855357, -845.3463), S: (6.921997, 0.939638, 11.3844)] normal0=(0.182794, 0.981054, 0.064179) points=4 triangles=2
FAMILY_ROOF_GEOMETRY source=w96665911 aabb=[P: (-336.3564, 7.695, -839.9937), S: (10.47394, 1.099994, 7.101196)] normal0=(-0.064174, 0.981079, 0.182665) points=6 triangles=4
FAMILY_ROOF_GEOMETRY source=w96665911 aabb=[P: (-331.8245, 7.695, -849.483), S: (9.72345, 1.099994, 7.050598)] normal0=(0.064195, 0.981069, -0.182711) points=4 triangles=2
FAMILY_ROOF_GEOMETRY source=w96215646 aabb=[P: (-278.3344, 8.405, -661.3797), S: (0.381592, 0.000367, 0.030212)] normal0=(-0.078535, 0.091344, 0.992718) points=3 triangles=1
FAMILY_ROOF_GEOMETRY source=w96215646 aabb=[P: (-278.716, 8.405, -661.4099), S: (0.381622, 0.000367, 0.030212)] normal0=(-0.000978, 1.0, -0.000076) points=3 triangles=1
FAMILY_ROOF_GEOMETRY source=w96215646 aabb=[P: (-278.716, 8.405, -661.4099), S: (0.416321, 0.000367, 0.032959)] normal0=(0.078518, 0.091361, -0.992718) points=3 triangles=1
FAMILY_ROOF_GEOMETRY source=w96215646 aabb=[P: (-278.716, 8.405, -661.4096), S: (0.763214, 0.000367, 0.06012)] normal0=(-0.072464, 0.385274, 0.919953) points=3 triangles=1
FAMILY_ROOF_GEOMETRY source=w96215646 aabb=[P: (-271.1329, 8.405, -674.7025), S: (6.168945, 1.149997, 14.28204)] normal0=(0.202546, 0.979142, 0.015991) points=7 triangles=5
FAMILY_ROOF_GEOMETRY source=w96215646 aabb=[P: (-277.0368, 8.405, -675.568), S: (6.167236, 1.149997, 14.2887)] normal0=(-0.20436, 0.978764, -0.016085) points=7 triangles=5
FAMILY_ROOF_GEOMETRY source=w96215646 aabb=[P: (-275.9111, 8.405, -675.57), S: (10.94162, 1.149997, 5.905884)] normal0=(0.016101, 0.978802, -0.204173) points=4 triangles=2
FAMILY_ROOF_GEOMETRY source=w96215646 aabb=[P: (-277.037, 8.405, -666.3209), S: (10.94272, 1.149997, 5.905579)] normal0=(-0.016168, 0.978586, 0.205202) points=5 triangles=3
FAMILY_ROOF_GEOMETRY source=w96215646 aabb=[P: (-273.0963, 8.610164, -659.3782), S: (5.787048, 0.944831, 12.81958)] normal0=(0.178158, 0.983901, 0.014088) points=4 triangles=2
FAMILY_ROOF_GEOMETRY source=w96215646 aabb=[P: (-266.8586, 8.405, -660.4153), S: (0.763916, 0.129039, 0.708435)] normal0=(0.178158, 0.983901, 0.014088) points=3 triangles=1
FAMILY_ROOF_GEOMETRY source=w96215646 aabb=[P: (-279.9028, 8.405, -661.4096), S: (7.000275, 1.149995, 15.07971)] normal0=(-0.178214, 0.983891, -0.014053) points=7 triangles=5
FAMILY_ROOF_GEOMETRY source=w96215646 aabb=[P: (-278.716, 8.405, -661.4096), S: (12.62137, 1.149995, 6.8078)] normal0=(0.014034, 0.983903, -0.178149) points=9 triangles=7
FAMILY_ROOF_GEOMETRY source=w96215646 aabb=[P: (-279.9029, 8.405, -652.1423), S: (11.57474, 1.149995, 6.718384)] normal0=(-0.014052, 0.983895, 0.178193) points=8 triangles=6
FAMILY_ROOF_GEOMETRY source=w96215646 aabb=[P: (-279.903, 8.405, -646.3287), S: (0.470673, 0.001898, 0.037964)] normal0=(-0.004015, 0.999992, -0.000291) points=3 triangles=1
FAMILY_ROOF_GEOMETRY source=w96215646 aabb=[P: (-279.9029, 8.405, -646.3287), S: (0.958649, 0.001898, 0.075562)] normal0=(0.071428, 0.41754, -0.905847) points=3 triangles=1
FAMILY_ROOF_GEOMETRY source=w96215646 aabb=[P: (-273.2894, 8.405, -645.2115), S: (6.136322, 1.149997, 14.30255)] normal0=(0.205598, 0.978502, 0.016246) points=6 triangles=4
FAMILY_ROOF_GEOMETRY source=w96215646 aabb=[P: (-279.156, 8.405, -646.1804), S: (6.145233, 1.149997, 14.41388)] normal0=(-0.205648, 0.978492, -0.016173) points=7 triangles=5
FAMILY_ROOF_GEOMETRY source=w96215646 aabb=[P: (-278.0211, 8.405, -646.1804), S: (10.74664, 1.149997, 5.86731)] normal0=(0.016227, 0.978512, -0.205552) points=5 triangles=3
FAMILY_ROOF_GEOMETRY source=w96215646 aabb=[P: (-279.156, 8.405, -636.7763), S: (10.87698, 1.149997, 5.86731)] normal0=(-0.01625, 0.97843, 0.205938) points=4 triangles=2
FAMILY_ROOF_GEOMETRY source=w96215693 aabb=[P: (-259.7573, 8.895, -569.9622), S: (14.30548, 0.669999, 6.045227)] normal0=(-0.008277, 0.992454, 0.122341) points=6 triangles=4
FAMILY_ROOF_GEOMETRY source=w96215693 aabb=[P: (-259.02, 8.895, -575.7714), S: (14.30237, 0.669999, 6.040466)] normal0=(0.00822, 0.992553, -0.121539) points=8 triangles=6
FAMILY_ROOF_GEOMETRY source=w96215693 aabb=[P: (-250.5269, 8.895, -574.8043), S: (5.813904, 0.669999, 10.88458)] normal0=(0.121389, 0.992571, 0.008236) points=4 triangles=2
FAMILY_ROOF_GEOMETRY source=w96215693 aabb=[P: (-259.7606, 8.895, -575.7717), S: (5.813965, 0.669999, 10.88409)] normal0=(-0.121943, 0.992503, -0.008275) points=8 triangles=6
FAMILY_ROOF_GEOMETRY source=w96215693 aabb=[P: (-259.0476, 8.895, -575.772), S: (0.022949, 0.003553, 0.314392)] normal0=(0.000834, 0.999937, -0.011226) points=3 triangles=1
FAMILY_ROOF_GEOMETRY source=w96215693 aabb=[P: (-259.0673, 8.895, -575.7717), S: (0.042694, 0.003553, 0.631409)] normal0=(0.899683, 0.432276, 0.060891) points=3 triangles=1
FAMILY_ROOF_GEOMETRY source=w96215693 aabb=[P: (-273.5533, 8.895, -576.6071), S: (0.016296, 0.002106, 0.230164)] normal0=(0.00077, 0.999959, -0.009045) points=3 triangles=1
FAMILY_ROOF_GEOMETRY source=w96215693 aabb=[P: (-273.5699, 8.895, -576.6071), S: (0.031433, 0.002106, 0.464844)] normal0=(-0.938326, 0.339881, -0.063443) points=3 triangles=1
FAMILY_ROOF_GEOMETRY source=w96215693 aabb=[P: (-274.3889, 8.895, -569.3411), S: (14.38455, 0.669996, 6.337097)] normal0=(-0.007818, 0.99332, 0.115127) points=6 triangles=4
FAMILY_ROOF_GEOMETRY source=w96215693 aabb=[P: (-273.6134, 8.895, -575.4828), S: (14.50299, 0.669996, 6.344299)] normal0=(0.007801, 0.993325, -0.115087) points=6 triangles=4
FAMILY_ROOF_GEOMETRY source=w96215693 aabb=[P: (-265.2533, 8.895, -574.5032), S: (6.142883, 0.669996, 11.37506)] normal0=(0.115127, 0.99332, 0.007818) points=5 triangles=3
FAMILY_ROOF_GEOMETRY source=w96215693 aabb=[P: (-274.3924, 8.895, -575.4829), S: (6.142639, 0.669996, 11.5033)] normal0=(-0.114913, 0.993345, -0.007748) points=5 triangles=3
FAMILY_ROOF_GEOMETRY source=w96215693 aabb=[P: (-287.624, 9.072434, -570.884), S: (11.66479, 0.492565, 5.110046)] normal0=(-0.007109, 0.994446, 0.105008) points=4 triangles=2
FAMILY_ROOF_GEOMETRY source=w96215693 aabb=[P: (-275.102, 8.895, -564.7374), S: (0.709625, 0.075267, 0.757507)] normal0=(-0.007109, 0.994446, 0.105008) points=3 triangles=1
FAMILY_ROOF_GEOMETRY source=w96215693 aabb=[P: (-288.5493, 8.895, -577.6196), S: (15.00656, 0.669999, 6.896912)] normal0=(0.007125, 0.99445, -0.104973) points=8 triangles=6
FAMILY_ROOF_GEOMETRY source=w96215693 aabb=[P: (-280.281, 8.895, -576.6074), S: (6.742493, 0.669999, 12.62756)] normal0=(0.104679, 0.99448, 0.007141) points=11 triangles=9
FAMILY_ROOF_GEOMETRY source=w96215693 aabb=[P: (-289.294, 8.895, -577.6201), S: (6.627106, 0.669999, 11.06519)] normal0=(-0.089978, 0.995925, -0.006082) points=8 triangles=6
FAMILY_ROOF_GEOMETRY source=w96665916 aabb=[P: (-173.6513, 8.875, -752.8254), S: (7.83844, 0.669999, 13.86621)] normal0=(-0.109054, 0.993632, 0.028321) points=4 triangles=2
FAMILY_ROOF_GEOMETRY source=w96665916 aabb=[P: (-166.4448, 8.970147, -754.7739), S: (6.813736, 0.574852, 12.24487)] normal0=(0.109035, 0.993634, -0.02832) points=7 triangles=5
FAMILY_ROOF_GEOMETRY source=w96665916 aabb=[P: (-170.0431, 8.875, -746.1605), S: (10.62309, 0.669999, 7.205444)] normal0=(0.028282, 0.993646, 0.108937) points=6 triangles=4
FAMILY_ROOF_GEOMETRY source=w96665916 aabb=[P: (-173.6513, 8.875, -755.7986), S: (11.43977, 0.669999, 7.206482)] normal0=(-0.021347, 0.996397, -0.082082) points=5 triangles=3
FAMILY_ROOF_GEOMETRY source=w96665916 aabb=[P: (-176.0856, 8.993962, -766.6594), S: (6.968521, 0.551038, 12.46234)] normal0=(-0.101889, 0.994443, 0.02647) points=5 triangles=3
FAMILY_ROOF_GEOMETRY source=w96665916 aabb=[P: (-173.831, 8.875, -753.6917), S: (0.6884, 0.075188, 0.866028)] normal0=(-0.101889, 0.994443, 0.02647) points=3 triangles=1
FAMILY_ROOF_GEOMETRY source=w96665916 aabb=[P: (-169.7371, 8.875, -770.6354), S: (8.339066, 0.67, 14.62543)] normal0=(0.101871, 0.994445, -0.02647) points=9 triangles=7
FAMILY_ROOF_GEOMETRY source=w96665916 aabb=[P: (-173.6514, 8.875, -760.5444), S: (12.25328, 0.669997, 7.718933)] normal0=(0.025898, 0.994679, 0.099712) points=8 triangles=6
FAMILY_ROOF_GEOMETRY source=w96665916 aabb=[P: (-176.3684, 8.875, -770.6464), S: (11.1577, 0.67, 7.716248)] normal0=(-0.026486, 0.994451, -0.101816) points=8 triangles=6
FAMILY_ROOF_GEOMETRY source=w96665916 aabb=[P: (-166.1285, 8.875, -770.5283), S: (0.45726, 0.001211, 0.11969)] normal0=(0.187933, 0.662851, 0.724782) points=3 triangles=1
FAMILY_ROOF_GEOMETRY source=w96665916 aabb=[P: (-165.6712, 8.875, -770.6481), S: (0.457672, 0.001211, 0.119812)] normal0=(0.00251, 0.999997, -0.000597) points=3 triangles=1
FAMILY_ROOF_GEOMETRY source=w96665916 aabb=[P: (-166.1285, 8.875, -770.6464), S: (0.914932, 0.001211, 0.237793)] normal0=(0.208298, 0.560486, 0.80154) points=3 triangles=1
FAMILY_ROOF_GEOMETRY source=w96665916 aabb=[P: (-165.679, 8.875, -770.6481), S: (0.464996, 0.001211, 0.121826)] normal0=(-0.178465, 0.703319, -0.688108) points=3 triangles=1
FAMILY_ROOF_GEOMETRY source=w96665916 aabb=[P: (-181.244, 8.875, -781.4252), S: (7.547852, 0.67, 13.88312)] normal0=(-0.119072, 0.992406, 0.030871) points=8 triangles=6
FAMILY_ROOF_GEOMETRY source=w96665916 aabb=[P: (-174.5895, 8.875, -784.1688), S: (7.545273, 0.67, 13.99518)] normal0=(0.117948, 0.992548, -0.030593) points=6 triangles=4
FAMILY_ROOF_GEOMETRY source=w96665916 aabb=[P: (-177.5207, 8.875, -774.0813), S: (10.47723, 0.67, 6.51062)] normal0=(0.030423, 0.992508, 0.118332) points=6 triangles=4
FAMILY_ROOF_GEOMETRY source=w96665916 aabb=[P: (-181.2398, 8.875, -784.173), S: (10.55693, 0.67, 6.65448)] normal0=(-0.025157, 0.994983, -0.096826) points=5 triangles=3
FAMILY_ROOF_GEOMETRY source=w96215668 aabb=[P: (-254.8865, 8.355, -847.2394), S: (12.88144, 0.67, 8.908936)] normal0=(0.055449, 0.992408, 0.109785) points=6 triangles=4
FAMILY_ROOF_GEOMETRY source=w96215668 aabb=[P: (-259.767, 8.355, -854.505), S: (12.92596, 0.67, 8.921875)] normal0=(-0.055272, 0.992351, -0.110385) points=6 triangles=4
FAMILY_ROOF_GEOMETRY source=w96215668 aabb=[P: (-249.2276, 8.355, -854.5051), S: (7.20105, 0.67, 9.630981)] normal0=(0.085193, 0.994332, -0.063615) points=5 triangles=3
FAMILY_ROOF_GEOMETRY source=w96215668 aabb=[P: (-259.7656, 8.355, -847.9683), S: (7.261353, 0.67, 9.642151)] normal0=(-0.109792, 0.992403, 0.055523) points=5 triangles=3
FAMILY_ROOF_GEOMETRY source=w96215668 aabb=[P: (-254.1745, 8.355, -836.9047), S: (0.035446, 0.017639, 0.067505)] normal0=(0.103182, 0.973198, 0.205523) points=3 triangles=1
FAMILY_ROOF_GEOMETRY source=w96215668 aabb=[P: (-254.21, 8.355, -836.9707), S: (0.067474, 0.017639, 0.133484)] normal0=(-0.886971, 0.110654, 0.448373) points=3 triangles=1
FAMILY_ROOF_GEOMETRY source=w96215668 aabb=[P: (-271.9273, 8.355, -841.5591), S: (0.180023, 0.026641, 0.336731)] normal0=(-0.032349, 0.997416, -0.064148) points=3 triangles=1
FAMILY_ROOF_GEOMETRY source=w96215668 aabb=[P: (-271.9273, 8.355, -841.5458), S: (0.333771, 0.026641, 0.660278)] normal0=(-0.781094, 0.48373, 0.39484) points=3 triangles=1
FAMILY_ROOF_GEOMETRY source=w96215668 aabb=[P: (-266.3803, 8.355, -839.3942), S: (12.23778, 0.67, 8.700134)] normal0=(0.047865, 0.99435, 0.094742) points=7 triangles=5
FAMILY_ROOF_GEOMETRY source=w96215668 aabb=[P: (-270.5051, 8.452642, -845.9971), S: (10.74683, 0.572357, 7.577515)] normal0=(-0.051841, 0.993377, -0.102543) points=4 triangles=2
FAMILY_ROOF_GEOMETRY source=w96215668 aabb=[P: (-261.9271, 8.355, -847.1787), S: (7.784531, 0.67, 10.34149)] normal0=(0.102518, 0.993382, -0.051785) points=8 triangles=6
FAMILY_ROOF_GEOMETRY source=w96215668 aabb=[P: (-271.2597, 8.355, -840.6039), S: (7.404724, 0.67, 9.872375)] normal0=(-0.102541, 0.993378, 0.051822) points=6 triangles=4
FAMILY_ROOF_GEOMETRY source=w96215668 aabb=[P: (-278.4264, 8.507486, -833.2169), S: (10.19553, 0.517513, 7.245117)] normal0=(0.048375, 0.994232, 0.095725) points=4 triangles=2
FAMILY_ROOF_GEOMETRY source=w96215668 aabb=[P: (-279.0603, 8.355, -824.348), S: (0.212311, 0.024665, 0.306458)] normal0=(0.048373, 0.994235, 0.095687) points=3 triangles=1
FAMILY_ROOF_GEOMETRY source=w96215668 aabb=[P: (-284.6511, 8.355, -841.537), S: (12.7063, 0.67, 9.149902)] normal0=(-0.04836, 0.994225, -0.095799) points=5 triangles=3
FAMILY_ROOF_GEOMETRY source=w96215668 aabb=[P: (-274.6777, 8.355, -841.5458), S: (7.709961, 0.67, 10.44666)] normal0=(0.095744, 0.99423, -0.048376) points=8 triangles=6
FAMILY_ROOF_GEOMETRY source=w96215668 aabb=[P: (-284.6441, 8.355, -835.1217), S: (8.325043, 0.67, 11.08044)] normal0=(-0.097935, 0.99396, 0.049516) points=8 triangles=6
FAMILY_ROOF_GEOMETRY source=w96215668 aabb=[P: (-291.4752, 8.355, -826.582), S: (12.41431, 0.669997, 8.772461)] normal0=(0.052142, 0.993295, 0.10318) points=5 triangles=3
FAMILY_ROOF_GEOMETRY source=w96215668 aabb=[P: (-295.466, 8.460734, -833.0964), S: (10.80945, 0.564262, 7.603821)] normal0=(-0.052161, 0.993294, -0.103182) points=7 triangles=5
FAMILY_ROOF_GEOMETRY source=w96215668 aabb=[P: (-286.7964, 8.355, -834.3175), S: (7.735443, 0.669997, 10.27625)] normal0=(0.103116, 0.993306, -0.052066) points=5 triangles=3
FAMILY_ROOF_GEOMETRY source=w96215668 aabb=[P: (-296.2581, 8.355, -827.6324), S: (7.306488, 0.669997, 9.840332)] normal0=(-0.103184, 0.993293, 0.052179) points=6 triangles=4
FAMILY_ROOF_GEOMETRY source=w96665893 aabb=[P: (-222.9298, 8.625, -570.1088), S: (15.31078, 0.67, 6.21936)] normal0=(0.005973, 0.993235, 0.115967) points=4 triangles=2
FAMILY_ROOF_GEOMETRY source=w96665893 aabb=[P: (-223.5197, 8.625, -576.128), S: (15.31555, 0.67, 6.218689)] normal0=(-0.00599, 0.993239, -0.115932) points=7 triangles=5
FAMILY_ROOF_GEOMETRY source=w96665893 aabb=[P: (-213.6329, 8.625, -576.128), S: (6.01796, 0.67, 11.44324)] normal0=(0.115457, 0.993295, -0.005936) points=6 triangles=4
FAMILY_ROOF_GEOMETRY source=w96665893 aabb=[P: (-223.5203, 8.625, -575.3381), S: (6.019806, 0.67, 11.44867)] normal0=(-0.116009, 0.99323, 0.006007) points=7 triangles=5
FAMILY_ROOF_GEOMETRY source=w96665893 aabb=[P: (-223.521, 8.625, -575.338), S: (0.019562, 0.000652, 0.372009)] normal0=(0.0, 0.999999, -0.001727) points=3 triangles=1
FAMILY_ROOF_GEOMETRY source=w96665893 aabb=[P: (-223.5203, 8.625, -575.338), S: (0.038757, 0.000652, 0.751465)] normal0=(0.876151, 0.479918, -0.045135) points=3 triangles=1
FAMILY_ROOF_GEOMETRY source=w96665893 aabb=[P: (-237.6521, 8.625, -567.6841), S: (14.69312, 0.67, 6.317078)] normal0=(0.005824, 0.993536, 0.11337) points=7 triangles=5
FAMILY_ROOF_GEOMETRY source=w96665893 aabb=[P: (-238.259, 8.625, -573.8346), S: (14.80914, 0.67, 6.310608)] normal0=(-0.005875, 0.993535, -0.113376) points=8 triangles=6
FAMILY_ROOF_GEOMETRY source=w96665893 aabb=[P: (-228.997, 8.625, -573.835), S: (6.067261, 0.67, 11.5907)] normal0=(0.113422, 0.99353, -0.00579) points=6 triangles=4
FAMILY_ROOF_GEOMETRY source=w96665893 aabb=[P: (-238.259, 8.625, -573.0779), S: (6.15802, 0.67, 11.7088)] normal0=(-0.113374, 0.993535, 0.005858) points=4 triangles=2
FAMILY_ROOF_GEOMETRY source=w96215698 aabb=[P: (-321.125, 9.045, -649.0114), S: (6.495697, 0.669996, 14.29547)] normal0=(-0.112484, 0.99362, -0.00811) points=7 triangles=5
FAMILY_ROOF_GEOMETRY source=w96215698 aabb=[P: (-314.8105, 9.139506, -647.3906), S: (5.60257, 0.57549, 12.63086)] normal0=(0.112428, 0.993627, 0.00811) points=7 triangles=5
FAMILY_ROOF_GEOMETRY source=w96215698 aabb=[P: (-321.1231, 9.045, -640.1806), S: (11.0054, 0.669996, 6.254578)] normal0=(-0.00811, 0.993627, 0.112428) points=5 triangles=3
FAMILY_ROOF_GEOMETRY source=w96215698 aabb=[P: (-320.0952, 9.045, -649.012), S: (11.78052, 0.669996, 6.314575)] normal0=(0.008127, 0.993622, -0.112467) points=6 triangles=4
FAMILY_ROOF_GEOMETRY source=w96215698 aabb=[P: (-318.8882, 9.164452, -662.8906), S: (5.739563, 0.550549, 12.83386)] normal0=(-0.104998, 0.994444, -0.007551) points=4 triangles=2
FAMILY_ROOF_GEOMETRY source=w96215698 aabb=[P: (-320.0952, 9.045, -649.722), S: (0.763245, 0.075538, 0.710022)] normal0=(-0.106576, 0.994178, 0.015863) points=4 triangles=2
FAMILY_ROOF_GEOMETRY source=w96215698 aabb=[P: (-313.3256, 9.045, -663.1899), S: (6.946503, 0.67, 15.08173)] normal0=(0.104946, 0.994449, 0.007584) points=7 triangles=5
FAMILY_ROOF_GEOMETRY source=w96215698 aabb=[P: (-320.0952, 9.045, -654.8723), S: (12.62515, 0.67, 6.764282)] normal0=(-0.007584, 0.994453, 0.104909) points=8 triangles=6
FAMILY_ROOF_GEOMETRY source=w96215698 aabb=[P: (-317.9627, 9.045, -664.018), S: (11.58365, 0.67, 6.688416)] normal0=(0.007567, 0.994457, -0.104871) points=7 triangles=5
FAMILY_ROOF_GEOMETRY source=w96215698 aabb=[P: (-306.8382, 9.045, -663.2235), S: (0.459198, 0.00069, 0.03363)] normal0=(0.001482, 0.999999, 0.000107) points=3 triangles=1
FAMILY_ROOF_GEOMETRY source=w96215698 aabb=[P: (-307.3245, 9.045, -663.2579), S: (0.945404, 0.00069, 0.068054)] normal0=(-0.055073, 0.642023, 0.764704) points=3 triangles=1
FAMILY_ROOF_GEOMETRY source=w96215698 aabb=[P: (-319.138, 9.045, -678.5418), S: (6.076813, 0.67, 14.31281)] normal0=(-0.121621, 0.992538, -0.008756) points=7 triangles=5
FAMILY_ROOF_GEOMETRY source=w96215698 aabb=[P: (-313.317, 9.045, -677.7525), S: (6.085022, 0.67, 14.4256)] normal0=(0.121825, 0.99251, 0.009034) points=8 triangles=6
FAMILY_ROOF_GEOMETRY source=w96215698 aabb=[P: (-319.0099, 9.045, -669.1572), S: (10.74011, 0.669996, 5.831177)] normal0=(-0.008617, 0.992553, 0.12151) points=6 triangles=4
FAMILY_ROOF_GEOMETRY source=w96215698 aabb=[P: (-318.109, 9.045, -678.542), S: (10.87177, 0.67, 5.831238)] normal0=(0.00885, 0.992393, -0.122789) points=5 triangles=3
FAMILY_ROOF_GEOMETRY source=w96665908 aabb=[P: (-525.5779, 8.67608, -671.9448), S: (8.216431, 0.448917, 6.698853)] normal0=(0.13136, 0.972522, -0.192214) points=5 triangles=3
FAMILY_ROOF_GEOMETRY source=w96665908 aabb=[P: (-528.4225, 8.455, -670.4559), S: (0.722046, 0.056217, 0.429871)] normal0=(-0.060605, 0.994203, 0.088805) points=3 triangles=1
FAMILY_ROOF_GEOMETRY source=w96665908 aabb=[P: (-521.4372, 8.455, -680.5537), S: (11.59317, 0.669997, 9.53833)] normal0=(0.060622, 0.994206, -0.088769) points=7 triangles=5
FAMILY_ROOF_GEOMETRY source=w96665908 aabb=[P: (-518.4504, 8.455, -672.6395), S: (8.604675, 0.669997, 8.546448)] normal0=(0.108247, 0.991373, 0.073901) points=6 triangles=4
FAMILY_ROOF_GEOMETRY source=w96665908 aabb=[P: (-528.4229, 8.455, -680.5544), S: (8.610535, 0.669997, 10.2348)] normal0=(-0.089777, 0.994077, -0.061243) points=11 triangles=9
FAMILY_ROOF_GEOMETRY source=w96665908 aabb=[P: (-521.6298, 8.455, -680.557), S: (0.191528, 0.004468, 0.279175)] normal0=(0.007459, 0.999912, -0.010955) points=3 triangles=1
FAMILY_ROOF_GEOMETRY source=w96665908 aabb=[P: (-521.8201, 8.455, -680.5544), S: (0.381775, 0.004468, 0.559448)] normal0=(0.735462, 0.455141, 0.501939) points=3 triangles=1
FAMILY_ROOF_GEOMETRY source=w96665908 aabb=[P: (-540.365, 8.455, -679.9269), S: (11.94214, 0.67, 9.607056)] normal0=(-0.067928, 0.992712, 0.099545) points=6 triangles=4
FAMILY_ROOF_GEOMETRY source=w96665908 aabb=[P: (-534.153, 8.455, -687.593), S: (11.94794, 0.67, 9.602051)] normal0=(0.067982, 0.992711, -0.099512) points=6 triangles=4
FAMILY_ROOF_GEOMETRY source=w96665908 aabb=[P: (-529.8707, 8.455, -679.4378), S: (7.668884, 0.67, 9.117981)] normal0=(0.10008, 0.99263, 0.068332) points=4 triangles=2
FAMILY_ROOF_GEOMETRY source=w96665908 aabb=[P: (-540.373, 8.455, -687.5858), S: (7.665649, 0.67, 9.104248)] normal0=(-0.099443, 0.992728, -0.067847) points=4 triangles=2
FAMILY_ROOF_GEOMETRY source=w96698619 aabb=[P: (-91.282, 9.145, -548.1183), S: (12.76913, 0.669999, 8.898071)] normal0=(-0.052789, 0.993247, -0.103316) points=5 triangles=3
FAMILY_ROOF_GEOMETRY source=w96698619 aabb=[P: (-86.31454, 9.145, -540.7789), S: (12.76854, 0.669999, 8.89978)] normal0=(0.0577, 0.993144, 0.101666) points=6 triangles=4
FAMILY_ROOF_GEOMETRY source=w96698619 aabb=[P: (-91.282, 9.145, -541.597), S: (7.342743, 0.669999, 9.714905)] normal0=(-0.108549, 0.992544, 0.055431) points=3 triangles=1
FAMILY_ROOF_GEOMETRY source=w96698619 aabb=[P: (-80.88858, 9.145, -548.1194), S: (7.342484, 0.669999, 9.717285)] normal0=(0.108125, 0.992602, -0.055227) points=5 triangles=3
FAMILY_ROOF_GEOMETRY source=w96698619 aabb=[P: (-79.261, 9.145, -556.4218), S: (12.83339, 0.669999, 9.27002)] normal0=(-0.049724, 0.994018, -0.097236) points=5 triangles=3
FAMILY_ROOF_GEOMETRY source=w96698619 aabb=[P: (-73.53555, 9.217776, -548.2173), S: (11.76547, 0.597223, 8.377686)] normal0=(0.049672, 0.994014, 0.097307) points=7 triangles=5
FAMILY_ROOF_GEOMETRY source=w96698619 aabb=[P: (-79.20834, 9.145, -549.7542), S: (8.039673, 0.669999, 10.80695)] normal0=(-0.097269, 0.994018, 0.04967) points=7 triangles=5
FAMILY_ROOF_GEOMETRY source=w96698619 aabb=[P: (-69.08334, 9.145, -556.4218), S: (8.15921, 0.669999, 10.77155)] normal0=(0.096815, 0.994074, -0.049434) points=5 triangles=3
FAMILY_ROOF_GEOMETRY source=w96698619 aabb=[P: (-64.15895, 9.323438, -561.0012), S: (10.40012, 0.491562, 7.336487)] normal0=(-0.047914, 0.994447, -0.093696) points=5 triangles=3
FAMILY_ROOF_GEOMETRY source=w96698619 aabb=[P: (-66.42729, 9.145, -556.748), S: (0.961639, 0.075671, 0.637268)] normal0=(-0.04788, 0.994446, -0.093731) points=3 triangles=1
FAMILY_ROOF_GEOMETRY source=w96698619 aabb=[P: (-60.66505, 9.145, -554.7515), S: (13.40204, 0.669999, 9.603455)] normal0=(0.047861, 0.994447, 0.093729) points=5 triangles=3
FAMILY_ROOF_GEOMETRY source=w96698619 aabb=[P: (-66.42761, 9.145, -556.422), S: (8.518646, 0.669999, 11.27197)] normal0=(-0.093029, 0.994528, 0.047545) points=8 triangles=6
FAMILY_ROOF_GEOMETRY source=w96698619 aabb=[P: (-55.78183, 9.145, -561.768), S: (8.518814, 0.669999, 9.773987)] normal0=(0.093711, 0.994448, -0.047861) points=5 triangles=3
FAMILY_ROOF_GEOMETRY source=w96698643 aabb=[P: (-114.821, 9.265, -672.7958), S: (12.63957, 0.669996, 9.183105)] normal0=(-0.055712, 0.993043, -0.103739) points=6 triangles=4
FAMILY_ROOF_GEOMETRY source=w96698643 aabb=[P: (-108.9094, 9.360211, -664.7996), S: (11.16292, 0.574785, 8.047729)] normal0=(0.053077, 0.993632, 0.099386) points=4 triangles=2
FAMILY_ROOF_GEOMETRY source=w96698643 aabb=[P: (-114.8187, 9.265, -666.0367), S: (7.990707, 0.669996, 9.680725)] normal0=(-0.099386, 0.993632, 0.053077) points=5 triangles=3
FAMILY_ROOF_GEOMETRY source=w96698643 aabb=[P: (-104.6072, 9.265, -672.7961), S: (7.997253, 0.669996, 10.42267)] normal0=(0.095083, 0.994175, -0.050742) points=6 triangles=4
FAMILY_ROOF_GEOMETRY source=w96698643 aabb=[P: (-100.648, 9.38443, -678.4012), S: (11.34758, 0.55057, 8.203369)] normal0=(-0.049651, 0.994443, -0.092831) points=6 triangles=4
FAMILY_ROOF_GEOMETRY source=w96698643 aabb=[P: (-102.1807, 9.265, -673.132), S: (0.958984, 0.075017, 0.62677)] normal0=(-0.049651, 0.994443, -0.092831) points=3 triangles=1
FAMILY_ROOF_GEOMETRY source=w96698643 aabb=[P: (-96.21411, 9.265, -671.3631), S: (13.33565, 0.67, 9.730103)] normal0=(0.049598, 0.994443, 0.092864) points=6 triangles=4
FAMILY_ROOF_GEOMETRY source=w96698643 aabb=[P: (-102.1807, 9.265, -672.7961), S: (8.564896, 0.67, 11.16302)] normal0=(-0.092864, 0.994443, 0.049598) points=7 triangles=5
FAMILY_ROOF_GEOMETRY source=w96698643 aabb=[P: (-91.43561, 9.265, -678.9335), S: (8.560623, 0.67, 10.16638)] normal0=(0.092808, 0.994448, -0.049596) points=6 triangles=4
FAMILY_ROOF_GEOMETRY source=w96698643 aabb=[P: (-88.80199, 9.265, -686.88), S: (12.64638, 0.669996, 9.250061)] normal0=(-0.053082, 0.993662, -0.099083) points=7 triangles=5
FAMILY_ROOF_GEOMETRY source=w96698643 aabb=[P: (-82.93416, 9.371461, -678.8585), S: (11.08435, 0.563536, 7.976685)] normal0=(0.052917, 0.993673, 0.099068) points=5 triangles=3
FAMILY_ROOF_GEOMETRY source=w96698643 aabb=[P: (-88.75081, 9.265, -680.0156), S: (7.863831, 0.669996, 10.40857)] normal0=(-0.101102, 0.99341, 0.053995) points=8 triangles=6
FAMILY_ROOF_GEOMETRY source=w96698643 aabb=[P: (-78.58833, 9.265, -686.8774), S: (7.575348, 0.669996, 10.06323)] normal0=(0.099049, 0.993675, -0.052916) points=4 triangles=2
FAMILY_ROOF_GEOMETRY source=w96698648 aabb=[P: (-75.81288, 9.165, -578.1616), S: (8.935425, 0.67, 12.73059)] normal0=(-0.108192, 0.992545, 0.056117) points=7 triangles=5
FAMILY_ROOF_GEOMETRY source=w96698648 aabb=[P: (-68.45631, 9.165, -583.1853), S: (8.935257, 0.67, 12.73419)] normal0=(0.108204, 0.992548, -0.056044) points=7 triangles=5
FAMILY_ROOF_GEOMETRY source=w96698648 aabb=[P: (-69.20857, 9.165, -572.7838), S: (9.687576, 0.67, 7.351501)] normal0=(0.055032, 0.992816, 0.106243) points=5 triangles=3
FAMILY_ROOF_GEOMETRY source=w96698648 aabb=[P: (-75.81288, 9.165, -583.1854), S: (9.689255, 0.67, 7.356506)] normal0=(-0.057558, 0.992161, -0.110919) points=7 triangles=5
FAMILY_ROOF_GEOMETRY source=w96698648 aabb=[P: (-66.6915, 9.165, -583.0385), S: (0.283768, 0.000639, 0.147461)] normal0=(0.420116, 0.408462, 0.810347) points=3 triangles=1
FAMILY_ROOF_GEOMETRY source=w96698648 aabb=[P: (-66.40773, 9.165, -583.186), S: (0.284042, 0.000639, 0.147522)] normal0=(0.001805, 0.999998, -0.000872) points=3 triangles=1
FAMILY_ROOF_GEOMETRY source=w96698648 aabb=[P: (-66.6915, 9.165, -583.1854), S: (0.56781, 0.000639, 0.294373)] normal0=(0.414833, 0.433091, 0.800216) points=3 triangles=1
FAMILY_ROOF_GEOMETRY source=w96698648 aabb=[P: (-66.42009, 9.165, -583.186), S: (0.296097, 0.000639, 0.153931)] normal0=(-0.402655, 0.484608, -0.776546) points=3 triangles=1
FAMILY_ROOF_GEOMETRY source=w96698648 aabb=[P: (-84.17905, 9.165, -590.1936), S: (9.271408, 0.67, 12.79559)] normal0=(-0.097814, 0.993912, 0.050711) points=6 triangles=4
FAMILY_ROOF_GEOMETRY source=w96698648 aabb=[P: (-76.03297, 9.227509, -594.9977), S: (8.513992, 0.607491, 11.90051)] normal0=(0.097829, 0.993912, -0.050675) points=4 triangles=2
FAMILY_ROOF_GEOMETRY source=w96698648 aabb=[P: (-77.44029, 9.165, -585.4401), S: (10.18097, 0.67, 7.987)] normal0=(0.050711, 0.993912, 0.097814) points=6 triangles=4
FAMILY_ROOF_GEOMETRY source=w96698648 aabb=[P: (-84.18002, 9.165, -595.7595), S: (10.73103, 0.67, 8.148987)] normal0=(-0.04978, 0.99414, -0.09596) points=6 triangles=4
FAMILY_ROOF_GEOMETRY source=w96698648 aabb=[P: (-88.85037, 9.34217, -602.8411), S: (7.374664, 0.49283, 10.39038)] normal0=(-0.093518, 0.994437, 0.048467) points=4 triangles=2
FAMILY_ROOF_GEOMETRY source=w96698648 aabb=[P: (-84.51102, 9.165, -591.1637), S: (0.638, 0.076061, 0.96814)] normal0=(-0.093518, 0.994437, 0.048467) points=3 triangles=1
FAMILY_ROOF_GEOMETRY source=w96698648 aabb=[P: (-82.57941, 9.165, -609.3781), S: (9.631409, 0.67, 13.35779)] normal0=(0.0935, 0.994439, -0.048466) points=7 triangles=5
FAMILY_ROOF_GEOMETRY source=w96698648 aabb=[P: (-84.18002, 9.165, -598.7239), S: (11.23068, 0.67, 8.528381)] normal0=(0.048467, 0.994437, 0.093518) points=7 triangles=5
FAMILY_ROOF_GEOMETRY source=w96698648 aabb=[P: (-89.62003, 9.165, -609.38), S: (9.744019, 0.67, 8.527405)] normal0=(-0.048485, 0.994436, -0.09352) points=6 triangles=4
VISUAL_SETTLED: id=w96215693 spawn_y=5.737 settled_y=2.737 ground_y=2.737 clearance=0.000 frames=125 recovery_delta=0
VISUAL_CAPTURE: id=w96215693-INSTALLED region=w96215693 player=(-270.000,2.737,-590.000) camera=(-271.340,4.413,-595.324) grounded=true clearance=0.000 image=/Volumes/Macintosh_HD/Users/user302070/code/treasure-island-housing-expansion/evidence/housing-family-experiment/expansion-final-integration-002/images/w96215693-INSTALLED.png sha256=920900d44a6f7813c35e3da1f5979f8347f618c2d7cba04d5b5de3880571a37d colors=226 luminance_range=0.617
VISUAL_SETTLED: id=w96665916 spawn_y=6.103 settled_y=3.103 ground_y=3.103 clearance=0.000 frames=126 recovery_delta=0
VISUAL_CAPTURE: id=w96665916-INSTALLED region=w96665916 player=(-153.748,3.103,-770.771) camera=(-149.289,4.896,-773.984) grounded=true clearance=0.000 image=/Volumes/Macintosh_HD/Users/user302070/code/treasure-island-housing-expansion/evidence/housing-family-experiment/expansion-final-integration-002/images/w96665916-INSTALLED.png sha256=70335b8854529863509c25ea91681379c298dda428f2db219a37a6ab4cb6fe0a colors=212 luminance_range=0.644
VISUAL_SETTLED: id=w96215668 spawn_y=5.606 settled_y=2.605 ground_y=2.606 clearance=-0.000 frames=126 recovery_delta=0
VISUAL_CAPTURE: id=w96215668-INSTALLED region=w96215668 player=(-290.578,2.605,-846.512) camera=(-295.837,4.329,-848.099) grounded=true clearance=-0.000 image=/Volumes/Macintosh_HD/Users/user302070/code/treasure-island-housing-expansion/evidence/housing-family-experiment/expansion-final-integration-002/images/w96215668-INSTALLED.png sha256=b454661f39b41b1a2ea984818b65a48fedc6d44b2cdaf8adf1bd168f4bacceb9 colors=199 luminance_range=0.621
VISUAL_SETTLED: id=w96665893 spawn_y=5.632 settled_y=2.632 ground_y=2.632 clearance=0.000 frames=126 recovery_delta=0
VISUAL_CAPTURE: id=w96665893-INSTALLED region=w96665893 player=(-228.929,2.632,-590.978) camera=(-230.698,4.357,-596.179) grounded=true clearance=0.000 image=/Volumes/Macintosh_HD/Users/user302070/code/treasure-island-housing-expansion/evidence/housing-family-experiment/expansion-final-integration-002/images/w96665893-INSTALLED.png sha256=a74bbb6f9b99ee2f89c8cb9dd486c410b82461fdf2e6712104c10451615233aa colors=285 luminance_range=0.775
VISUAL_SETTLED: id=w96215698 spawn_y=5.926 settled_y=2.926 ground_y=2.926 clearance=0.000 frames=126 recovery_delta=0
VISUAL_CAPTURE: id=w96215698-INSTALLED region=w96215698 player=(-294.887,2.926,-652.037) camera=(-289.596,4.696,-650.551) grounded=true clearance=0.000 image=/Volumes/Macintosh_HD/Users/user302070/code/treasure-island-housing-expansion/evidence/housing-family-experiment/expansion-final-integration-002/images/w96215698-INSTALLED.png sha256=67e8e3b6322890ebbdeb732ba2aa30cc6538b39adbe46217c44440e496d639e3 colors=192 luminance_range=0.600
VISUAL_SETTLED: id=w96665908 spawn_y=5.290 settled_y=2.290 ground_y=2.290 clearance=0.000 frames=126 recovery_delta=0
VISUAL_CAPTURE: id=w96665908-INSTALLED region=w96665908 player=(-514.785,2.290,-694.973) camera=(-512.422,3.889,-699.923) grounded=true clearance=0.000 image=/Volumes/Macintosh_HD/Users/user302070/code/treasure-island-housing-expansion/evidence/housing-family-experiment/expansion-final-integration-002/images/w96665908-INSTALLED.png sha256=ec898895a2c7a8c9ba0891d580e5565340a5fc9dc75e59de973714951ce493d4 colors=219 luminance_range=0.636
VISUAL_SETTLED: id=w96698619 spawn_y=6.026 settled_y=3.026 ground_y=3.026 clearance=0.000 frames=126 recovery_delta=0
VISUAL_CAPTURE: id=w96698619-INSTALLED region=w96698619 player=(-56.760,3.026,-533.148) camera=(-52.607,4.837,-529.547) grounded=true clearance=0.000 image=/Volumes/Macintosh_HD/Users/user302070/code/treasure-island-housing-expansion/evidence/housing-family-experiment/expansion-final-integration-002/images/w96698619-INSTALLED.png sha256=45ba3e7b1d9d5cac1c8cd5b259c15dbeddbc80637b68bcd53650ce413e0a9b0b colors=244 luminance_range=0.732
VISUAL_SETTLED: id=w96698643 spawn_y=5.795 settled_y=2.795 ground_y=2.795 clearance=0.000 frames=126 recovery_delta=0
VISUAL_CAPTURE: id=w96698643-INSTALLED region=w96698643 player=(-94.095,2.795,-642.519) camera=(-95.011,4.634,-637.099) grounded=true clearance=0.000 image=/Volumes/Macintosh_HD/Users/user302070/code/treasure-island-housing-expansion/evidence/housing-family-experiment/expansion-final-integration-002/images/w96698643-INSTALLED.png sha256=97304f310458f77cc652e609a7234dffddd3506dca82ad6524e42f2ac53b33e5 colors=211 luminance_range=0.602
VISUAL_SETTLED: id=w96698648 spawn_y=6.187 settled_y=3.187 ground_y=3.187 clearance=0.000 frames=126 recovery_delta=0
VISUAL_CAPTURE: id=w96698648-INSTALLED region=w96698648 player=(-55.309,3.187,-593.272) camera=(-49.982,5.073,-594.636) grounded=true clearance=0.000 image=/Volumes/Macintosh_HD/Users/user302070/code/treasure-island-housing-expansion/evidence/housing-family-experiment/expansion-final-integration-002/images/w96698648-INSTALLED.png sha256=4a7ea5c7b8f3a1f42aac236a854ea7dd92f3e498083789da8dbaffed03da9f6b colors=218 luminance_range=0.614
FAMILY_LIVE_FIT source=w96215678 bodies=4 mesh_contact_samples=0 tiny_meshes_not_ray_proved=0 grade_occluded_meshes=0 failures=0 mesh_inventory=969 reused_contact_run=
FAMILY_GRADE_OCCLUDED_CONTACT source=w96665908 mesh=386 sampled_max_clearance=-0.03881277789969 scope=retained_geometry_no_stable_exposed_probe
FAMILY_GRADE_OCCLUDED_CONTACT source=w96665908 mesh=399 sampled_max_clearance=-0.03044980005143 scope=retained_geometry_no_stable_exposed_probe
FAMILY_GRADE_OCCLUDED_CONTACT source=w96665908 mesh=404 sampled_max_clearance=-0.02626618820887 scope=retained_geometry_no_stable_exposed_probe
FAMILY_GRADE_OCCLUDED_CONTACT source=w96665908 mesh=417 sampled_max_clearance=-0.02261337638174 scope=retained_geometry_no_stable_exposed_probe
FAMILY_GRADE_OCCLUDED_CONTACT source=w96665908 mesh=429 sampled_max_clearance=-0.01811960673876 scope=retained_geometry_no_stable_exposed_probe
FAMILY_GRADE_OCCLUDED_CONTACT source=w96665908 mesh=438 sampled_max_clearance=-0.01500885586438 scope=retained_geometry_no_stable_exposed_probe
FAMILY_GRADE_OCCLUDED_CONTACT source=w96665908 mesh=730 sampled_max_clearance=-0.0216310455171 scope=retained_geometry_no_stable_exposed_probe
FAMILY_GRADE_OCCLUDED_CONTACT source=w96665908 mesh=736 sampled_max_clearance=-0.02401346124589 scope=retained_geometry_no_stable_exposed_probe
FAMILY_LIVE_FIT source=w96665908 bodies=4 mesh_contact_samples=1059 tiny_meshes_not_ray_proved=0 grade_occluded_meshes=8 failures=0 mesh_inventory=1067 reused_contact_run=
FAMILY_LIVE_FIT source=w96215653 bodies=4 mesh_contact_samples=0 tiny_meshes_not_ray_proved=0 grade_occluded_meshes=0 failures=0 mesh_inventory=1185 reused_contact_run=
FAMILY_LIVE_FIT source=w96215659 bodies=4 mesh_contact_samples=0 tiny_meshes_not_ray_proved=0 grade_occluded_meshes=0 failures=0 mesh_inventory=1163 reused_contact_run=
FAMILY_GRADE_OCCLUDED_CONTACT source=w96215668 mesh=712 sampled_max_clearance=0.00021776602898 scope=retained_geometry_no_stable_exposed_probe
FAMILY_GRADE_OCCLUDED_CONTACT source=w96215668 mesh=716 sampled_max_clearance=-0.00051514595725 scope=retained_geometry_no_stable_exposed_probe
FAMILY_GRADE_OCCLUDED_CONTACT source=w96215668 mesh=730 sampled_max_clearance=-0.00392456559348 scope=retained_geometry_no_stable_exposed_probe
FAMILY_GRADE_OCCLUDED_CONTACT source=w96215668 mesh=740 sampled_max_clearance=-0.00774005589255 scope=retained_geometry_no_stable_exposed_probe
FAMILY_GRADE_OCCLUDED_CONTACT source=w96215668 mesh=754 sampled_max_clearance=-0.00983425388813 scope=retained_geometry_no_stable_exposed_probe
FAMILY_GRADE_OCCLUDED_CONTACT source=w96215668 mesh=962 sampled_max_clearance=-0.00123612252492 scope=retained_geometry_no_stable_exposed_probe
FAMILY_GRADE_OCCLUDED_CONTACT source=w96215668 mesh=966 sampled_max_clearance=-0.0017978442711 scope=retained_geometry_no_stable_exposed_probe
FAMILY_GRADE_OCCLUDED_CONTACT source=w96215668 mesh=980 sampled_max_clearance=-0.00547442621291 scope=retained_geometry_no_stable_exposed_probe
FAMILY_GRADE_OCCLUDED_CONTACT source=w96215668 mesh=990 sampled_max_clearance=-0.00929712439211 scope=retained_geometry_no_stable_exposed_probe
FAMILY_GRADE_OCCLUDED_CONTACT source=w96215668 mesh=1004 sampled_max_clearance=-0.01141295172647 scope=retained_geometry_no_stable_exposed_probe
FAMILY_LIVE_FIT source=w96215668 bodies=4 mesh_contact_samples=1360 tiny_meshes_not_ray_proved=0 grade_occluded_meshes=10 failures=0 mesh_inventory=1370 reused_contact_run=
FAMILY_LIVE_FIT source=w96665911 bodies=4 mesh_contact_samples=0 tiny_meshes_not_ray_proved=0 grade_occluded_meshes=0 failures=0 mesh_inventory=659 reused_contact_run=
FAMILY_LIVE_FIT source=w96215646 bodies=4 mesh_contact_samples=0 tiny_meshes_not_ray_proved=0 grade_occluded_meshes=0 failures=0 mesh_inventory=1007 reused_contact_run=
FAMILY_LIVE_FIT source=w96215651 bodies=4 mesh_contact_samples=0 tiny_meshes_not_ray_proved=0 grade_occluded_meshes=0 failures=0 mesh_inventory=1107 reused_contact_run=
FAMILY_LIVE_FIT source=w96215652 bodies=4 mesh_contact_samples=0 tiny_meshes_not_ray_proved=0 grade_occluded_meshes=0 failures=0 mesh_inventory=1749 reused_contact_run=
FAMILY_LIVE_FIT source=w96215656 bodies=4 mesh_contact_samples=0 tiny_meshes_not_ray_proved=0 grade_occluded_meshes=0 failures=0 mesh_inventory=1319 reused_contact_run=
FAMILY_LIVE_FIT source=w96215661 bodies=4 mesh_contact_samples=0 tiny_meshes_not_ray_proved=0 grade_occluded_meshes=0 failures=0 mesh_inventory=1364 reused_contact_run=
FAMILY_LIVE_FIT source=w96215666 bodies=4 mesh_contact_samples=0 tiny_meshes_not_ray_proved=0 grade_occluded_meshes=0 failures=0 mesh_inventory=1142 reused_contact_run=
FAMILY_LIVE_FIT source=w96215672 bodies=4 mesh_contact_samples=0 tiny_meshes_not_ray_proved=0 grade_occluded_meshes=0 failures=0 mesh_inventory=1248 reused_contact_run=
FAMILY_LIVE_FIT source=w96215673 bodies=2 mesh_contact_samples=0 tiny_meshes_not_ray_proved=0 grade_occluded_meshes=0 failures=0 mesh_inventory=562 reused_contact_run=
FAMILY_LIVE_FIT source=w96215677 bodies=4 mesh_contact_samples=0 tiny_meshes_not_ray_proved=0 grade_occluded_meshes=0 failures=0 mesh_inventory=1136 reused_contact_run=
FAMILY_LIVE_FIT source=w96215680 bodies=4 mesh_contact_samples=0 tiny_meshes_not_ray_proved=0 grade_occluded_meshes=0 failures=0 mesh_inventory=1121 reused_contact_run=
FAMILY_LIVE_FIT source=w96215682 bodies=4 mesh_contact_samples=0 tiny_meshes_not_ray_proved=0 grade_occluded_meshes=0 failures=0 mesh_inventory=674 reused_contact_run=
FAMILY_LIVE_FIT source=w96215685 bodies=4 mesh_contact_samples=0 tiny_meshes_not_ray_proved=0 grade_occluded_meshes=0 failures=0 mesh_inventory=722 reused_contact_run=
FAMILY_LIVE_FIT source=w96215691 bodies=4 mesh_contact_samples=0 tiny_meshes_not_ray_proved=0 grade_occluded_meshes=0 failures=0 mesh_inventory=1084 reused_contact_run=
FAMILY_TINY_CONTACT_UNRESOLVED source=w96215693 mesh=667 max_triangle_area=0.00006103099076
FAMILY_TINY_CONTACT_UNRESOLVED source=w96215693 mesh=691 max_triangle_area=0.00009275717457
FAMILY_TINY_CONTACT_UNRESOLVED source=w96215693 mesh=693 max_triangle_area=0.00009275717457
FAMILY_TINY_CONTACT_UNRESOLVED source=w96215693 mesh=710 max_triangle_area=0.00003815004675
FAMILY_TINY_CONTACT_UNRESOLVED source=w96215693 mesh=712 max_triangle_area=0.00001907786464
FAMILY_TINY_CONTACT_UNRESOLVED source=w96215693 mesh=714 max_triangle_area=0.00001907786464
FAMILY_TINY_CONTACT_UNRESOLVED source=w96215693 mesh=716 max_triangle_area=0.00003814436059
FAMILY_TINY_CONTACT_UNRESOLVED source=w96215693 mesh=728 max_triangle_area=0.0000781823037
FAMILY_TINY_CONTACT_UNRESOLVED source=w96215693 mesh=730 max_triangle_area=0.00003909697989
FAMILY_TINY_CONTACT_UNRESOLVED source=w96215693 mesh=732 max_triangle_area=0.00007817065489
FAMILY_TINY_CONTACT_UNRESOLVED source=w96215693 mesh=832 max_triangle_area=0.00002722502541
FAMILY_TINY_CONTACT_UNRESOLVED source=w96215693 mesh=875 max_triangle_area=0.00004528369391
FAMILY_TINY_CONTACT_UNRESOLVED source=w96215693 mesh=877 max_triangle_area=0.00002263584793
FAMILY_TINY_CONTACT_UNRESOLVED source=w96215693 mesh=879 max_triangle_area=0.00002263584793
FAMILY_TINY_CONTACT_UNRESOLVED source=w96215693 mesh=881 max_triangle_area=0.00004528369391
FAMILY_TINY_CONTACT_UNRESOLVED source=w96215693 mesh=893 max_triangle_area=0.00009020745347
FAMILY_TINY_CONTACT_UNRESOLVED source=w96215693 mesh=895 max_triangle_area=0.00004509177961
FAMILY_TINY_CONTACT_UNRESOLVED source=w96215693 mesh=897 max_triangle_area=0.00009020745347
FAMILY_TINY_CONTACT_UNRESOLVED source=w96215693 mesh=968 max_triangle_area=0.00009396919631
FAMILY_TINY_CONTACT_UNRESOLVED source=w96215693 mesh=990 max_triangle_area=0.00009353107453
FAMILY_TINY_CONTACT_UNRESOLVED source=w96215693 mesh=998 max_triangle_area=0.00004115619231
FAMILY_TINY_CONTACT_UNRESOLVED source=w96215693 mesh=1055 max_triangle_area=0.00004130605521
FAMILY_LIVE_FIT source=w96215693 bodies=4 mesh_contact_samples=1129 tiny_meshes_not_ray_proved=22 grade_occluded_meshes=0 failures=0 mesh_inventory=1151 reused_contact_run=
FAMILY_TINY_CONTACT_UNRESOLVED source=w96215698 mesh=990 max_triangle_area=0.00003037249007
FAMILY_TINY_CONTACT_UNRESOLVED source=w96215698 mesh=1010 max_triangle_area=0.00002697337732
FAMILY_LIVE_FIT source=w96215698 bodies=4 mesh_contact_samples=1704 tiny_meshes_not_ray_proved=2 grade_occluded_meshes=0 failures=0 mesh_inventory=1706 reused_contact_run=
FAMILY_LIVE_FIT source=w96215658 bodies=4 mesh_contact_samples=0 tiny_meshes_not_ray_proved=0 grade_occluded_meshes=0 failures=0 mesh_inventory=1557 reused_contact_run=
FAMILY_LIVE_FIT source=w96215669 bodies=4 mesh_contact_samples=0 tiny_meshes_not_ray_proved=0 grade_occluded_meshes=0 failures=0 mesh_inventory=1080 reused_contact_run=
FAMILY_LIVE_FIT source=w96215688 bodies=4 mesh_contact_samples=0 tiny_meshes_not_ray_proved=0 grade_occluded_meshes=0 failures=0 mesh_inventory=663 reused_contact_run=
FAMILY_LIVE_FIT source=w96665904 bodies=4 mesh_contact_samples=0 tiny_meshes_not_ray_proved=0 grade_occluded_meshes=0 failures=0 mesh_inventory=938 reused_contact_run=
FAMILY_LIVE_FIT source=w96215649 bodies=4 mesh_contact_samples=0 tiny_meshes_not_ray_proved=0 grade_occluded_meshes=0 failures=0 mesh_inventory=1109 reused_contact_run=
FAMILY_LIVE_FIT source=w96215670 bodies=4 mesh_contact_samples=0 tiny_meshes_not_ray_proved=0 grade_occluded_meshes=0 failures=0 mesh_inventory=1007 reused_contact_run=
FAMILY_LIVE_FIT source=w96215674 bodies=2 mesh_contact_samples=0 tiny_meshes_not_ray_proved=0 grade_occluded_meshes=0 failures=0 mesh_inventory=534 reused_contact_run=
FAMILY_TINY_CONTACT_UNRESOLVED source=w96665893 mesh=400 max_triangle_area=0.00004205850928
FAMILY_TINY_CONTACT_UNRESOLVED source=w96665893 mesh=695 max_triangle_area=0.00001891723514
FAMILY_TINY_CONTACT_UNRESOLVED source=w96665893 mesh=717 max_triangle_area=0.00001930247527
FAMILY_LIVE_FIT source=w96665893 bodies=4 mesh_contact_samples=1064 tiny_meshes_not_ray_proved=3 grade_occluded_meshes=0 failures=0 mesh_inventory=1067 reused_contact_run=
FAMILY_TINY_CONTACT_UNRESOLVED source=w96665916 mesh=1025 max_triangle_area=0.00004917245315
FAMILY_TINY_CONTACT_UNRESOLVED source=w96665916 mesh=1047 max_triangle_area=0.00001541909114
FAMILY_TINY_CONTACT_UNRESOLVED source=w96665916 mesh=1050 max_triangle_area=0.00001576623799
FAMILY_TINY_CONTACT_UNRESOLVED source=w96665916 mesh=1051 max_triangle_area=0.00004824706411
FAMILY_LIVE_FIT source=w96665916 bodies=4 mesh_contact_samples=1715 tiny_meshes_not_ray_proved=4 grade_occluded_meshes=0 failures=0 mesh_inventory=1719 reused_contact_run=
FAMILY_GRADE_OCCLUDED_CONTACT source=w96698619 mesh=694 sampled_max_clearance=-0.00062971595509 scope=retained_geometry_no_stable_exposed_probe
FAMILY_GRADE_OCCLUDED_CONTACT source=w96698619 mesh=709 sampled_max_clearance=-0.0014728666859 scope=retained_geometry_no_stable_exposed_probe
FAMILY_GRADE_OCCLUDED_CONTACT source=w96698619 mesh=723 sampled_max_clearance=-0.00314055817728 scope=retained_geometry_no_stable_exposed_probe
FAMILY_GRADE_OCCLUDED_CONTACT source=w96698619 mesh=733 sampled_max_clearance=-0.00933748159798 scope=retained_geometry_no_stable_exposed_probe
FAMILY_GRADE_OCCLUDED_CONTACT source=w96698619 mesh=744 sampled_max_clearance=-0.01044664060294 scope=retained_geometry_no_stable_exposed_probe
FAMILY_TINY_CONTACT_UNRESOLVED source=w96698619 mesh=950 max_triangle_area=0.00003005776853
FAMILY_TINY_CONTACT_UNRESOLVED source=w96698619 mesh=952 max_triangle_area=0.00002003851114
FAMILY_TINY_CONTACT_UNRESOLVED source=w96698619 mesh=953 max_triangle_area=0.00001502291343
FAMILY_TINY_CONTACT_UNRESOLVED source=w96698619 mesh=954 max_triangle_area=0.0000150348551
FAMILY_TINY_CONTACT_UNRESOLVED source=w96698619 mesh=956 max_triangle_area=0.00002003851114
FAMILY_TINY_CONTACT_UNRESOLVED source=w96698619 mesh=957 max_triangle_area=0.00001502291343
FAMILY_TINY_CONTACT_UNRESOLVED source=w96698619 mesh=958 max_triangle_area=0.00001502291343
FAMILY_TINY_CONTACT_UNRESOLVED source=w96698619 mesh=960 max_triangle_area=0.00003004582686
FAMILY_TINY_CONTACT_UNRESOLVED source=w96698619 mesh=974 max_triangle_area=0.00001507826528
FAMILY_TINY_CONTACT_UNRESOLVED source=w96698619 mesh=976 max_triangle_area=0.00001005217655
FAMILY_TINY_CONTACT_UNRESOLVED source=w96698619 mesh=977 max_triangle_area=0.00000753613767
FAMILY_TINY_CONTACT_UNRESOLVED source=w96698619 mesh=978 max_triangle_area=0.00000753613767
FAMILY_TINY_CONTACT_UNRESOLVED source=w96698619 mesh=980 max_triangle_area=0.00001507227535
FAMILY_TINY_CONTACT_UNRESOLVED source=w96698619 mesh=1005 max_triangle_area=0.00000918169644
FAMILY_TINY_CONTACT_UNRESOLVED source=w96698619 mesh=1033 max_triangle_area=0.00004462712241
FAMILY_TINY_CONTACT_UNRESOLVED source=w96698619 mesh=1035 max_triangle_area=0.00002975141433
FAMILY_TINY_CONTACT_UNRESOLVED source=w96698619 mesh=1036 max_triangle_area=0.00002230469545
FAMILY_TINY_CONTACT_UNRESOLVED source=w96698619 mesh=1037 max_triangle_area=0.00002232242514
FAMILY_TINY_CONTACT_UNRESOLVED source=w96698619 mesh=1039 max_triangle_area=0.00002975141433
FAMILY_TINY_CONTACT_UNRESOLVED source=w96698619 mesh=1040 max_triangle_area=0.00002230469545
FAMILY_TINY_CONTACT_UNRESOLVED source=w96698619 mesh=1041 max_triangle_area=0.00002230469545
FAMILY_TINY_CONTACT_UNRESOLVED source=w96698619 mesh=1043 max_triangle_area=0.0000446093909
FAMILY_TINY_CONTACT_UNRESOLVED source=w96698619 mesh=1086 max_triangle_area=0.00008978912228
FAMILY_TINY_CONTACT_UNRESOLVED source=w96698619 mesh=1088 max_triangle_area=0.00005985941243
FAMILY_TINY_CONTACT_UNRESOLVED source=w96698619 mesh=1089 max_triangle_area=0.00004487672777
FAMILY_TINY_CONTACT_UNRESOLVED source=w96698619 mesh=1090 max_triangle_area=0.00004491239815
FAMILY_TINY_CONTACT_UNRESOLVED source=w96698619 mesh=1092 max_triangle_area=0.00005985941243
FAMILY_TINY_CONTACT_UNRESOLVED source=w96698619 mesh=1093 max_triangle_area=0.00004487672777
FAMILY_TINY_CONTACT_UNRESOLVED source=w96698619 mesh=1094 max_triangle_area=0.00004487672777
FAMILY_TINY_CONTACT_UNRESOLVED source=w96698619 mesh=1096 max_triangle_area=0.00008975345554
FAMILY_TINY_CONTACT_UNRESOLVED source=w96698619 mesh=1120 max_triangle_area=0.00008110436465
FAMILY_TINY_CONTACT_UNRESOLVED source=w96698619 mesh=1122 max_triangle_area=0.00005406957644
FAMILY_TINY_CONTACT_UNRESOLVED source=w96698619 mesh=1123 max_triangle_area=0.00004053607336
FAMILY_TINY_CONTACT_UNRESOLVED source=w96698619 mesh=1124 max_triangle_area=0.00004056829493
FAMILY_TINY_CONTACT_UNRESOLVED source=w96698619 mesh=1126 max_triangle_area=0.00005406957644
FAMILY_TINY_CONTACT_UNRESOLVED source=w96698619 mesh=1127 max_triangle_area=0.00004053607336
FAMILY_TINY_CONTACT_UNRESOLVED source=w96698619 mesh=1128 max_triangle_area=0.00004053607336
FAMILY_TINY_CONTACT_UNRESOLVED source=w96698619 mesh=1130 max_triangle_area=0.00008107214671
FAMILY_TINY_CONTACT_UNRESOLVED source=w96698619 mesh=1135 max_triangle_area=0.00007523693057
FAMILY_TINY_CONTACT_UNRESOLVED source=w96698619 mesh=1137 max_triangle_area=0.00005015795614
FAMILY_TINY_CONTACT_UNRESOLVED source=w96698619 mesh=1138 max_triangle_area=0.00003760352047
FAMILY_TINY_CONTACT_UNRESOLVED source=w96698619 mesh=1139 max_triangle_area=0.0000376334101
FAMILY_TINY_CONTACT_UNRESOLVED source=w96698619 mesh=1141 max_triangle_area=0.00005015795614
FAMILY_TINY_CONTACT_UNRESOLVED source=w96698619 mesh=1142 max_triangle_area=0.00003760352047
FAMILY_TINY_CONTACT_UNRESOLVED source=w96698619 mesh=1143 max_triangle_area=0.00003760352047
FAMILY_TINY_CONTACT_UNRESOLVED source=w96698619 mesh=1145 max_triangle_area=0.00007520704094
FAMILY_TINY_CONTACT_UNRESOLVED source=w96698619 mesh=1159 max_triangle_area=0.00006021272202
FAMILY_TINY_CONTACT_UNRESOLVED source=w96698619 mesh=1161 max_triangle_area=0.00004014181468
FAMILY_TINY_CONTACT_UNRESOLVED source=w96698619 mesh=1162 max_triangle_area=0.00003009439934
FAMILY_TINY_CONTACT_UNRESOLVED source=w96698619 mesh=1163 max_triangle_area=0.00003011832268
FAMILY_TINY_CONTACT_UNRESOLVED source=w96698619 mesh=1165 max_triangle_area=0.00006018879867
FAMILY_LIVE_FIT source=w96698619 bodies=4 mesh_contact_samples=1868 tiny_meshes_not_ray_proved=51 grade_occluded_meshes=5 failures=0 mesh_inventory=1924 reused_contact_run=
FAMILY_GRADE_OCCLUDED_CONTACT source=w96698643 mesh=741 sampled_max_clearance=0.00037221235516 scope=retained_geometry_no_stable_exposed_probe
FAMILY_GRADE_OCCLUDED_CONTACT source=w96698643 mesh=752 sampled_max_clearance=-0.00045178618802 scope=retained_geometry_no_stable_exposed_probe
FAMILY_TINY_CONTACT_UNRESOLVED source=w96698643 mesh=1050 max_triangle_area=0.00007281398575
FAMILY_TINY_CONTACT_UNRESOLVED source=w96698643 mesh=1051 max_triangle_area=0.00006244741235
FAMILY_TINY_CONTACT_UNRESOLVED source=w96698643 mesh=1053 max_triangle_area=0.00007281398575
FAMILY_TINY_CONTACT_UNRESOLVED source=w96698643 mesh=1054 max_triangle_area=0.00006239781214
FAMILY_TINY_CONTACT_UNRESOLVED source=w96698643 mesh=1066 max_triangle_area=0.00005424382834
FAMILY_TINY_CONTACT_UNRESOLVED source=w96698643 mesh=1093 max_triangle_area=0.0000571968958
FAMILY_TINY_CONTACT_UNRESOLVED source=w96698643 mesh=1094 max_triangle_area=0.00004905373862
FAMILY_TINY_CONTACT_UNRESOLVED source=w96698643 mesh=1096 max_triangle_area=0.0000571968958
FAMILY_TINY_CONTACT_UNRESOLVED source=w96698643 mesh=1097 max_triangle_area=0.00004901477951
FAMILY_TINY_CONTACT_UNRESOLVED source=w96698643 mesh=1140 max_triangle_area=0.00009247101843
FAMILY_TINY_CONTACT_UNRESOLVED source=w96698643 mesh=1143 max_triangle_area=0.00009239757492
FAMILY_TINY_CONTACT_UNRESOLVED source=w96698643 mesh=1169 max_triangle_area=0.00007199555694
FAMILY_TINY_CONTACT_UNRESOLVED source=w96698643 mesh=1170 max_triangle_area=0.00006174550799
FAMILY_TINY_CONTACT_UNRESOLVED source=w96698643 mesh=1172 max_triangle_area=0.00007199555694
FAMILY_TINY_CONTACT_UNRESOLVED source=w96698643 mesh=1173 max_triangle_area=0.00006169646804
FAMILY_TINY_CONTACT_UNRESOLVED source=w96698643 mesh=1182 max_triangle_area=0.00008467912994
FAMILY_TINY_CONTACT_UNRESOLVED source=w96698643 mesh=1183 max_triangle_area=0.00007262331928
FAMILY_TINY_CONTACT_UNRESOLVED source=w96698643 mesh=1185 max_triangle_area=0.00008467912994
FAMILY_TINY_CONTACT_UNRESOLVED source=w96698643 mesh=1186 max_triangle_area=0.00007256562822
FAMILY_TINY_CONTACT_UNRESOLVED source=w96698643 mesh=1203 max_triangle_area=0.00006715246127
FAMILY_TINY_CONTACT_UNRESOLVED source=w96698643 mesh=1204 max_triangle_area=0.00005754618178
FAMILY_LIVE_FIT source=w96698643 bodies=4 mesh_contact_samples=1752 tiny_meshes_not_ray_proved=21 grade_occluded_meshes=2 failures=0 mesh_inventory=1775 reused_contact_run=
FAMILY_GRADE_OCCLUDED_CONTACT source=w96698648 mesh=681 sampled_max_clearance=-0.05235148730844 scope=retained_geometry_no_stable_exposed_probe
FAMILY_GRADE_OCCLUDED_CONTACT source=w96698648 mesh=696 sampled_max_clearance=-0.05079314056047 scope=retained_geometry_no_stable_exposed_probe
FAMILY_GRADE_OCCLUDED_CONTACT source=w96698648 mesh=710 sampled_max_clearance=-0.03860174695001 scope=retained_geometry_no_stable_exposed_probe
FAMILY_GRADE_OCCLUDED_CONTACT source=w96698648 mesh=720 sampled_max_clearance=-0.03619465839347 scope=retained_geometry_no_stable_exposed_probe
FAMILY_GRADE_OCCLUDED_CONTACT source=w96698648 mesh=731 sampled_max_clearance=-0.02999165277834 scope=retained_geometry_no_stable_exposed_probe
FAMILY_GRADE_OCCLUDED_CONTACT source=w96698648 mesh=746 sampled_max_clearance=-0.02312545781751 scope=retained_geometry_no_stable_exposed_probe
FAMILY_GRADE_OCCLUDED_CONTACT source=w96698648 mesh=751 sampled_max_clearance=-0.02159321886938 scope=retained_geometry_no_stable_exposed_probe
FAMILY_GRADE_OCCLUDED_CONTACT source=w96698648 mesh=755 sampled_max_clearance=-0.01590956782638 scope=retained_geometry_no_stable_exposed_probe
FAMILY_GRADE_OCCLUDED_CONTACT source=w96698648 mesh=769 sampled_max_clearance=-0.00943970920844 scope=retained_geometry_no_stable_exposed_probe
FAMILY_GRADE_OCCLUDED_CONTACT source=w96698648 mesh=779 sampled_max_clearance=-0.0073781335791 scope=retained_geometry_no_stable_exposed_probe
FAMILY_GRADE_OCCLUDED_CONTACT source=w96698648 mesh=947 sampled_max_clearance=-0.00268310522495 scope=retained_geometry_no_stable_exposed_probe
FAMILY_GRADE_OCCLUDED_CONTACT source=w96698648 mesh=957 sampled_max_clearance=-0.00232828308776 scope=retained_geometry_no_stable_exposed_probe
FAMILY_GRADE_OCCLUDED_CONTACT source=w96698648 mesh=968 sampled_max_clearance=0.0011195774897 scope=retained_geometry_no_stable_exposed_probe
FAMILY_TINY_CONTACT_UNRESOLVED source=w96698648 mesh=1164 max_triangle_area=0.00001731243174
FAMILY_TINY_CONTACT_UNRESOLVED source=w96698648 mesh=1188 max_triangle_area=0.00000658538693
FAMILY_TINY_CONTACT_UNRESOLVED source=w96698648 mesh=1191 max_triangle_area=0.00000653894813
FAMILY_TINY_CONTACT_UNRESOLVED source=w96698648 mesh=1192 max_triangle_area=0.00001876593342
FAMILY_LIVE_FIT source=w96698648 bodies=4 mesh_contact_samples=1884 tiny_meshes_not_ray_proved=4 grade_occluded_meshes=13 failures=0 mesh_inventory=1901 reused_contact_run=
FAMILY_CURRENT_TOPOLOGY {"active_bodies":530,"active_shapes":603,"disabled_bodies":96,"visible_meshes":40247,"visible_surfaces":40265,"visible_triangles":794997}
FAMILY_LIVE_TOTAL instances=33 mesh_contact_samples=13535
VISUAL_SETTLED: id=w96215693-approach spawn_y=5.696 settled_y=2.696 ground_y=2.696 clearance=0.000 frames=125 recovery_delta=0
VISUAL_SETTLED: id=w96215693-jetpack spawn_y=5.737 settled_y=2.737 ground_y=2.737 clearance=0.000 frames=125 recovery_delta=0
VISUAL_CAPTURE: id=w96215693-jetpack-start region=w96215693 player=(-270.000,2.737,-590.000) camera=(-271.340,4.413,-595.324) grounded=true clearance=inf image=/Volumes/Macintosh_HD/Users/user302070/code/treasure-island-housing-expansion/evidence/housing-family-experiment/expansion-final-integration-002/images/w96215693-jetpack-start.png sha256=0f39e6ad3e9d739de782a29c2c7a7e0a221b550112877762a353a1be827b6f37 colors=229 luminance_range=0.617
VISUAL_CAPTURE: id=w96215693-jetpack-ascent region=w96215693 player=(-270.000,5.154,-590.000) camera=(-271.340,6.830,-595.324) grounded=false clearance=inf image=/Volumes/Macintosh_HD/Users/user302070/code/treasure-island-housing-expansion/evidence/housing-family-experiment/expansion-final-integration-002/images/w96215693-jetpack-ascent.png sha256=cde116b0ef1d1eb2b6aa004a24f8cef0deda249ab18f96031267a57e4c3a3a55 colors=234 luminance_range=0.640
VISUAL_CAPTURE: id=w96215693-jetpack-release region=w96215693 player=(-270.000,8.817,-590.000) camera=(-271.340,10.494,-595.324) grounded=false clearance=inf image=/Volumes/Macintosh_HD/Users/user302070/code/treasure-island-housing-expansion/evidence/housing-family-experiment/expansion-final-integration-002/images/w96215693-jetpack-release.png sha256=3dbb4d0cc6559e7a1b62ca9e8e37f297ebb6371e109b0f642987180848105c49 colors=203 luminance_range=0.682
VISUAL_CAPTURE: id=w96215693-stock-roof-oblique region=w96215693 player=(-270.000,9.337,-590.000) camera=(-271.331,12.033,-595.291) grounded=false clearance=inf image=/Volumes/Macintosh_HD/Users/user302070/code/treasure-island-housing-expansion/evidence/housing-family-experiment/expansion-final-integration-002/images/w96215693-stock-roof-oblique.png sha256=4ad590e65c7209177937edd8859cb4324e25f7bd111f5a207a12e1deb989abb4 colors=284 luminance_range=0.804
VISUAL_CAPTURE: id=w96215693-jetpack-descent region=w96215693 player=(-270.000,9.069,-590.000) camera=(-271.331,11.765,-595.291) grounded=false clearance=inf image=/Volumes/Macintosh_HD/Users/user302070/code/treasure-island-housing-expansion/evidence/housing-family-experiment/expansion-final-integration-002/images/w96215693-jetpack-descent.png sha256=98b729db35d042c6d8c19ee3c21e82f167b0fd43abbd4fd37622e901dd121ad9 colors=298 luminance_range=0.749
VISUAL_CAPTURE: id=w96215693-jetpack-landed region=w96215693 player=(-270.000,2.737,-590.000) camera=(-271.331,5.432,-595.291) grounded=true clearance=inf image=/Volumes/Macintosh_HD/Users/user302070/code/treasure-island-housing-expansion/evidence/housing-family-experiment/expansion-final-integration-002/images/w96215693-jetpack-landed.png sha256=a8eaf755a539e9cc669cc88190799f6d483b6f5efea4959015ed386522bc2142 colors=269 luminance_range=0.617
VISUAL_SETTLED: id=w96215693-spray spawn_y=5.680 settled_y=2.713 ground_y=2.680 clearance=0.033 frames=124 recovery_delta=0
VISUAL_CAPTURE: id=w96215693-stock-spray region=w96215693 player=(-245.276,2.713,-576.847) camera=(-245.116,2.838,-579.220) grounded=true clearance=inf image=/Volumes/Macintosh_HD/Users/user302070/code/treasure-island-housing-expansion/evidence/housing-family-experiment/expansion-final-integration-002/images/w96215693-stock-spray.png sha256=ae6b73b62c5e7f6f48dec6d4f44c66d67ced128b431983032e73c9f4492cc9bb colors=69 luminance_range=0.628
VISUAL_SETTLED: id=w96665916-approach spawn_y=6.190 settled_y=3.191 ground_y=3.190 clearance=0.000 frames=125 recovery_delta=0
VISUAL_SETTLED: id=w96665916-jetpack spawn_y=6.103 settled_y=3.103 ground_y=3.103 clearance=0.000 frames=125 recovery_delta=0
VISUAL_CAPTURE: id=w96665916-jetpack-start region=w96665916 player=(-153.748,3.103,-770.771) camera=(-149.289,4.896,-773.984) grounded=true clearance=inf image=/Volumes/Macintosh_HD/Users/user302070/code/treasure-island-housing-expansion/evidence/housing-family-experiment/expansion-final-integration-002/images/w96665916-jetpack-start.png sha256=5568517c87ddfa69768f305f0c02f7da35cb21a3719e13c249192868d1c666c0 colors=209 luminance_range=0.644
VISUAL_CAPTURE: id=w96665916-jetpack-ascent region=w96665916 player=(-153.748,5.770,-770.771) camera=(-149.289,7.563,-773.984) grounded=false clearance=inf image=/Volumes/Macintosh_HD/Users/user302070/code/treasure-island-housing-expansion/evidence/housing-family-experiment/expansion-final-integration-002/images/w96665916-jetpack-ascent.png sha256=f84db991b0b41975f65a5e380a7a45fea7c694c2e41d39f90bcaefb6f128d320 colors=167 luminance_range=0.701
VISUAL_CAPTURE: id=w96665916-jetpack-release region=w96665916 player=(-153.748,9.584,-770.771) camera=(-149.289,11.377,-773.984) grounded=false clearance=inf image=/Volumes/Macintosh_HD/Users/user302070/code/treasure-island-housing-expansion/evidence/housing-family-experiment/expansion-final-integration-002/images/w96665916-jetpack-release.png sha256=c49512d37a81d47597812174f5ccb92480330fe756547844256755df87c14f72 colors=157 luminance_range=0.755
VISUAL_CAPTURE: id=w96665916-stock-roof-oblique region=w96665916 player=(-153.748,10.170,-770.771) camera=(-149.372,13.246,-773.924) grounded=false clearance=inf image=/Volumes/Macintosh_HD/Users/user302070/code/treasure-island-housing-expansion/evidence/housing-family-experiment/expansion-final-integration-002/images/w96665916-stock-roof-oblique.png sha256=10b9b194b3792ed614417a0a284397e142bdb4ff6337e15617b8e5d1de859552 colors=243 luminance_range=0.790
VISUAL_CAPTURE: id=w96665916-jetpack-descent region=w96665916 player=(-153.748,9.485,-770.771) camera=(-149.372,12.561,-773.924) grounded=false clearance=inf image=/Volumes/Macintosh_HD/Users/user302070/code/treasure-island-housing-expansion/evidence/housing-family-experiment/expansion-final-integration-002/images/w96665916-jetpack-descent.png sha256=be085ca5db45fd1100cfb440664ce5847e97a2d6bbc5bfdcaa1c631b3e368746 colors=240 luminance_range=0.755
VISUAL_CAPTURE: id=w96665916-jetpack-landed region=w96665916 player=(-153.748,3.103,-770.771) camera=(-149.372,6.178,-773.924) grounded=true clearance=inf image=/Volumes/Macintosh_HD/Users/user302070/code/treasure-island-housing-expansion/evidence/housing-family-experiment/expansion-final-integration-002/images/w96665916-jetpack-landed.png sha256=e835ae386540aafa33d20d3996d3f1c29d7681e36110268ddcd91f7743b63137 colors=245 luminance_range=0.640
VISUAL_SETTLED: id=w96665916-spray spawn_y=6.147 settled_y=3.180 ground_y=3.147 clearance=0.033 frames=124 recovery_delta=0
VISUAL_CAPTURE: id=w96665916-stock-spray region=w96665916 player=(-157.660,3.180,-742.897) camera=(-154.447,3.370,-743.732) grounded=true clearance=inf image=/Volumes/Macintosh_HD/Users/user302070/code/treasure-island-housing-expansion/evidence/housing-family-experiment/expansion-final-integration-002/images/w96665916-stock-spray.png sha256=ea91134ac6ac6134cea2b9d90a94a0a93f48416622e049502ccfab8117bd0dde colors=141 luminance_range=0.608
VISUAL_SETTLED: id=w96215668-approach spawn_y=5.229 settled_y=2.230 ground_y=2.229 clearance=0.000 frames=125 recovery_delta=0
VISUAL_SETTLED: id=w96215668-jetpack spawn_y=5.606 settled_y=2.605 ground_y=2.606 clearance=-0.000 frames=125 recovery_delta=0
VISUAL_CAPTURE: id=w96215668-jetpack-start region=w96215668 player=(-290.578,2.605,-846.512) camera=(-295.837,4.329,-848.099) grounded=true clearance=inf image=/Volumes/Macintosh_HD/Users/user302070/code/treasure-island-housing-expansion/evidence/housing-family-experiment/expansion-final-integration-002/images/w96215668-jetpack-start.png sha256=b285fe8d9e900a87143c96ff41fd93c7a563fa706acfde8a06e2fdf64fbc68eb colors=201 luminance_range=0.621
VISUAL_CAPTURE: id=w96215668-jetpack-ascent region=w96215668 player=(-290.578,5.190,-846.512) camera=(-295.837,6.913,-848.099) grounded=false clearance=inf image=/Volumes/Macintosh_HD/Users/user302070/code/treasure-island-housing-expansion/evidence/housing-family-experiment/expansion-final-integration-002/images/w96215668-jetpack-ascent.png sha256=ab68b1506802c7269bad88a16306385cd9d4546d4b9309df5ee7b9b1d97c3845 colors=203 luminance_range=0.626
VISUAL_CAPTURE: id=w96215668-jetpack-release region=w96215668 player=(-290.578,8.930,-846.512) camera=(-295.837,10.653,-848.099) grounded=false clearance=inf image=/Volumes/Macintosh_HD/Users/user302070/code/treasure-island-housing-expansion/evidence/housing-family-experiment/expansion-final-integration-002/images/w96215668-jetpack-release.png sha256=19f9dce6d6b88eab2dedeede2535a02efcc874422bcbadf393e400d9b8468f5b colors=203 luminance_range=0.802
VISUAL_CAPTURE: id=w96215668-stock-roof-oblique region=w96215668 player=(-290.578,9.513,-846.512) camera=(-295.817,12.062,-848.093) grounded=false clearance=inf image=/Volumes/Macintosh_HD/Users/user302070/code/treasure-island-housing-expansion/evidence/housing-family-experiment/expansion-final-integration-002/images/w96215668-stock-roof-oblique.png sha256=4abd9c77fb4d4fc45269fa769340f1910d870e874437b50cd33464f1b1bea396 colors=250 luminance_range=0.827
VISUAL_CAPTURE: id=w96215668-jetpack-descent region=w96215668 player=(-290.578,8.980,-846.512) camera=(-295.817,11.529,-848.093) grounded=false clearance=inf image=/Volumes/Macintosh_HD/Users/user302070/code/treasure-island-housing-expansion/evidence/housing-family-experiment/expansion-final-integration-002/images/w96215668-jetpack-descent.png sha256=94e4a2c53431fe5de47be3eb28821a10268ed71737898b0495b732c91fadfc1e colors=257 luminance_range=0.793
VISUAL_CAPTURE: id=w96215668-jetpack-landed region=w96215668 player=(-290.578,2.605,-846.512) camera=(-295.817,5.155,-848.093) grounded=true clearance=inf image=/Volumes/Macintosh_HD/Users/user302070/code/treasure-island-housing-expansion/evidence/housing-family-experiment/expansion-final-integration-002/images/w96215668-jetpack-landed.png sha256=f8c3f0edb114a77a58edd781a9099d29b0911306e5401a2a615bd175e938bc9e colors=254 luminance_range=0.624
VISUAL_SETTLED: id=w96215668-spray spawn_y=5.330 settled_y=2.330 ground_y=2.330 clearance=0.000 frames=126 recovery_delta=0
VISUAL_CAPTURE: id=w96215668-stock-spray region=w96215668 player=(-248.368,2.330,-855.974) camera=(-249.601,2.389,-858.413) grounded=true clearance=inf image=/Volumes/Macintosh_HD/Users/user302070/code/treasure-island-housing-expansion/evidence/housing-family-experiment/expansion-final-integration-002/images/w96215668-stock-spray.png sha256=9aac5591f5cdf83d1a7a132cbfccf7f12a7197fe58ae99969e21d34272eda0fc colors=65 luminance_range=0.471
VISUAL_SETTLED: id=w96665893-approach spawn_y=5.660 settled_y=2.660 ground_y=2.660 clearance=0.000 frames=125 recovery_delta=0
VISUAL_SETTLED: id=w96665893-jetpack spawn_y=5.632 settled_y=2.632 ground_y=2.632 clearance=0.000 frames=125 recovery_delta=0
VISUAL_CAPTURE: id=w96665893-jetpack-start region=w96665893 player=(-228.929,2.632,-590.978) camera=(-230.698,4.357,-596.179) grounded=true clearance=inf image=/Volumes/Macintosh_HD/Users/user302070/code/treasure-island-housing-expansion/evidence/housing-family-experiment/expansion-final-integration-002/images/w96665893-jetpack-start.png sha256=ca99b35c41b5b0ecabbe251d9920d54d96e690c48cff52ce7234b0021c81952b colors=285 luminance_range=0.775
VISUAL_CAPTURE: id=w96665893-jetpack-ascent region=w96665893 player=(-228.929,5.050,-590.978) camera=(-230.698,6.774,-596.179) grounded=false clearance=inf image=/Volumes/Macintosh_HD/Users/user302070/code/treasure-island-housing-expansion/evidence/housing-family-experiment/expansion-final-integration-002/images/w96665893-jetpack-ascent.png sha256=18b08dbaff2a09860c0206903bb4009584c54a18fe4c55891db764863467e5e2 colors=217 luminance_range=0.775
VISUAL_CAPTURE: id=w96665893-jetpack-release region=w96665893 player=(-228.929,8.713,-590.978) camera=(-230.698,10.438,-596.179) grounded=false clearance=inf image=/Volumes/Macintosh_HD/Users/user302070/code/treasure-island-housing-expansion/evidence/housing-family-experiment/expansion-final-integration-002/images/w96665893-jetpack-release.png sha256=db169ff8a928065b737b1f2abd10caf6aa1072b6f39bf9f4438a8f5a3bbdb79c colors=205 luminance_range=0.616
VISUAL_CAPTURE: id=w96665893-stock-roof-oblique region=w96665893 player=(-228.929,9.180,-590.978) camera=(-230.691,11.737,-596.159) grounded=false clearance=inf image=/Volumes/Macintosh_HD/Users/user302070/code/treasure-island-housing-expansion/evidence/housing-family-experiment/expansion-final-integration-002/images/w96665893-stock-roof-oblique.png sha256=600e10e28592997e2d34aea26674beabc0b1527e226c4796fd668c9ee416e75d colors=252 luminance_range=0.832
VISUAL_CAPTURE: id=w96665893-jetpack-descent region=w96665893 player=(-228.929,8.990,-590.978) camera=(-230.691,11.547,-596.159) grounded=false clearance=inf image=/Volumes/Macintosh_HD/Users/user302070/code/treasure-island-housing-expansion/evidence/housing-family-experiment/expansion-final-integration-002/images/w96665893-jetpack-descent.png sha256=7e9ad6bf4fcef8f60fc0df741d3486329c8ce3edffac9166f6260bf87c564448 colors=254 luminance_range=0.781
VISUAL_CAPTURE: id=w96665893-jetpack-landed region=w96665893 player=(-228.929,2.632,-590.978) camera=(-230.691,5.190,-596.159) grounded=true clearance=inf image=/Volumes/Macintosh_HD/Users/user302070/code/treasure-island-housing-expansion/evidence/housing-family-experiment/expansion-final-integration-002/images/w96665893-jetpack-landed.png sha256=33116b010df4d6f9ab26d9d0a6260e6e7a39dc292c40c3ef8fa706a5617e0320 colors=314 luminance_range=0.614
VISUAL_SETTLED: id=w96665893-spray spawn_y=5.627 settled_y=2.661 ground_y=2.627 clearance=0.034 frames=124 recovery_delta=0
VISUAL_CAPTURE: id=w96665893-stock-spray region=w96665893 player=(-209.006,2.661,-578.089) camera=(-209.138,2.825,-580.656) grounded=true clearance=inf image=/Volumes/Macintosh_HD/Users/user302070/code/treasure-island-housing-expansion/evidence/housing-family-experiment/expansion-final-integration-002/images/w96665893-stock-spray.png sha256=0533a65e754c54875590d156429f16e04a638f90e6697484b69667d1336af894 colors=65 luminance_range=0.750
VISUAL_SETTLED: id=w96215698-approach spawn_y=5.961 settled_y=2.961 ground_y=2.961 clearance=0.000 frames=125 recovery_delta=0
VISUAL_SETTLED: id=w96215698-jetpack spawn_y=5.926 settled_y=2.926 ground_y=2.926 clearance=0.000 frames=125 recovery_delta=0
VISUAL_CAPTURE: id=w96215698-jetpack-start region=w96215698 player=(-294.887,2.926,-652.037) camera=(-289.596,4.696,-650.551) grounded=true clearance=inf image=/Volumes/Macintosh_HD/Users/user302070/code/treasure-island-housing-expansion/evidence/housing-family-experiment/expansion-final-integration-002/images/w96215698-jetpack-start.png sha256=024d2e6c7928be61ecf47fa78913f54a81d2c5f45afaee3e6738f312e6abed0f colors=195 luminance_range=0.600
VISUAL_CAPTURE: id=w96215698-jetpack-ascent region=w96215698 player=(-294.887,5.426,-652.037) camera=(-289.596,7.197,-650.551) grounded=false clearance=inf image=/Volumes/Macintosh_HD/Users/user302070/code/treasure-island-housing-expansion/evidence/housing-family-experiment/expansion-final-integration-002/images/w96215698-jetpack-ascent.png sha256=26cedd880e4849a90d21c128640a4d3b8cd5afba96a8b5430b9af410b967ff40 colors=172 luminance_range=0.798
VISUAL_CAPTURE: id=w96215698-jetpack-release region=w96215698 player=(-294.887,9.166,-652.037) camera=(-289.596,10.937,-650.551) grounded=false clearance=inf image=/Volumes/Macintosh_HD/Users/user302070/code/treasure-island-housing-expansion/evidence/housing-family-experiment/expansion-final-integration-002/images/w96215698-jetpack-release.png sha256=bc98a0d2ac3d3c3cfb8e755bf6051931799d5c549868cff29067b2af18a368aa colors=125 luminance_range=0.760
VISUAL_CAPTURE: id=w96215698-stock-roof-oblique region=w96215698 player=(-294.887,9.610,-652.037) camera=(-289.659,12.486,-650.568) grounded=false clearance=inf image=/Volumes/Macintosh_HD/Users/user302070/code/treasure-island-housing-expansion/evidence/housing-family-experiment/expansion-final-integration-002/images/w96215698-stock-roof-oblique.png sha256=53d33f549d1b8ea607e22ad2036f72ffa647335242f931d4cbfc31ccb90e03cd colors=183 luminance_range=0.759
VISUAL_CAPTURE: id=w96215698-jetpack-descent region=w96215698 player=(-294.887,9.291,-652.037) camera=(-289.659,12.167,-650.568) grounded=false clearance=inf image=/Volumes/Macintosh_HD/Users/user302070/code/treasure-island-housing-expansion/evidence/housing-family-experiment/expansion-final-integration-002/images/w96215698-jetpack-descent.png sha256=617d6f72a8aa3cec92334e063e3c61a868c0e65696f90d7c1e8b60c27dbbf89c colors=186 luminance_range=0.792
VISUAL_CAPTURE: id=w96215698-jetpack-landed region=w96215698 player=(-294.887,2.925,-652.037) camera=(-289.659,5.801,-650.568) grounded=true clearance=inf image=/Volumes/Macintosh_HD/Users/user302070/code/treasure-island-housing-expansion/evidence/housing-family-experiment/expansion-final-integration-002/images/w96215698-jetpack-landed.png sha256=2a08a5b502e7a2a059464b3acd9f6ea999fa9d1c9822f0fd15a8c52b39db68da colors=226 luminance_range=0.578
VISUAL_SETTLED: id=w96215698-spray spawn_y=6.003 settled_y=3.003 ground_y=3.003 clearance=0.000 frames=126 recovery_delta=0
VISUAL_CAPTURE: id=w96215698-stock-spray region=w96215698 player=(-308.133,3.003,-634.481) camera=(-305.703,3.166,-634.306) grounded=true clearance=inf image=/Volumes/Macintosh_HD/Users/user302070/code/treasure-island-housing-expansion/evidence/housing-family-experiment/expansion-final-integration-002/images/w96215698-stock-spray.png sha256=00624c95d55b47ba10911774724a03f336ced16dbea8927174d393946a6b374b colors=68 luminance_range=0.608
VISUAL_SETTLED: id=w96665908-approach spawn_y=5.434 settled_y=2.434 ground_y=2.434 clearance=0.000 frames=125 recovery_delta=0
VISUAL_SETTLED: id=w96665908-jetpack spawn_y=5.290 settled_y=2.290 ground_y=2.290 clearance=0.000 frames=125 recovery_delta=0
VISUAL_CAPTURE: id=w96665908-jetpack-start region=w96665908 player=(-514.785,2.290,-694.973) camera=(-512.422,3.889,-699.923) grounded=true clearance=inf image=/Volumes/Macintosh_HD/Users/user302070/code/treasure-island-housing-expansion/evidence/housing-family-experiment/expansion-final-integration-002/images/w96665908-jetpack-start.png sha256=56a40016e5c7e5bc40bd3299bb56cf28590ca89916173c4323224e6a29ae9b0a colors=220 luminance_range=0.636
VISUAL_CAPTURE: id=w96665908-jetpack-ascent region=w96665908 player=(-514.785,4.708,-694.973) camera=(-512.422,6.306,-699.923) grounded=false clearance=inf image=/Volumes/Macintosh_HD/Users/user302070/code/treasure-island-housing-expansion/evidence/housing-family-experiment/expansion-final-integration-002/images/w96665908-jetpack-ascent.png sha256=91d3e1df18a178b6e418a8688fcc647fc8f0bbded8fbc3f47d29e6bbe95d4063 colors=235 luminance_range=0.606
VISUAL_CAPTURE: id=w96665908-jetpack-release region=w96665908 player=(-514.785,8.371,-694.973) camera=(-512.422,9.969,-699.923) grounded=false clearance=inf image=/Volumes/Macintosh_HD/Users/user302070/code/treasure-island-housing-expansion/evidence/housing-family-experiment/expansion-final-integration-002/images/w96665908-jetpack-release.png sha256=f4be8f8740b5a30e8f2f679c943abc533af024c96275186991e0cdae84b456b8 colors=203 luminance_range=0.828
VISUAL_CAPTURE: id=w96665908-stock-roof-oblique region=w96665908 player=(-514.785,8.781,-694.973) camera=(-512.424,11.252,-699.918) grounded=false clearance=inf image=/Volumes/Macintosh_HD/Users/user302070/code/treasure-island-housing-expansion/evidence/housing-family-experiment/expansion-final-integration-002/images/w96665908-stock-roof-oblique.png sha256=4bcba7f29fbbbd061ef1b5f16c89b9f374f2590eff8b8951682b3300fa3ec310 colors=274 luminance_range=0.788
VISUAL_CAPTURE: id=w96665908-jetpack-descent region=w96665908 player=(-514.785,8.673,-694.973) camera=(-512.424,11.144,-699.918) grounded=false clearance=inf image=/Volumes/Macintosh_HD/Users/user302070/code/treasure-island-housing-expansion/evidence/housing-family-experiment/expansion-final-integration-002/images/w96665908-jetpack-descent.png sha256=c21f5b93bf25b7dce768bbc3428e209cbbf22b8f9a33592193b502535dc36d1e colors=263 luminance_range=0.795
VISUAL_CAPTURE: id=w96665908-jetpack-landed region=w96665908 player=(-514.785,2.290,-694.973) camera=(-512.424,4.761,-699.918) grounded=true clearance=inf image=/Volumes/Macintosh_HD/Users/user302070/code/treasure-island-housing-expansion/evidence/housing-family-experiment/expansion-final-integration-002/images/w96665908-jetpack-landed.png sha256=614a612cd4bc3a9b57972874c85c8662e08497f6e267bced2e2806384841257a colors=263 luminance_range=0.590
VISUAL_SETTLED: id=w96665908-spray spawn_y=5.534 settled_y=2.534 ground_y=2.534 clearance=0.000 frames=126 recovery_delta=0
VISUAL_CAPTURE: id=w96665908-stock-spray region=w96665908 player=(-509.295,2.534,-674.689) camera=(-507.792,2.686,-676.891) grounded=true clearance=inf image=/Volumes/Macintosh_HD/Users/user302070/code/treasure-island-housing-expansion/evidence/housing-family-experiment/expansion-final-integration-002/images/w96665908-stock-spray.png sha256=7a92def2c0e303454ef8a0ff2c1532d3de33e50f205d43d7a4a48ba920f48357 colors=64 luminance_range=0.656
VISUAL_SETTLED: id=w96698619-approach spawn_y=5.934 settled_y=2.934 ground_y=2.934 clearance=0.000 frames=125 recovery_delta=0
VISUAL_SETTLED: id=w96698619-jetpack spawn_y=6.026 settled_y=3.026 ground_y=3.026 clearance=0.000 frames=125 recovery_delta=0
VISUAL_CAPTURE: id=w96698619-jetpack-start region=w96698619 player=(-56.760,3.026,-533.148) camera=(-52.607,4.837,-529.547) grounded=true clearance=inf image=/Volumes/Macintosh_HD/Users/user302070/code/treasure-island-housing-expansion/evidence/housing-family-experiment/expansion-final-integration-002/images/w96698619-jetpack-start.png sha256=6b8594a759b7bef21b688721dbf8c04beaef6596e32df1b40889c8ccc070e452 colors=242 luminance_range=0.732
VISUAL_CAPTURE: id=w96698619-jetpack-ascent region=w96698619 player=(-56.760,5.944,-533.148) camera=(-52.607,7.755,-529.547) grounded=false clearance=inf image=/Volumes/Macintosh_HD/Users/user302070/code/treasure-island-housing-expansion/evidence/housing-family-experiment/expansion-final-integration-002/images/w96698619-jetpack-ascent.png sha256=4f100ea741e5ac07dcd0ef60d6245ad73896e9e64df6058b425bf4cd68feab24 colors=205 luminance_range=0.792
VISUAL_CAPTURE: id=w96698619-jetpack-release region=w96698619 player=(-56.760,9.894,-533.148) camera=(-52.607,11.705,-529.547) grounded=false clearance=inf image=/Volumes/Macintosh_HD/Users/user302070/code/treasure-island-housing-expansion/evidence/housing-family-experiment/expansion-final-integration-002/images/w96698619-jetpack-release.png sha256=545bd91e8fb0a10ee1dac4b6668588b93e979fc47515cfb3244979eed4c4ae81 colors=156 luminance_range=0.804
VISUAL_CAPTURE: id=w96698619-stock-roof-oblique region=w96698619 player=(-56.760,10.457,-533.148) camera=(-52.696,13.605,-529.624) grounded=false clearance=inf image=/Volumes/Macintosh_HD/Users/user302070/code/treasure-island-housing-expansion/evidence/housing-family-experiment/expansion-final-integration-002/images/w96698619-stock-roof-oblique.png sha256=a0cee7973259efa40df6f0c790a5215ab039fecb0022cb3e5a8fd4b801a0c783 colors=265 luminance_range=0.789
VISUAL_CAPTURE: id=w96698619-jetpack-descent region=w96698619 player=(-56.760,9.534,-533.148) camera=(-52.696,12.681,-529.624) grounded=false clearance=inf image=/Volumes/Macintosh_HD/Users/user302070/code/treasure-island-housing-expansion/evidence/housing-family-experiment/expansion-final-integration-002/images/w96698619-jetpack-descent.png sha256=2da0f9c84ab7d3232d60676c44b3faca6b40a8f8ff49455de63cf6718406e0de colors=250 luminance_range=0.833
VISUAL_CAPTURE: id=w96698619-jetpack-landed region=w96698619 player=(-56.760,3.026,-533.148) camera=(-52.696,6.174,-529.624) grounded=true clearance=inf image=/Volumes/Macintosh_HD/Users/user302070/code/treasure-island-housing-expansion/evidence/housing-family-experiment/expansion-final-integration-002/images/w96698619-jetpack-landed.png sha256=d7419fbcb63e944cdc8204e0bd32d20b800ff4454cea1c985873a82ad6a6ebf4 colors=306 luminance_range=0.825
VISUAL_SETTLED: id=w96698619-spray spawn_y=5.944 settled_y=2.978 ground_y=2.944 clearance=0.034 frames=124 recovery_delta=0
VISUAL_CAPTURE: id=w96698619-stock-spray region=w96698619 player=(-84.780,2.978,-530.417) camera=(-83.750,3.131,-528.400) grounded=true clearance=inf image=/Volumes/Macintosh_HD/Users/user302070/code/treasure-island-housing-expansion/evidence/housing-family-experiment/expansion-final-integration-002/images/w96698619-stock-spray.png sha256=3873d0e6220a399055fed40828d7249c68b83382f6d7afe76b84c37e9ec99181 colors=136 luminance_range=0.735
VISUAL_SETTLED: id=w96698643-approach spawn_y=6.065 settled_y=3.066 ground_y=3.065 clearance=0.000 frames=125 recovery_delta=0
VISUAL_SETTLED: id=w96698643-jetpack spawn_y=5.795 settled_y=2.795 ground_y=2.795 clearance=0.000 frames=125 recovery_delta=0
VISUAL_CAPTURE: id=w96698643-jetpack-start region=w96698643 player=(-94.095,2.795,-642.519) camera=(-95.011,4.634,-637.099) grounded=true clearance=inf image=/Volumes/Macintosh_HD/Users/user302070/code/treasure-island-housing-expansion/evidence/housing-family-experiment/expansion-final-integration-002/images/w96698643-jetpack-start.png sha256=7ac7570fd9e43ec4846657f8dbc6554e1c05556078209270356c8dfa0c591dfb colors=207 luminance_range=0.605
VISUAL_CAPTURE: id=w96698643-jetpack-ascent region=w96698643 player=(-94.095,5.379,-642.519) camera=(-95.011,7.218,-637.098) grounded=false clearance=inf image=/Volumes/Macintosh_HD/Users/user302070/code/treasure-island-housing-expansion/evidence/housing-family-experiment/expansion-final-integration-002/images/w96698643-jetpack-ascent.png sha256=7fc108817d11623a43701038fd0361c72fc192490a56cc500cf1699b8810d6f5 colors=291 luminance_range=0.689
VISUAL_CAPTURE: id=w96698643-jetpack-release region=w96698643 player=(-94.095,9.119,-642.519) camera=(-95.011,10.958,-637.099) grounded=false clearance=inf image=/Volumes/Macintosh_HD/Users/user302070/code/treasure-island-housing-expansion/evidence/housing-family-experiment/expansion-final-integration-002/images/w96698643-jetpack-release.png sha256=a6c7d1e957ae8cb3fe495996bdc1e9a89d8287b6c310b7c3cbff0415a2ec3cfd colors=246 luminance_range=0.795
VISUAL_CAPTURE: id=w96698643-stock-roof-oblique region=w96698643 player=(-94.095,9.702,-642.519) camera=(-95.007,12.196,-637.118) grounded=false clearance=inf image=/Volumes/Macintosh_HD/Users/user302070/code/treasure-island-housing-expansion/evidence/housing-family-experiment/expansion-final-integration-002/images/w96698643-stock-roof-oblique.png sha256=800b8c3ed91746a49825fe4c697536a1c8ef9b25c21829ccaca45bb178a9e780 colors=272 luminance_range=0.767
VISUAL_CAPTURE: id=w96698643-jetpack-descent region=w96698643 player=(-94.095,9.169,-642.519) camera=(-95.007,11.662,-637.118) grounded=false clearance=inf image=/Volumes/Macintosh_HD/Users/user302070/code/treasure-island-housing-expansion/evidence/housing-family-experiment/expansion-final-integration-002/images/w96698643-jetpack-descent.png sha256=397a4a65c801244868744337eac3e72c4faa65efa00f4364fbb56e76a9f45676 colors=286 luminance_range=0.826
VISUAL_CAPTURE: id=w96698643-jetpack-landed region=w96698643 player=(-94.095,2.794,-642.519) camera=(-95.007,5.287,-637.118) grounded=true clearance=inf image=/Volumes/Macintosh_HD/Users/user302070/code/treasure-island-housing-expansion/evidence/housing-family-experiment/expansion-final-integration-002/images/w96698643-jetpack-landed.png sha256=a1d1bfbd6cff703996638d8af2b37c9f509eaf489a86ad22342a86500c0aa954 colors=237 luminance_range=0.686
VISUAL_SETTLED: id=w96698643-spray spawn_y=6.042 settled_y=3.076 ground_y=3.042 clearance=0.034 frames=124 recovery_delta=0
VISUAL_CAPTURE: id=w96698643-stock-spray region=w96698643 player=(-108.090,3.076,-654.922) camera=(-107.029,3.213,-652.937) grounded=true clearance=inf image=/Volumes/Macintosh_HD/Users/user302070/code/treasure-island-housing-expansion/evidence/housing-family-experiment/expansion-final-integration-002/images/w96698643-stock-spray.png sha256=76390628003c00b3a23243cf6fa8628ac83d73fcaf8ec20020f7bbd9655bbc0b colors=124 luminance_range=0.737
VISUAL_SETTLED: id=w96698648-approach spawn_y=6.252 settled_y=3.252 ground_y=3.252 clearance=0.000 frames=125 recovery_delta=0
VISUAL_SETTLED: id=w96698648-jetpack spawn_y=6.187 settled_y=3.187 ground_y=3.187 clearance=0.000 frames=125 recovery_delta=0
VISUAL_CAPTURE: id=w96698648-jetpack-start region=w96698648 player=(-55.309,3.187,-593.272) camera=(-49.982,5.073,-594.636) grounded=true clearance=inf image=/Volumes/Macintosh_HD/Users/user302070/code/treasure-island-housing-expansion/evidence/housing-family-experiment/expansion-final-integration-002/images/w96698648-jetpack-start.png sha256=93fdbea6e71598772285c8a4ede6b3ed6cfb59b47c4a1407bfc60652b6c3c26c colors=221 luminance_range=0.614
VISUAL_CAPTURE: id=w96698648-jetpack-ascent region=w96698648 player=(-55.309,5.854,-593.272) camera=(-49.982,7.740,-594.636) grounded=false clearance=inf image=/Volumes/Macintosh_HD/Users/user302070/code/treasure-island-housing-expansion/evidence/housing-family-experiment/expansion-final-integration-002/images/w96698648-jetpack-ascent.png sha256=069d12e26718ac847047ec1eb0dea3943be56121fd3a9411fda92a88f21a9d07 colors=170 luminance_range=0.640
VISUAL_CAPTURE: id=w96698648-jetpack-release region=w96698648 player=(-55.309,9.804,-593.272) camera=(-49.982,11.690,-594.636) grounded=false clearance=inf image=/Volumes/Macintosh_HD/Users/user302070/code/treasure-island-housing-expansion/evidence/housing-family-experiment/expansion-final-integration-002/images/w96698648-jetpack-release.png sha256=d0c723a1e25314916d5f52a7292eede81733602ca51c3530befa0242cc273a7c colors=163 luminance_range=0.808
VISUAL_CAPTURE: id=w96698648-stock-roof-oblique region=w96698648 player=(-55.309,10.288,-593.272) camera=(-50.073,13.309,-594.613) grounded=false clearance=inf image=/Volumes/Macintosh_HD/Users/user302070/code/treasure-island-housing-expansion/evidence/housing-family-experiment/expansion-final-integration-002/images/w96698648-stock-roof-oblique.png sha256=f40e07e061ab8a7f442fa93f954e250c6f5c89c4dba8ac0dbb4f8364dbdad281 colors=213 luminance_range=0.797
VISUAL_CAPTURE: id=w96698648-jetpack-descent region=w96698648 player=(-55.309,9.519,-593.272) camera=(-50.073,12.540,-594.613) grounded=false clearance=inf image=/Volumes/Macintosh_HD/Users/user302070/code/treasure-island-housing-expansion/evidence/housing-family-experiment/expansion-final-integration-002/images/w96698648-jetpack-descent.png sha256=b16e269b638a527246eb462b92d5b1370db43fca20bab316757580c884a9904c colors=215 luminance_range=0.839
VISUAL_CAPTURE: id=w96698648-jetpack-landed region=w96698648 player=(-55.309,3.187,-593.272) camera=(-50.073,6.208,-594.613) grounded=true clearance=inf image=/Volumes/Macintosh_HD/Users/user302070/code/treasure-island-housing-expansion/evidence/housing-family-experiment/expansion-final-integration-002/images/w96698648-jetpack-landed.png sha256=b99b4202db3003be2553065a71ce0defccac9c50412e52bbbe4c1ae5924910b4 colors=239 luminance_range=0.633
VISUAL_SETTLED: id=w96698648-spray spawn_y=6.262 settled_y=3.261 ground_y=3.262 clearance=-0.001 frames=126 recovery_delta=0
VISUAL_CAPTURE: id=w96698648-stock-spray region=w96698648 player=(-58.068,3.261,-571.993) camera=(-55.707,3.441,-573.217) grounded=true clearance=inf image=/Volumes/Macintosh_HD/Users/user302070/code/treasure-island-housing-expansion/evidence/housing-family-experiment/expansion-final-integration-002/images/w96698648-stock-spray.png sha256=ae81633510fb350e0331f694f0feb1f8df2b094a7a2de74a49105810f6b02669 colors=53 luminance_range=0.662
FAMILY_ROOF_GEOMETRY source=w96215678 aabb=[P: (-551.277, 8.145, -704.7132), S: (5.617065, 1.249992, 14.05927)] normal0=(-0.218426, 0.975806, -0.009681) points=7 triangles=5
FAMILY_ROOF_GEOMETRY source=w96215678 aabb=[P: (-545.8196, 8.145, -704.2495), S: (5.6203, 1.249992, 14.06354)] normal0=(0.232026, 0.972655, 0.010327) points=5 triangles=3
FAMILY_ROOF_GEOMETRY source=w96215678 aabb=[P: (-551.2756, 8.145, -695.647), S: (10.45355, 1.249992, 5.46106)] normal0=(-0.01029, 0.972647, 0.232061) points=4 triangles=2
FAMILY_ROOF_GEOMETRY source=w96215678 aabb=[P: (-550.6576, 8.145, -704.7132), S: (10.45825, 1.249992, 5.460999)] normal0=(0.010309, 0.972625, -0.232152) points=4 triangles=2
FAMILY_ROOF_GEOMETRY source=w96215678 aabb=[P: (-550.6575, 8.145, -719.5883), S: (6.353577, 1.25, 14.87225)] normal0=(-0.20485, 0.978751, -0.009081) points=4 triangles=2
FAMILY_ROOF_GEOMETRY source=w96215678 aabb=[P: (-544.4347, 8.145, -719.0601), S: (6.356567, 1.25, 14.625)] normal0=(0.204794, 0.978763, 0.009118) points=6 triangles=4
FAMILY_ROOF_GEOMETRY source=w96215678 aabb=[P: (-550.6576, 8.145, -710.4109), S: (11.68311, 1.25, 6.161072)] normal0=(-0.009154, 0.97877, 0.204759) points=6 triangles=4
FAMILY_ROOF_GEOMETRY source=w96215678 aabb=[P: (-550.0015, 8.145, -719.5883), S: (11.92334, 1.25, 6.225769)] normal0=(0.009099, 0.97879, -0.204664) points=6 triangles=4
FAMILY_ROOF_GEOMETRY source=w96215678 aabb=[P: (-538.4246, 8.145, -719.0769), S: (0.346558, 0.005278, 0.016846)] normal0=(0.015173, 0.999885, 0.000666) points=3 triangles=1
FAMILY_ROOF_GEOMETRY source=w96215678 aabb=[P: (-538.7712, 8.145, -719.0908), S: (0.693115, 0.005278, 0.030762)] normal0=(-0.042724, 0.268098, 0.962444) points=3 triangles=1
FAMILY_ROOF_GEOMETRY source=w96215678 aabb=[P: (-550.0013, 8.145, -733.746), S: (5.667725, 1.249992, 14.15491)] normal0=(-0.23007, 0.973121, -0.010202) points=5 triangles=3
FAMILY_ROOF_GEOMETRY source=w96215678 aabb=[P: (-544.4933, 8.145, -733.2753), S: (5.667175, 1.249992, 14.15442)] normal0=(0.230048, 0.973126, 0.010202) points=4 triangles=2
FAMILY_ROOF_GEOMETRY source=w96215678 aabb=[P: (-550.0015, 8.145, -724.6319), S: (10.55157, 1.249992, 5.511047)] normal0=(-0.0102, 0.973177, 0.229831) points=4 triangles=2
FAMILY_ROOF_GEOMETRY source=w96215678 aabb=[P: (-549.3771, 8.145, -733.746), S: (10.55109, 1.249992, 5.510986)] normal0=(0.010137, 0.973456, -0.228649) points=6 triangles=4
FAMILY_ROOF_GEOMETRY source=w96665904 aabb=[P: (-177.6843, 8.155, -888.958), S: (9.833679, 1.25, 11.16809)] normal0=(0.172891, 0.974988, -0.139669) points=6 triangles=4
FAMILY_ROOF_GEOMETRY source=w96665904 aabb=[P: (-185.394, 8.155, -882.0679), S: (9.845215, 1.25, 11.0946)] normal0=(-0.172919, 0.974976, 0.139715) points=6 triangles=4
FAMILY_ROOF_GEOMETRY source=w96665904 aabb=[P: (-185.394, 8.155, -888.957), S: (8.52771, 1.25, 7.707336)] normal0=(-0.139737, 0.974973, -0.172922) points=3 triangles=1
FAMILY_ROOF_GEOMETRY source=w96665904 aabb=[P: (-176.359, 8.155, -878.6069), S: (8.513519, 1.25, 7.659912)] normal0=(0.139179, 0.975159, 0.17232) points=6 triangles=4
FAMILY_ROOF_GEOMETRY source=w96665904 aabb=[P: (-167.2072, 8.155, -878.9211), S: (10.04865, 1.25, 11.18915)] normal0=(0.155741, 0.979753, -0.125813) points=5 triangles=3
FAMILY_ROOF_GEOMETRY source=w96665904 aabb=[P: (-174.8828, 8.286647, -871.2498), S: (9.122253, 1.118353, 10.24023)] normal0=(-0.155763, 0.979749, 0.125815) points=7 triangles=5
FAMILY_ROOF_GEOMETRY source=w96665904 aabb=[P: (-175.8092, 8.155, -878.929), S: (9.502686, 1.25, 8.493958)] normal0=(-0.125922, 0.979733, -0.155776) points=8 triangles=6
FAMILY_ROOF_GEOMETRY source=w96665904 aabb=[P: (-166.5797, 8.155, -868.6449), S: (9.421143, 1.25, 8.526123)] normal0=(0.125815, 0.979749, 0.155763) points=5 triangles=3
FAMILY_ROOF_GEOMETRY source=w96665904 aabb=[P: (-158.1019, 8.478888, -865.3536), S: (8.093597, 0.926112, 9.077759)] normal0=(0.150442, 0.981123, -0.121512) points=5 triangles=3
FAMILY_ROOF_GEOMETRY source=w96665904 aabb=[P: (-157.2567, 8.155, -867.7286), S: (0.52771, 0.133927, 0.949585)] normal0=(0.119479, 0.979955, -0.159414) points=5 triangles=3
FAMILY_ROOF_GEOMETRY source=w96665904 aabb=[P: (-167.017, 8.155, -859.7621), S: (10.40134, 1.25, 11.62646)] normal0=(-0.150425, 0.98112, 0.121553) points=9 triangles=7
FAMILY_ROOF_GEOMETRY source=w96665904 aabb=[P: (-167.0132, 8.155, -867.7319), S: (9.8573, 1.25, 8.915649)] normal0=(-0.119864, 0.981469, -0.149505) points=9 triangles=7
FAMILY_ROOF_GEOMETRY source=w96665904 aabb=[P: (-157.5541, 8.155, -856.9772), S: (8.56308, 1.25, 8.884155)] normal0=(0.121464, 0.981139, 0.150373) points=5 triangles=3
FAMILY_ROOF_GEOMETRY source=w96665911 aabb=[P: (-345.8325, 7.695, -822.3261), S: (7.917236, 1.1, 13.00861)] normal0=(-0.183719, 0.980861, -0.064497) points=4 triangles=2
FAMILY_ROOF_GEOMETRY source=w96665911 aabb=[P: (-338.819, 7.87014, -818.1147), S: (6.843628, 0.92486, 11.3681)] normal0=(0.183698, 0.980865, 0.064496) points=4 triangles=2
FAMILY_ROOF_GEOMETRY source=w96665911 aabb=[P: (-345.843, 7.695, -812.6865), S: (9.877289, 1.1, 6.772522)] normal0=(-0.064539, 0.980844, 0.18379) points=6 triangles=4
FAMILY_ROOF_GEOMETRY source=w96665911 aabb=[P: (-341.3089, 7.695, -822.3261), S: (10.45837, 1.1, 7.064758)] normal0=(0.064605, 0.980814, -0.183928) points=5 triangles=3
FAMILY_ROOF_GEOMETRY source=w96665911 aabb=[P: (-341.2943, 7.695, -836.569), S: (8.615234, 1.099994, 14.20105)] normal0=(-0.170036, 0.98363, -0.059672) points=5 triangles=3
FAMILY_ROOF_GEOMETRY source=w96665911 aabb=[P: (-333.6954, 7.695, -832.5486), S: (8.583588, 1.099994, 14.17755)] normal0=(0.169978, 0.983637, 0.059708) points=7 triangles=5
FAMILY_ROOF_GEOMETRY source=w96665911 aabb=[P: (-341.3089, 7.695, -826.0182), S: (11.28571, 1.099994, 7.64447)] normal0=(-0.059669, 0.983641, 0.169972) points=5 triangles=3
FAMILY_ROOF_GEOMETRY source=w96665911 aabb=[P: (-336.3564, 7.695, -836.569), S: (11.26544, 1.099994, 7.655457)] normal0=(0.059424, 0.983784, -0.169224) points=5 triangles=3
FAMILY_ROOF_GEOMETRY source=w96665911 aabb=[P: (-336.3431, 7.695, -849.496), S: (7.905518, 1.099994, 12.88861)] normal0=(-0.182656, 0.981075, -0.064252) points=5 triangles=3
FAMILY_ROOF_GEOMETRY source=w96665911 aabb=[P: (-329.2936, 7.855357, -845.3463), S: (6.921997, 0.939638, 11.3844)] normal0=(0.182794, 0.981054, 0.064179) points=4 triangles=2
FAMILY_ROOF_GEOMETRY source=w96665911 aabb=[P: (-336.3564, 7.695, -839.9937), S: (10.47394, 1.099994, 7.101196)] normal0=(-0.064174, 0.981079, 0.182665) points=6 triangles=4
FAMILY_ROOF_GEOMETRY source=w96665911 aabb=[P: (-331.8245, 7.695, -849.483), S: (9.72345, 1.099994, 7.050598)] normal0=(0.064195, 0.981069, -0.182711) points=4 triangles=2
FAMILY_ROOF_GEOMETRY source=w96215646 aabb=[P: (-278.3344, 8.405, -661.3797), S: (0.381592, 0.000367, 0.030212)] normal0=(-0.078535, 0.091344, 0.992718) points=3 triangles=1
FAMILY_ROOF_GEOMETRY source=w96215646 aabb=[P: (-278.716, 8.405, -661.4099), S: (0.381622, 0.000367, 0.030212)] normal0=(-0.000978, 1.0, -0.000076) points=3 triangles=1
FAMILY_ROOF_GEOMETRY source=w96215646 aabb=[P: (-278.716, 8.405, -661.4099), S: (0.416321, 0.000367, 0.032959)] normal0=(0.078518, 0.091361, -0.992718) points=3 triangles=1
FAMILY_ROOF_GEOMETRY source=w96215646 aabb=[P: (-278.716, 8.405, -661.4096), S: (0.763214, 0.000367, 0.06012)] normal0=(-0.072464, 0.385274, 0.919953) points=3 triangles=1
FAMILY_ROOF_GEOMETRY source=w96215646 aabb=[P: (-271.1329, 8.405, -674.7025), S: (6.168945, 1.149997, 14.28204)] normal0=(0.202546, 0.979142, 0.015991) points=7 triangles=5
FAMILY_ROOF_GEOMETRY source=w96215646 aabb=[P: (-277.0368, 8.405, -675.568), S: (6.167236, 1.149997, 14.2887)] normal0=(-0.20436, 0.978764, -0.016085) points=7 triangles=5
FAMILY_ROOF_GEOMETRY source=w96215646 aabb=[P: (-275.9111, 8.405, -675.57), S: (10.94162, 1.149997, 5.905884)] normal0=(0.016101, 0.978802, -0.204173) points=4 triangles=2
FAMILY_ROOF_GEOMETRY source=w96215646 aabb=[P: (-277.037, 8.405, -666.3209), S: (10.94272, 1.149997, 5.905579)] normal0=(-0.016168, 0.978586, 0.205202) points=5 triangles=3
FAMILY_ROOF_GEOMETRY source=w96215646 aabb=[P: (-273.0963, 8.610164, -659.3782), S: (5.787048, 0.944831, 12.81958)] normal0=(0.178158, 0.983901, 0.014088) points=4 triangles=2
FAMILY_ROOF_GEOMETRY source=w96215646 aabb=[P: (-266.8586, 8.405, -660.4153), S: (0.763916, 0.129039, 0.708435)] normal0=(0.178158, 0.983901, 0.014088) points=3 triangles=1
FAMILY_ROOF_GEOMETRY source=w96215646 aabb=[P: (-279.9028, 8.405, -661.4096), S: (7.000275, 1.149995, 15.07971)] normal0=(-0.178214, 0.983891, -0.014053) points=7 triangles=5
FAMILY_ROOF_GEOMETRY source=w96215646 aabb=[P: (-278.716, 8.405, -661.4096), S: (12.62137, 1.149995, 6.8078)] normal0=(0.014034, 0.983903, -0.178149) points=9 triangles=7
FAMILY_ROOF_GEOMETRY source=w96215646 aabb=[P: (-279.9029, 8.405, -652.1423), S: (11.57474, 1.149995, 6.718384)] normal0=(-0.014052, 0.983895, 0.178193) points=8 triangles=6
FAMILY_ROOF_GEOMETRY source=w96215646 aabb=[P: (-279.903, 8.405, -646.3287), S: (0.470673, 0.001898, 0.037964)] normal0=(-0.004015, 0.999992, -0.000291) points=3 triangles=1
FAMILY_ROOF_GEOMETRY source=w96215646 aabb=[P: (-279.9029, 8.405, -646.3287), S: (0.958649, 0.001898, 0.075562)] normal0=(0.071428, 0.41754, -0.905847) points=3 triangles=1
FAMILY_ROOF_GEOMETRY source=w96215646 aabb=[P: (-273.2894, 8.405, -645.2115), S: (6.136322, 1.149997, 14.30255)] normal0=(0.205598, 0.978502, 0.016246) points=6 triangles=4
FAMILY_ROOF_GEOMETRY source=w96215646 aabb=[P: (-279.156, 8.405, -646.1804), S: (6.145233, 1.149997, 14.41388)] normal0=(-0.205648, 0.978492, -0.016173) points=7 triangles=5
FAMILY_ROOF_GEOMETRY source=w96215646 aabb=[P: (-278.0211, 8.405, -646.1804), S: (10.74664, 1.149997, 5.86731)] normal0=(0.016227, 0.978512, -0.205552) points=5 triangles=3
FAMILY_ROOF_GEOMETRY source=w96215646 aabb=[P: (-279.156, 8.405, -636.7763), S: (10.87698, 1.149997, 5.86731)] normal0=(-0.01625, 0.97843, 0.205938) points=4 triangles=2
FAMILY_ROOF_GEOMETRY source=w96215693 aabb=[P: (-259.7573, 8.895, -569.9622), S: (14.30548, 0.669999, 6.045227)] normal0=(-0.008277, 0.992454, 0.122341) points=6 triangles=4
FAMILY_ROOF_GEOMETRY source=w96215693 aabb=[P: (-259.02, 8.895, -575.7714), S: (14.30237, 0.669999, 6.040466)] normal0=(0.00822, 0.992553, -0.121539) points=8 triangles=6
FAMILY_ROOF_GEOMETRY source=w96215693 aabb=[P: (-250.5269, 8.895, -574.8043), S: (5.813904, 0.669999, 10.88458)] normal0=(0.121389, 0.992571, 0.008236) points=4 triangles=2
FAMILY_ROOF_GEOMETRY source=w96215693 aabb=[P: (-259.7606, 8.895, -575.7717), S: (5.813965, 0.669999, 10.88409)] normal0=(-0.121943, 0.992503, -0.008275) points=8 triangles=6
FAMILY_ROOF_GEOMETRY source=w96215693 aabb=[P: (-259.0476, 8.895, -575.772), S: (0.022949, 0.003553, 0.314392)] normal0=(0.000834, 0.999937, -0.011226) points=3 triangles=1
FAMILY_ROOF_GEOMETRY source=w96215693 aabb=[P: (-259.0673, 8.895, -575.7717), S: (0.042694, 0.003553, 0.631409)] normal0=(0.899683, 0.432276, 0.060891) points=3 triangles=1
FAMILY_ROOF_GEOMETRY source=w96215693 aabb=[P: (-273.5533, 8.895, -576.6071), S: (0.016296, 0.002106, 0.230164)] normal0=(0.00077, 0.999959, -0.009045) points=3 triangles=1
FAMILY_ROOF_GEOMETRY source=w96215693 aabb=[P: (-273.5699, 8.895, -576.6071), S: (0.031433, 0.002106, 0.464844)] normal0=(-0.938326, 0.339881, -0.063443) points=3 triangles=1
FAMILY_ROOF_GEOMETRY source=w96215693 aabb=[P: (-274.3889, 8.895, -569.3411), S: (14.38455, 0.669996, 6.337097)] normal0=(-0.007818, 0.99332, 0.115127) points=6 triangles=4
FAMILY_ROOF_GEOMETRY source=w96215693 aabb=[P: (-273.6134, 8.895, -575.4828), S: (14.50299, 0.669996, 6.344299)] normal0=(0.007801, 0.993325, -0.115087) points=6 triangles=4
FAMILY_ROOF_GEOMETRY source=w96215693 aabb=[P: (-265.2533, 8.895, -574.5032), S: (6.142883, 0.669996, 11.37506)] normal0=(0.115127, 0.99332, 0.007818) points=5 triangles=3
FAMILY_ROOF_GEOMETRY source=w96215693 aabb=[P: (-274.3924, 8.895, -575.4829), S: (6.142639, 0.669996, 11.5033)] normal0=(-0.114913, 0.993345, -0.007748) points=5 triangles=3
FAMILY_ROOF_GEOMETRY source=w96215693 aabb=[P: (-287.624, 9.072434, -570.884), S: (11.66479, 0.492565, 5.110046)] normal0=(-0.007109, 0.994446, 0.105008) points=4 triangles=2
FAMILY_ROOF_GEOMETRY source=w96215693 aabb=[P: (-275.102, 8.895, -564.7374), S: (0.709625, 0.075267, 0.757507)] normal0=(-0.007109, 0.994446, 0.105008) points=3 triangles=1
FAMILY_ROOF_GEOMETRY source=w96215693 aabb=[P: (-288.5493, 8.895, -577.6196), S: (15.00656, 0.669999, 6.896912)] normal0=(0.007125, 0.99445, -0.104973) points=8 triangles=6
FAMILY_ROOF_GEOMETRY source=w96215693 aabb=[P: (-280.281, 8.895, -576.6074), S: (6.742493, 0.669999, 12.62756)] normal0=(0.104679, 0.99448, 0.007141) points=11 triangles=9
FAMILY_ROOF_GEOMETRY source=w96215693 aabb=[P: (-289.294, 8.895, -577.6201), S: (6.627106, 0.669999, 11.06519)] normal0=(-0.089978, 0.995925, -0.006082) points=8 triangles=6
FAMILY_ROOF_GEOMETRY source=w96665916 aabb=[P: (-173.6513, 8.875, -752.8254), S: (7.83844, 0.669999, 13.86621)] normal0=(-0.109054, 0.993632, 0.028321) points=4 triangles=2
FAMILY_ROOF_GEOMETRY source=w96665916 aabb=[P: (-166.4448, 8.970147, -754.7739), S: (6.813736, 0.574852, 12.24487)] normal0=(0.109035, 0.993634, -0.02832) points=7 triangles=5
FAMILY_ROOF_GEOMETRY source=w96665916 aabb=[P: (-170.0431, 8.875, -746.1605), S: (10.62309, 0.669999, 7.205444)] normal0=(0.028282, 0.993646, 0.108937) points=6 triangles=4
FAMILY_ROOF_GEOMETRY source=w96665916 aabb=[P: (-173.6513, 8.875, -755.7986), S: (11.43977, 0.669999, 7.206482)] normal0=(-0.021347, 0.996397, -0.082082) points=5 triangles=3
FAMILY_ROOF_GEOMETRY source=w96665916 aabb=[P: (-176.0856, 8.993962, -766.6594), S: (6.968521, 0.551038, 12.46234)] normal0=(-0.101889, 0.994443, 0.02647) points=5 triangles=3
FAMILY_ROOF_GEOMETRY source=w96665916 aabb=[P: (-173.831, 8.875, -753.6917), S: (0.6884, 0.075188, 0.866028)] normal0=(-0.101889, 0.994443, 0.02647) points=3 triangles=1
FAMILY_ROOF_GEOMETRY source=w96665916 aabb=[P: (-169.7371, 8.875, -770.6354), S: (8.339066, 0.67, 14.62543)] normal0=(0.101871, 0.994445, -0.02647) points=9 triangles=7
FAMILY_ROOF_GEOMETRY source=w96665916 aabb=[P: (-173.6514, 8.875, -760.5444), S: (12.25328, 0.669997, 7.718933)] normal0=(0.025898, 0.994679, 0.099712) points=8 triangles=6
FAMILY_ROOF_GEOMETRY source=w96665916 aabb=[P: (-176.3684, 8.875, -770.6464), S: (11.1577, 0.67, 7.716248)] normal0=(-0.026486, 0.994451, -0.101816) points=8 triangles=6
FAMILY_ROOF_GEOMETRY source=w96665916 aabb=[P: (-166.1285, 8.875, -770.5283), S: (0.45726, 0.001211, 0.11969)] normal0=(0.187933, 0.662851, 0.724782) points=3 triangles=1
FAMILY_ROOF_GEOMETRY source=w96665916 aabb=[P: (-165.6712, 8.875, -770.6481), S: (0.457672, 0.001211, 0.119812)] normal0=(0.00251, 0.999997, -0.000597) points=3 triangles=1
FAMILY_ROOF_GEOMETRY source=w96665916 aabb=[P: (-166.1285, 8.875, -770.6464), S: (0.914932, 0.001211, 0.237793)] normal0=(0.208298, 0.560486, 0.80154) points=3 triangles=1
FAMILY_ROOF_GEOMETRY source=w96665916 aabb=[P: (-165.679, 8.875, -770.6481), S: (0.464996, 0.001211, 0.121826)] normal0=(-0.178465, 0.703319, -0.688108) points=3 triangles=1
FAMILY_ROOF_GEOMETRY source=w96665916 aabb=[P: (-181.244, 8.875, -781.4252), S: (7.547852, 0.67, 13.88312)] normal0=(-0.119072, 0.992406, 0.030871) points=8 triangles=6
FAMILY_ROOF_GEOMETRY source=w96665916 aabb=[P: (-174.5895, 8.875, -784.1688), S: (7.545273, 0.67, 13.99518)] normal0=(0.117948, 0.992548, -0.030593) points=6 triangles=4
FAMILY_ROOF_GEOMETRY source=w96665916 aabb=[P: (-177.5207, 8.875, -774.0813), S: (10.47723, 0.67, 6.51062)] normal0=(0.030423, 0.992508, 0.118332) points=6 triangles=4
FAMILY_ROOF_GEOMETRY source=w96665916 aabb=[P: (-181.2398, 8.875, -784.173), S: (10.55693, 0.67, 6.65448)] normal0=(-0.025157, 0.994983, -0.096826) points=5 triangles=3
FAMILY_ROOF_GEOMETRY source=w96215668 aabb=[P: (-254.8865, 8.355, -847.2394), S: (12.88144, 0.67, 8.908936)] normal0=(0.055449, 0.992408, 0.109785) points=6 triangles=4
FAMILY_ROOF_GEOMETRY source=w96215668 aabb=[P: (-259.767, 8.355, -854.505), S: (12.92596, 0.67, 8.921875)] normal0=(-0.055272, 0.992351, -0.110385) points=6 triangles=4
FAMILY_ROOF_GEOMETRY source=w96215668 aabb=[P: (-249.2276, 8.355, -854.5051), S: (7.20105, 0.67, 9.630981)] normal0=(0.085193, 0.994332, -0.063615) points=5 triangles=3
FAMILY_ROOF_GEOMETRY source=w96215668 aabb=[P: (-259.7656, 8.355, -847.9683), S: (7.261353, 0.67, 9.642151)] normal0=(-0.109792, 0.992403, 0.055523) points=5 triangles=3
FAMILY_ROOF_GEOMETRY source=w96215668 aabb=[P: (-254.1745, 8.355, -836.9047), S: (0.035446, 0.017639, 0.067505)] normal0=(0.103182, 0.973198, 0.205523) points=3 triangles=1
FAMILY_ROOF_GEOMETRY source=w96215668 aabb=[P: (-254.21, 8.355, -836.9707), S: (0.067474, 0.017639, 0.133484)] normal0=(-0.886971, 0.110654, 0.448373) points=3 triangles=1
FAMILY_ROOF_GEOMETRY source=w96215668 aabb=[P: (-271.9273, 8.355, -841.5591), S: (0.180023, 0.026641, 0.336731)] normal0=(-0.032349, 0.997416, -0.064148) points=3 triangles=1
FAMILY_ROOF_GEOMETRY source=w96215668 aabb=[P: (-271.9273, 8.355, -841.5458), S: (0.333771, 0.026641, 0.660278)] normal0=(-0.781094, 0.48373, 0.39484) points=3 triangles=1
FAMILY_ROOF_GEOMETRY source=w96215668 aabb=[P: (-266.3803, 8.355, -839.3942), S: (12.23778, 0.67, 8.700134)] normal0=(0.047865, 0.99435, 0.094742) points=7 triangles=5
FAMILY_ROOF_GEOMETRY source=w96215668 aabb=[P: (-270.5051, 8.452642, -845.9971), S: (10.74683, 0.572357, 7.577515)] normal0=(-0.051841, 0.993377, -0.102543) points=4 triangles=2
FAMILY_ROOF_GEOMETRY source=w96215668 aabb=[P: (-261.9271, 8.355, -847.1787), S: (7.784531, 0.67, 10.34149)] normal0=(0.102518, 0.993382, -0.051785) points=8 triangles=6
FAMILY_ROOF_GEOMETRY source=w96215668 aabb=[P: (-271.2597, 8.355, -840.6039), S: (7.404724, 0.67, 9.872375)] normal0=(-0.102541, 0.993378, 0.051822) points=6 triangles=4
FAMILY_ROOF_GEOMETRY source=w96215668 aabb=[P: (-278.4264, 8.507486, -833.2169), S: (10.19553, 0.517513, 7.245117)] normal0=(0.048375, 0.994232, 0.095725) points=4 triangles=2
FAMILY_ROOF_GEOMETRY source=w96215668 aabb=[P: (-279.0603, 8.355, -824.348), S: (0.212311, 0.024665, 0.306458)] normal0=(0.048373, 0.994235, 0.095687) points=3 triangles=1
FAMILY_ROOF_GEOMETRY source=w96215668 aabb=[P: (-284.6511, 8.355, -841.537), S: (12.7063, 0.67, 9.149902)] normal0=(-0.04836, 0.994225, -0.095799) points=5 triangles=3
FAMILY_ROOF_GEOMETRY source=w96215668 aabb=[P: (-274.6777, 8.355, -841.5458), S: (7.709961, 0.67, 10.44666)] normal0=(0.095744, 0.99423, -0.048376) points=8 triangles=6
FAMILY_ROOF_GEOMETRY source=w96215668 aabb=[P: (-284.6441, 8.355, -835.1217), S: (8.325043, 0.67, 11.08044)] normal0=(-0.097935, 0.99396, 0.049516) points=8 triangles=6
FAMILY_ROOF_GEOMETRY source=w96215668 aabb=[P: (-291.4752, 8.355, -826.582), S: (12.41431, 0.669997, 8.772461)] normal0=(0.052142, 0.993295, 0.10318) points=5 triangles=3
FAMILY_ROOF_GEOMETRY source=w96215668 aabb=[P: (-295.466, 8.460734, -833.0964), S: (10.80945, 0.564262, 7.603821)] normal0=(-0.052161, 0.993294, -0.103182) points=7 triangles=5
FAMILY_ROOF_GEOMETRY source=w96215668 aabb=[P: (-286.7964, 8.355, -834.3175), S: (7.735443, 0.669997, 10.27625)] normal0=(0.103116, 0.993306, -0.052066) points=5 triangles=3
FAMILY_ROOF_GEOMETRY source=w96215668 aabb=[P: (-296.2581, 8.355, -827.6324), S: (7.306488, 0.669997, 9.840332)] normal0=(-0.103184, 0.993293, 0.052179) points=6 triangles=4
FAMILY_ROOF_GEOMETRY source=w96665893 aabb=[P: (-222.9298, 8.625, -570.1088), S: (15.31078, 0.67, 6.21936)] normal0=(0.005973, 0.993235, 0.115967) points=4 triangles=2
FAMILY_ROOF_GEOMETRY source=w96665893 aabb=[P: (-223.5197, 8.625, -576.128), S: (15.31555, 0.67, 6.218689)] normal0=(-0.00599, 0.993239, -0.115932) points=7 triangles=5
FAMILY_ROOF_GEOMETRY source=w96665893 aabb=[P: (-213.6329, 8.625, -576.128), S: (6.01796, 0.67, 11.44324)] normal0=(0.115457, 0.993295, -0.005936) points=6 triangles=4
FAMILY_ROOF_GEOMETRY source=w96665893 aabb=[P: (-223.5203, 8.625, -575.3381), S: (6.019806, 0.67, 11.44867)] normal0=(-0.116009, 0.99323, 0.006007) points=7 triangles=5
FAMILY_ROOF_GEOMETRY source=w96665893 aabb=[P: (-223.521, 8.625, -575.338), S: (0.019562, 0.000652, 0.372009)] normal0=(0.0, 0.999999, -0.001727) points=3 triangles=1
FAMILY_ROOF_GEOMETRY source=w96665893 aabb=[P: (-223.5203, 8.625, -575.338), S: (0.038757, 0.000652, 0.751465)] normal0=(0.876151, 0.479918, -0.045135) points=3 triangles=1
FAMILY_ROOF_GEOMETRY source=w96665893 aabb=[P: (-237.6521, 8.625, -567.6841), S: (14.69312, 0.67, 6.317078)] normal0=(0.005824, 0.993536, 0.11337) points=7 triangles=5
FAMILY_ROOF_GEOMETRY source=w96665893 aabb=[P: (-238.259, 8.625, -573.8346), S: (14.80914, 0.67, 6.310608)] normal0=(-0.005875, 0.993535, -0.113376) points=8 triangles=6
FAMILY_ROOF_GEOMETRY source=w96665893 aabb=[P: (-228.997, 8.625, -573.835), S: (6.067261, 0.67, 11.5907)] normal0=(0.113422, 0.99353, -0.00579) points=6 triangles=4
FAMILY_ROOF_GEOMETRY source=w96665893 aabb=[P: (-238.259, 8.625, -573.0779), S: (6.15802, 0.67, 11.7088)] normal0=(-0.113374, 0.993535, 0.005858) points=4 triangles=2
FAMILY_ROOF_GEOMETRY source=w96215698 aabb=[P: (-321.125, 9.045, -649.0114), S: (6.495697, 0.669996, 14.29547)] normal0=(-0.112484, 0.99362, -0.00811) points=7 triangles=5
FAMILY_ROOF_GEOMETRY source=w96215698 aabb=[P: (-314.8105, 9.139506, -647.3906), S: (5.60257, 0.57549, 12.63086)] normal0=(0.112428, 0.993627, 0.00811) points=7 triangles=5
FAMILY_ROOF_GEOMETRY source=w96215698 aabb=[P: (-321.1231, 9.045, -640.1806), S: (11.0054, 0.669996, 6.254578)] normal0=(-0.00811, 0.993627, 0.112428) points=5 triangles=3
FAMILY_ROOF_GEOMETRY source=w96215698 aabb=[P: (-320.0952, 9.045, -649.012), S: (11.78052, 0.669996, 6.314575)] normal0=(0.008127, 0.993622, -0.112467) points=6 triangles=4
FAMILY_ROOF_GEOMETRY source=w96215698 aabb=[P: (-318.8882, 9.164452, -662.8906), S: (5.739563, 0.550549, 12.83386)] normal0=(-0.104998, 0.994444, -0.007551) points=4 triangles=2
FAMILY_ROOF_GEOMETRY source=w96215698 aabb=[P: (-320.0952, 9.045, -649.722), S: (0.763245, 0.075538, 0.710022)] normal0=(-0.106576, 0.994178, 0.015863) points=4 triangles=2
FAMILY_ROOF_GEOMETRY source=w96215698 aabb=[P: (-313.3256, 9.045, -663.1899), S: (6.946503, 0.67, 15.08173)] normal0=(0.104946, 0.994449, 0.007584) points=7 triangles=5
FAMILY_ROOF_GEOMETRY source=w96215698 aabb=[P: (-320.0952, 9.045, -654.8723), S: (12.62515, 0.67, 6.764282)] normal0=(-0.007584, 0.994453, 0.104909) points=8 triangles=6
FAMILY_ROOF_GEOMETRY source=w96215698 aabb=[P: (-317.9627, 9.045, -664.018), S: (11.58365, 0.67, 6.688416)] normal0=(0.007567, 0.994457, -0.104871) points=7 triangles=5
FAMILY_ROOF_GEOMETRY source=w96215698 aabb=[P: (-306.8382, 9.045, -663.2235), S: (0.459198, 0.00069, 0.03363)] normal0=(0.001482, 0.999999, 0.000107) points=3 triangles=1
FAMILY_ROOF_GEOMETRY source=w96215698 aabb=[P: (-307.3245, 9.045, -663.2579), S: (0.945404, 0.00069, 0.068054)] normal0=(-0.055073, 0.642023, 0.764704) points=3 triangles=1
FAMILY_ROOF_GEOMETRY source=w96215698 aabb=[P: (-319.138, 9.045, -678.5418), S: (6.076813, 0.67, 14.31281)] normal0=(-0.121621, 0.992538, -0.008756) points=7 triangles=5
FAMILY_ROOF_GEOMETRY source=w96215698 aabb=[P: (-313.317, 9.045, -677.7525), S: (6.085022, 0.67, 14.4256)] normal0=(0.121825, 0.99251, 0.009034) points=8 triangles=6
FAMILY_ROOF_GEOMETRY source=w96215698 aabb=[P: (-319.0099, 9.045, -669.1572), S: (10.74011, 0.669996, 5.831177)] normal0=(-0.008617, 0.992553, 0.12151) points=6 triangles=4
FAMILY_ROOF_GEOMETRY source=w96215698 aabb=[P: (-318.109, 9.045, -678.542), S: (10.87177, 0.67, 5.831238)] normal0=(0.00885, 0.992393, -0.122789) points=5 triangles=3
FAMILY_ROOF_GEOMETRY source=w96665908 aabb=[P: (-525.5779, 8.67608, -671.9448), S: (8.216431, 0.448917, 6.698853)] normal0=(0.13136, 0.972522, -0.192214) points=5 triangles=3
FAMILY_ROOF_GEOMETRY source=w96665908 aabb=[P: (-528.4225, 8.455, -670.4559), S: (0.722046, 0.056217, 0.429871)] normal0=(-0.060605, 0.994203, 0.088805) points=3 triangles=1
FAMILY_ROOF_GEOMETRY source=w96665908 aabb=[P: (-521.4372, 8.455, -680.5537), S: (11.59317, 0.669997, 9.53833)] normal0=(0.060622, 0.994206, -0.088769) points=7 triangles=5
FAMILY_ROOF_GEOMETRY source=w96665908 aabb=[P: (-518.4504, 8.455, -672.6395), S: (8.604675, 0.669997, 8.546448)] normal0=(0.108247, 0.991373, 0.073901) points=6 triangles=4
FAMILY_ROOF_GEOMETRY source=w96665908 aabb=[P: (-528.4229, 8.455, -680.5544), S: (8.610535, 0.669997, 10.2348)] normal0=(-0.089777, 0.994077, -0.061243) points=11 triangles=9
FAMILY_ROOF_GEOMETRY source=w96665908 aabb=[P: (-521.6298, 8.455, -680.557), S: (0.191528, 0.004468, 0.279175)] normal0=(0.007459, 0.999912, -0.010955) points=3 triangles=1
FAMILY_ROOF_GEOMETRY source=w96665908 aabb=[P: (-521.8201, 8.455, -680.5544), S: (0.381775, 0.004468, 0.559448)] normal0=(0.735462, 0.455141, 0.501939) points=3 triangles=1
FAMILY_ROOF_GEOMETRY source=w96665908 aabb=[P: (-540.365, 8.455, -679.9269), S: (11.94214, 0.67, 9.607056)] normal0=(-0.067928, 0.992712, 0.099545) points=6 triangles=4
FAMILY_ROOF_GEOMETRY source=w96665908 aabb=[P: (-534.153, 8.455, -687.593), S: (11.94794, 0.67, 9.602051)] normal0=(0.067982, 0.992711, -0.099512) points=6 triangles=4
FAMILY_ROOF_GEOMETRY source=w96665908 aabb=[P: (-529.8707, 8.455, -679.4378), S: (7.668884, 0.67, 9.117981)] normal0=(0.10008, 0.99263, 0.068332) points=4 triangles=2
FAMILY_ROOF_GEOMETRY source=w96665908 aabb=[P: (-540.373, 8.455, -687.5858), S: (7.665649, 0.67, 9.104248)] normal0=(-0.099443, 0.992728, -0.067847) points=4 triangles=2
FAMILY_ROOF_GEOMETRY source=w96698619 aabb=[P: (-91.282, 9.145, -548.1183), S: (12.76913, 0.669999, 8.898071)] normal0=(-0.052789, 0.993247, -0.103316) points=5 triangles=3
FAMILY_ROOF_GEOMETRY source=w96698619 aabb=[P: (-86.31454, 9.145, -540.7789), S: (12.76854, 0.669999, 8.89978)] normal0=(0.0577, 0.993144, 0.101666) points=6 triangles=4
FAMILY_ROOF_GEOMETRY source=w96698619 aabb=[P: (-91.282, 9.145, -541.597), S: (7.342743, 0.669999, 9.714905)] normal0=(-0.108549, 0.992544, 0.055431) points=3 triangles=1
FAMILY_ROOF_GEOMETRY source=w96698619 aabb=[P: (-80.88858, 9.145, -548.1194), S: (7.342484, 0.669999, 9.717285)] normal0=(0.108125, 0.992602, -0.055227) points=5 triangles=3
FAMILY_ROOF_GEOMETRY source=w96698619 aabb=[P: (-79.261, 9.145, -556.4218), S: (12.83339, 0.669999, 9.27002)] normal0=(-0.049724, 0.994018, -0.097236) points=5 triangles=3
FAMILY_ROOF_GEOMETRY source=w96698619 aabb=[P: (-73.53555, 9.217776, -548.2173), S: (11.76547, 0.597223, 8.377686)] normal0=(0.049672, 0.994014, 0.097307) points=7 triangles=5
FAMILY_ROOF_GEOMETRY source=w96698619 aabb=[P: (-79.20834, 9.145, -549.7542), S: (8.039673, 0.669999, 10.80695)] normal0=(-0.097269, 0.994018, 0.04967) points=7 triangles=5
FAMILY_ROOF_GEOMETRY source=w96698619 aabb=[P: (-69.08334, 9.145, -556.4218), S: (8.15921, 0.669999, 10.77155)] normal0=(0.096815, 0.994074, -0.049434) points=5 triangles=3
FAMILY_ROOF_GEOMETRY source=w96698619 aabb=[P: (-64.15895, 9.323438, -561.0012), S: (10.40012, 0.491562, 7.336487)] normal0=(-0.047914, 0.994447, -0.093696) points=5 triangles=3
FAMILY_ROOF_GEOMETRY source=w96698619 aabb=[P: (-66.42729, 9.145, -556.748), S: (0.961639, 0.075671, 0.637268)] normal0=(-0.04788, 0.994446, -0.093731) points=3 triangles=1
FAMILY_ROOF_GEOMETRY source=w96698619 aabb=[P: (-60.66505, 9.145, -554.7515), S: (13.40204, 0.669999, 9.603455)] normal0=(0.047861, 0.994447, 0.093729) points=5 triangles=3
FAMILY_ROOF_GEOMETRY source=w96698619 aabb=[P: (-66.42761, 9.145, -556.422), S: (8.518646, 0.669999, 11.27197)] normal0=(-0.093029, 0.994528, 0.047545) points=8 triangles=6
FAMILY_ROOF_GEOMETRY source=w96698619 aabb=[P: (-55.78183, 9.145, -561.768), S: (8.518814, 0.669999, 9.773987)] normal0=(0.093711, 0.994448, -0.047861) points=5 triangles=3
FAMILY_ROOF_GEOMETRY source=w96698643 aabb=[P: (-114.821, 9.265, -672.7958), S: (12.63957, 0.669996, 9.183105)] normal0=(-0.055712, 0.993043, -0.103739) points=6 triangles=4
FAMILY_ROOF_GEOMETRY source=w96698643 aabb=[P: (-108.9094, 9.360211, -664.7996), S: (11.16292, 0.574785, 8.047729)] normal0=(0.053077, 0.993632, 0.099386) points=4 triangles=2
FAMILY_ROOF_GEOMETRY source=w96698643 aabb=[P: (-114.8187, 9.265, -666.0367), S: (7.990707, 0.669996, 9.680725)] normal0=(-0.099386, 0.993632, 0.053077) points=5 triangles=3
FAMILY_ROOF_GEOMETRY source=w96698643 aabb=[P: (-104.6072, 9.265, -672.7961), S: (7.997253, 0.669996, 10.42267)] normal0=(0.095083, 0.994175, -0.050742) points=6 triangles=4
FAMILY_ROOF_GEOMETRY source=w96698643 aabb=[P: (-100.648, 9.38443, -678.4012), S: (11.34758, 0.55057, 8.203369)] normal0=(-0.049651, 0.994443, -0.092831) points=6 triangles=4
FAMILY_ROOF_GEOMETRY source=w96698643 aabb=[P: (-102.1807, 9.265, -673.132), S: (0.958984, 0.075017, 0.62677)] normal0=(-0.049651, 0.994443, -0.092831) points=3 triangles=1
FAMILY_ROOF_GEOMETRY source=w96698643 aabb=[P: (-96.21411, 9.265, -671.3631), S: (13.33565, 0.67, 9.730103)] normal0=(0.049598, 0.994443, 0.092864) points=6 triangles=4
FAMILY_ROOF_GEOMETRY source=w96698643 aabb=[P: (-102.1807, 9.265, -672.7961), S: (8.564896, 0.67, 11.16302)] normal0=(-0.092864, 0.994443, 0.049598) points=7 triangles=5
FAMILY_ROOF_GEOMETRY source=w96698643 aabb=[P: (-91.43561, 9.265, -678.9335), S: (8.560623, 0.67, 10.16638)] normal0=(0.092808, 0.994448, -0.049596) points=6 triangles=4
FAMILY_ROOF_GEOMETRY source=w96698643 aabb=[P: (-88.80199, 9.265, -686.88), S: (12.64638, 0.669996, 9.250061)] normal0=(-0.053082, 0.993662, -0.099083) points=7 triangles=5
FAMILY_ROOF_GEOMETRY source=w96698643 aabb=[P: (-82.93416, 9.371461, -678.8585), S: (11.08435, 0.563536, 7.976685)] normal0=(0.052917, 0.993673, 0.099068) points=5 triangles=3
FAMILY_ROOF_GEOMETRY source=w96698643 aabb=[P: (-88.75081, 9.265, -680.0156), S: (7.863831, 0.669996, 10.40857)] normal0=(-0.101102, 0.99341, 0.053995) points=8 triangles=6
FAMILY_ROOF_GEOMETRY source=w96698643 aabb=[P: (-78.58833, 9.265, -686.8774), S: (7.575348, 0.669996, 10.06323)] normal0=(0.099049, 0.993675, -0.052916) points=4 triangles=2
FAMILY_ROOF_GEOMETRY source=w96698648 aabb=[P: (-75.81288, 9.165, -578.1616), S: (8.935425, 0.67, 12.73059)] normal0=(-0.108192, 0.992545, 0.056117) points=7 triangles=5
FAMILY_ROOF_GEOMETRY source=w96698648 aabb=[P: (-68.45631, 9.165, -583.1853), S: (8.935257, 0.67, 12.73419)] normal0=(0.108204, 0.992548, -0.056044) points=7 triangles=5
FAMILY_ROOF_GEOMETRY source=w96698648 aabb=[P: (-69.20857, 9.165, -572.7838), S: (9.687576, 0.67, 7.351501)] normal0=(0.055032, 0.992816, 0.106243) points=5 triangles=3
FAMILY_ROOF_GEOMETRY source=w96698648 aabb=[P: (-75.81288, 9.165, -583.1854), S: (9.689255, 0.67, 7.356506)] normal0=(-0.057558, 0.992161, -0.110919) points=7 triangles=5
FAMILY_ROOF_GEOMETRY source=w96698648 aabb=[P: (-66.6915, 9.165, -583.0385), S: (0.283768, 0.000639, 0.147461)] normal0=(0.420116, 0.408462, 0.810347) points=3 triangles=1
FAMILY_ROOF_GEOMETRY source=w96698648 aabb=[P: (-66.40773, 9.165, -583.186), S: (0.284042, 0.000639, 0.147522)] normal0=(0.001805, 0.999998, -0.000872) points=3 triangles=1
FAMILY_ROOF_GEOMETRY source=w96698648 aabb=[P: (-66.6915, 9.165, -583.1854), S: (0.56781, 0.000639, 0.294373)] normal0=(0.414833, 0.433091, 0.800216) points=3 triangles=1
FAMILY_ROOF_GEOMETRY source=w96698648 aabb=[P: (-66.42009, 9.165, -583.186), S: (0.296097, 0.000639, 0.153931)] normal0=(-0.402655, 0.484608, -0.776546) points=3 triangles=1
FAMILY_ROOF_GEOMETRY source=w96698648 aabb=[P: (-84.17905, 9.165, -590.1936), S: (9.271408, 0.67, 12.79559)] normal0=(-0.097814, 0.993912, 0.050711) points=6 triangles=4
FAMILY_ROOF_GEOMETRY source=w96698648 aabb=[P: (-76.03297, 9.227509, -594.9977), S: (8.513992, 0.607491, 11.90051)] normal0=(0.097829, 0.993912, -0.050675) points=4 triangles=2
FAMILY_ROOF_GEOMETRY source=w96698648 aabb=[P: (-77.44029, 9.165, -585.4401), S: (10.18097, 0.67, 7.987)] normal0=(0.050711, 0.993912, 0.097814) points=6 triangles=4
FAMILY_ROOF_GEOMETRY source=w96698648 aabb=[P: (-84.18002, 9.165, -595.7595), S: (10.73103, 0.67, 8.148987)] normal0=(-0.04978, 0.99414, -0.09596) points=6 triangles=4
FAMILY_ROOF_GEOMETRY source=w96698648 aabb=[P: (-88.85037, 9.34217, -602.8411), S: (7.374664, 0.49283, 10.39038)] normal0=(-0.093518, 0.994437, 0.048467) points=4 triangles=2
FAMILY_ROOF_GEOMETRY source=w96698648 aabb=[P: (-84.51102, 9.165, -591.1637), S: (0.638, 0.076061, 0.96814)] normal0=(-0.093518, 0.994437, 0.048467) points=3 triangles=1
FAMILY_ROOF_GEOMETRY source=w96698648 aabb=[P: (-82.57941, 9.165, -609.3781), S: (9.631409, 0.67, 13.35779)] normal0=(0.0935, 0.994439, -0.048466) points=7 triangles=5
FAMILY_ROOF_GEOMETRY source=w96698648 aabb=[P: (-84.18002, 9.165, -598.7239), S: (11.23068, 0.67, 8.528381)] normal0=(0.048467, 0.994437, 0.093518) points=7 triangles=5
FAMILY_ROOF_GEOMETRY source=w96698648 aabb=[P: (-89.62003, 9.165, -609.38), S: (9.744019, 0.67, 8.527405)] normal0=(-0.048485, 0.994436, -0.09352) points=6 triangles=4
