"source_key","osm_type","osm_id","scope","categories","source_version","derived_world_status","derived_object_key","part_keys","chunk_ids","representation_kind","dimension_rule","height_m","composite_key","note","vertex_count","triangle_count","collision_triangle_count","validation"
"w26767311","way","26767311","context","context_island","33","context","context:ybi","context:ybi","","direct","","","","","4046","2146","0","pass"
"r13543937","relation","13543937","context","context_bridge","1","composite_member","context:bay-bridge","context:bay-bridge","","composite","","","context:bay-bridge","Three bridge anchors share one context-only composite","713","747","0","pass"
"r13543938","relation","13543938","context","context_bridge","2","composite_member","context:bay-bridge","context:bay-bridge","","composite","","","context:bay-bridge","Three bridge anchors share one context-only composite","713","747","0","pass"
"w1011568818","way","1011568818","context","context_bridge","4","composite_member","context:bay-bridge","context:bay-bridge","","composite","","","context:bay-bridge","Three bridge anchors share one context-only composite","713","747","0","pass"
"w26767313","way","26767313","playable","land_boundary","29","represented","land:w26767313","land:w26767313:x_-1__z_-1;land:w26767313:x_-1__z_-2;land:w26767313:x_-1__z_-3;land:w26767313:x_-1__z_-4;land:w26767313:x_-1__z_0;land:w26767313:x_-1__z_1;land:w26767313:x_-1__z_2;land:w26767313:x_-1__z_3;land:w26767313:x_-2__z_-1;land:w26767313:x_-2__z_-2;land:w26767313:x_-2__z_-3;land:w26767313:x_-2__z_-4;land:w26767313:x_-2__z_0;land:w26767313:x_-2__z_1;land:w26767313:x_-2__z_2;land:w26767313:x_-3__z_-1;land:w26767313:x_-3__z_-2;land:w26767313:x_-3__z_-3;land:w26767313:x_-3__z_-4;land:w26767313:x_-3__z_0;land:w26767313:x_0__z_-1;land:w26767313:x_0__z_-2;land:w26767313:x_0__z_-3;land:w26767313:x_0__z_-4;land:w26767313:x_0__z_0;land:w26767313:x_0__z_1;land:w26767313:x_0__z_2;land:w26767313:x_0__z_3;land:w26767313:x_1__z_-1;land:w26767313:x_1__z_-2;land:w26767313:x_1__z_-3;land:w26767313:x_1__z_0;land:w26767313:x_1__z_1;land:w26767313:x_1__z_2;land:w26767313:x_2__z_-1;land:w26767313:x_2__z_0;land:w26767313:x_2__z_1;land:w26767313:x_2__z_2","x_-3__z_-4;x_-3__z_-3;x_-3__z_-2;x_-3__z_-1;x_-3__z_0;x_-2__z_-4;x_-2__z_-3;x_-2__z_-2;x_-2__z_-1;x_-2__z_0;x_-2__z_1;x_-2__z_2;x_-1__z_-4;x_-1__z_-3;x_-1__z_-2;x_-1__z_-1;x_-1__z_0;x_-1__z_1;x_-1__z_2;x_-1__z_3;x_0__z_-4;x_0__z_-3;x_0__z_-2;x_0__z_-1;x_0__z_0;x_0__z_1;x_0__z_2;x_0__z_3;x_1__z_-3;x_1__z_-2;x_1__z_-1;x_1__z_0;x_1__z_1;x_1__z_2;x_2__z_-1;x_2__z_0;x_2__z_1;x_2__z_2","direct","","","land:w26767313","","6968","3548","3548","pass"
"r16681104","relation","16681104","playable","terrain_shoreline","1","represented","terrain:r16681104","terrain:r16681104:x_-1__z_3;terrain:r16681104:x_0__z_2;terrain:r16681104:x_0__z_3","x_-1__z_3;x_0__z_2;x_0__z_3","direct","","","","","92","44","0","pass"
"w26767328","way","26767328","playable","terrain_shoreline","6","represented","terrain:w26767328","terrain:w26767328:x_-1__z_-4;terrain:w26767328:x_-2__z_-4","x_-2__z_-4;x_-1__z_-4","direct","","","","","120","62","0","pass"
"w29399800","way","29399800","playable","terrain_shoreline","38","composite_member","land:w26767313","land:w26767313:x_-1__z_-1;land:w26767313:x_-1__z_-2;land:w26767313:x_-1__z_-3;land:w26767313:x_-1__z_-4;land:w26767313:x_-1__z_0;land:w26767313:x_-1__z_1;land:w26767313:x_-1__z_2;land:w26767313:x_-1__z_3;land:w26767313:x_-2__z_-1;land:w26767313:x_-2__z_-2;land:w26767313:x_-2__z_-3;land:w26767313:x_-2__z_-4;land:w26767313:x_-2__z_0;land:w26767313:x_-2__z_1;land:w26767313:x_-2__z_2;land:w26767313:x_-3__z_-1;land:w26767313:x_-3__z_-2;land:w26767313:x_-3__z_-3;land:w26767313:x_-3__z_-4;land:w26767313:x_-3__z_0;land:w26767313:x_0__z_-1;land:w26767313:x_0__z_-2;land:w26767313:x_0__z_-3;land:w26767313:x_0__z_-4;land:w26767313:x_0__z_0;land:w26767313:x_0__z_1;land:w26767313:x_0__z_2;land:w26767313:x_0__z_3;land:w26767313:x_1__z_-1;land:w26767313:x_1__z_-2;land:w26767313:x_1__z_-3;land:w26767313:x_1__z_0;land:w26767313:x_1__z_1;land:w26767313:x_1__z_2;land:w26767313:x_2__z_-1;land:w26767313:x_2__z_0;land:w26767313:x_2__z_1;land:w26767313:x_2__z_2","x_-3__z_-4;x_-3__z_-3;x_-3__z_-2;x_-3__z_-1;x_-3__z_0;x_-2__z_-4;x_-2__z_-3;x_-2__z_-2;x_-2__z_-1;x_-2__z_0;x_-2__z_1;x_-2__z_2;x_-1__z_-4;x_-1__z_-3;x_-1__z_-2;x_-1__z_-1;x_-1__z_0;x_-1__z_1;x_-1__z_2;x_-1__z_3;x_0__z_-4;x_0__z_-3;x_0__z_-2;x_0__z_-1;x_0__z_0;x_0__z_1;x_0__z_2;x_0__z_3;x_1__z_-3;x_1__z_-2;x_1__z_-1;x_1__z_0;x_1__z_1;x_1__z_2;x_2__z_-1;x_2__z_0;x_2__z_1;x_2__z_2","composite","","","land:w26767313","Represented by exact Treasure Island land edge; no YBI ribbon","6968","3548","3548","pass"
"w109025891","way","109025891","playable","terrain_shoreline","2","represented","terrain:w109025891","terrain:w109025891:x_-2__z_-4","x_-2__z_-4","direct","","","","","12","6","0","pass"
"w109025892","way","109025892","playable","terrain_shoreline","2","represented","terrain:w109025892","terrain:w109025892:x_-1__z_-4","x_-1__z_-4","direct","","","","","12","6","0","pass"
"w109025893","way","109025893","playable","terrain_shoreline","2","represented","terrain:w109025893","terrain:w109025893:x_-1__z_-3","x_-1__z_-3","direct","","","","","16","8","0","pass"
"w109042224","way","109042224","playable","terrain_shoreline","2","represented","terrain:w109042224","terrain:w109042224:x_-2__z_-3","x_-2__z_-3","direct","","","","","8","4","0","pass"
"w110183752","way","110183752","playable","major_area;terrain_shoreline","10","represented","terrain:w110183752","terrain:w110183752:x_1__z_2;terrain:w110183752:x_2__z_1;terrain:w110183752:x_2__z_2","x_1__z_2;x_2__z_1;x_2__z_2","direct","","","","","162","81","0","pass"
"w319406837","way","319406837","playable","major_area;terrain_shoreline","5","composite_member","boundary_context:w319406837","boundary_context:w319406837","","composite","","","boundary_context:w319406837","Exact-touch-only source polygon rendered as explicit non-colliding boundary-attached visual context","7","5","0","pass"
"w644986117","way","644986117","playable","major_area;terrain_shoreline","4","composite_member","boundary_context:w644986117","boundary_context:w644986117","","composite","","","boundary_context:w644986117","Exact-touch-only source polygon rendered as explicit non-colliding boundary-attached visual context","13","11","0","pass"
"w1011830367","way","1011830367","playable","terrain_shoreline","2","represented","terrain:w1011830367","terrain:w1011830367:x_-1__z_3","x_-1__z_3","direct","","","","","5","3","0","pass"
"w1222505174","way","1222505174","playable","terrain_shoreline","2","represented","terrain:w1222505174","terrain:w1222505174:x_0__z_2","x_0__z_2","direct","","","","","19","9","0","pass"
"w1222505175","way","1222505175","playable","terrain_shoreline","2","represented","terrain:w1222505175","terrain:w1222505175:x_1__z_2","x_1__z_2","direct","","","","","32","14","0","pass"
"w1222505176","way","1222505176","playable","terrain_shoreline","1","represented","terrain:w1222505176","terrain:w1222505176:x_1__z_2","x_1__z_2","direct","","","","","15","7","0","pass"
"w1222505177","way","1222505177","playable","major_area;terrain_shoreline","2","represented","terrain:w1222505177","terrain:w1222505177:x_2__z_2","x_2__z_2","direct","","","","","27","12","0","pass"
"w1222684023","way","1222684023","playable","terrain_shoreline","1","represented","terrain:w1222684023","terrain:w1222684023:x_0__z_2;terrain:w1222684023:x_1__z_2","x_0__z_2;x_1__z_2","direct","","","","","107","52","0","pass"
"w1222684024","way","1222684024","playable","terrain_shoreline","1","represented","terrain:w1222684024","terrain:w1222684024:x_1__z_2","x_1__z_2","direct","","","","","32","18","0","pass"
"w1222684025","way","1222684025","playable","terrain_shoreline","1","represented","terrain:w1222684025","terrain:w1222684025:x_1__z_2;terrain:w1222684025:x_2__z_2","x_1__z_2;x_2__z_2","direct","","","","","76","45","0","pass"
"w1222684026","way","1222684026","playable","terrain_shoreline","1","represented","terrain:w1222684026","terrain:w1222684026:x_2__z_1;terrain:w1222684026:x_2__z_2","x_2__z_1;x_2__z_2","direct","","","","","114","60","0","pass"
"w1222684027","way","1222684027","playable","terrain_shoreline","1","represented","terrain:w1222684027","terrain:w1222684027:x_-1__z_-4;terrain:w1222684027:x_0__z_-3;terrain:w1222684027:x_0__z_-4;terrain:w1222684027:x_1__z_-1;terrain:w1222684027:x_1__z_-2;terrain:w1222684027:x_1__z_-3;terrain:w1222684027:x_2__z_-1;terrain:w1222684027:x_2__z_0;terrain:w1222684027:x_2__z_1","x_-1__z_-4;x_0__z_-4;x_0__z_-3;x_1__z_-3;x_1__z_-2;x_1__z_-1;x_2__z_-1;x_2__z_0;x_2__z_1","direct","","","","","829","402","0","pass"
"w1222685424","way","1222685424","playable","terrain_shoreline","3","represented","terrain:w1222685424","terrain:w1222685424:x_-1__z_2;terrain:w1222685424:x_-1__z_3;terrain:w1222685424:x_-2__z_-4;terrain:w1222685424:x_-2__z_0;terrain:w1222685424:x_-2__z_1;terrain:w1222685424:x_-2__z_2;terrain:w1222685424:x_-3__z_-1;terrain:w1222685424:x_-3__z_-2;terrain:w1222685424:x_-3__z_-3;terrain:w1222685424:x_-3__z_-4;terrain:w1222685424:x_-3__z_0","x_-3__z_-4;x_-3__z_-3;x_-3__z_-2;x_-3__z_-1;x_-3__z_0;x_-2__z_-4;x_-2__z_0;x_-2__z_1;x_-2__z_2;x_-1__z_2;x_-1__z_3","direct","","","","","1012","504","0","pass"
"w1473022589","way","1473022589","playable","terrain_shoreline","1","represented","terrain:w1473022589","terrain:w1473022589:x_-2__z_0;terrain:w1473022589:x_-2__z_1","x_-2__z_0;x_-2__z_1","direct","","","","","145","75","0","pass"
"w8916045","way","8916045","playable","roads_paths","5","represented","road:w8916045","roads:x_-2__z_-2","x_-2__z_-2","direct","","","","","1102","834","0","pass"
"w8916310","way","8916310","playable","roads_paths","5","represented","road:w8916310","roads:x_1__z_-1","x_1__z_-1","direct","","","","","377","219","0","pass"
"w8916349","way","8916349","playable","roads_paths","9","represented","road:w8916349","roads:x_-2__z_-1","x_-2__z_-1","direct","","","","","1624","1276","0","pass"
"w8916716","way","8916716","playable","roads_paths","4","represented","road:w8916716","roads:x_-2__z_-3","x_-2__z_-3","direct","","","","","1060","850","0","pass"
"w8916719","way","8916719","playable","roads_paths","3","represented","road:w8916719","roads:x_-1__z_-3","x_-1__z_-3","direct","","","","","847","633","0","pass"
"w8916722","way","8916722","playable","roads_paths","4","represented","road:w8916722","roads:x_-1__z_-3","x_-1__z_-3","direct","","","","","847","633","0","pass"
"w8916727","way","8916727","playable","roads_paths","5","represented","road:w8916727","roads:x_-2__z_-3;roads:x_-3__z_-3","x_-3__z_-3;x_-2__z_-3","direct","","","","","1519","1199","0","pass"
"w8916874","way","8916874","playable","roads_paths","9","represented","road:w8916874","roads:x_-2__z_-2","x_-2__z_-2","direct","","","","","1102","834","0","pass"
"w8917169","way","8917169","playable","roads_paths","11","represented","road:w8917169","roads:x_-2__z_-3;roads:x_-2__z_-4;roads:x_-3__z_-3","x_-3__z_-3;x_-2__z_-4;x_-2__z_-3","direct","","","","","1801","1395","0","pass"
"w8917439","way","8917439","playable","roads_paths","6","represented","road:w8917439","roads:x_-2__z_-1;roads:x_-2__z_-2","x_-2__z_-2;x_-2__z_-1","direct","","","","","2726","2110","0","pass"
"w8917767","way","8917767","playable","roads_paths","7","represented","road:w8917767","roads:x_-1__z_-3","x_-1__z_-3","direct","","","","","847","633","0","pass"
"w8917790","way","8917790","playable","roads_paths","8","represented","road:w8917790","roads:x_-1__z_-1;roads:x_-1__z_-2;roads:x_0__z_-2","x_-1__z_-2;x_-1__z_-1;x_0__z_-2","direct","","","","","2301","1603","0","pass"
"w8917792","way","8917792","playable","roads_paths","12","represented","road:w8917792","roads:x_-1__z_0;roads:x_0__z_0","x_-1__z_0;x_0__z_0","direct","","","","","1739","1205","0","pass"
"w8918733","way","8918733","playable","roads_paths","10","represented","road:w8918733","roads:x_-2__z_-1;roads:x_-2__z_-2;roads:x_-3__z_-2","x_-3__z_-2;x_-2__z_-2;x_-2__z_-1","direct","","","","","3537","2727","0","pass"
"w8919063","way","8919063","playable","roads_paths","9","represented","road:w8919063","roads:x_-1__z_-3;roads:x_-2__z_-3","x_-2__z_-3;x_-1__z_-3","direct","","","","","1907","1483","0","pass"
"w8919233","way","8919233","playable","roads_paths","8","represented","road:w8919233","roads:x_-2__z_-2;roads:x_-3__z_-2","x_-3__z_-2;x_-2__z_-2","direct","","","","","1913","1451","0","pass"
"w8919277","way","8919277","playable","roads_paths","12","represented","road:w8919277","roads:x_-2__z_0","x_-2__z_0","direct","","","","","1373","1097","0","pass"
"w8919778","way","8919778","playable","roads_paths","6","represented","road:w8919778","roads:x_-3__z_-2","x_-3__z_-2","direct","","","","","811","617","0","pass"
"w8919923","way","8919923","playable","roads_paths","4","represented","road:w8919923","roads:x_-2__z_-3","x_-2__z_-3","direct","","","","","1060","850","0","pass"
"w8920145","way","8920145","playable","roads_paths","10","represented","road:w8920145","roads:x_1__z_0;roads:x_2__z_0","x_1__z_0;x_2__z_0","direct","","","","","643","397","0","pass"
"w8920409","way","8920409","playable","roads_paths","13","represented","road:w8920409","roads:x_-3__z_-1","x_-3__z_-1","direct","","","","","524","366","0","pass"
"w8920838","way","8920838","playable","roads_paths","17","represented","road:w8920838","roads:x_-1__z_-3;roads:x_-1__z_-4;roads:x_-2__z_-3;roads:x_-2__z_-4","x_-2__z_-4;x_-2__z_-3;x_-1__z_-4;x_-1__z_-3","direct","","","","","2773","2111","0","pass"
"w8921121","way","8921121","playable","roads_paths","8","represented","road:w8921121","roads:x_-2__z_-1;roads:x_-2__z_-2","x_-2__z_-2;x_-2__z_-1","direct","","","","","2726","2110","0","pass"
"w8921138","way","8921138","playable","roads_paths","5","represented","road:w8921138","roads:x_0__z_-1;roads:x_1__z_-1","x_0__z_-1;x_1__z_-1","direct","","","","","1072","704","0","pass"
"w8921139","way","8921139","playable","roads_paths","4","represented","road:w8921139","roads:x_1__z_-1;roads:x_1__z_-2","x_1__z_-2;x_1__z_-1","direct","","","","","632","364","0","pass"
"w8921273","way","8921273","playable","roads_paths","20","represented","road:w8921273","roads:x_-2__z_-1;roads:x_-2__z_-2;roads:x_-2__z_0;roads:x_-3__z_-2","x_-3__z_-2;x_-2__z_-2;x_-2__z_-1;x_-2__z_0","direct","","","","","4910","3824","0","pass"
"w8921288","way","8921288","playable","roads_paths","11","represented","road:w8921288","roads:x_-1__z_0;roads:x_0__z_0;roads:x_0__z_1","x_-1__z_0;x_0__z_0;x_0__z_1","direct","","","","","2452","1750","0","pass"
"w8921299","way","8921299","playable","roads_paths","12","represented","road:w8921299","roads:x_-1__z_-1;roads:x_-1__z_-2","x_-1__z_-2;x_-1__z_-1","direct","","","","","1700","1186","0","pass"
"w8921331","way","8921331","playable","roads_paths","16","represented","road:w8921331","roads:x_-1__z_-2;roads:x_0__z_-1;roads:x_0__z_-2","x_-1__z_-2;x_0__z_-2;x_0__z_-1","direct","","","","","1844","1278","0","pass"
"w8921338","way","8921338","playable","roads_paths","8","represented","road:w8921338","roads:x_-1__z_-3;roads:x_0__z_-1;roads:x_0__z_-2;roads:x_0__z_-3","x_-1__z_-3;x_0__z_-3;x_0__z_-2;x_0__z_-1","direct","","","","","2508","1766","0","pass"
"w8921339","way","8921339","playable","roads_paths","6","represented","road:w8921339","roads:x_0__z_-1;roads:x_1__z_-1","x_0__z_-1;x_1__z_-1","direct","","","","","1072","704","0","pass"
"w8921372","way","8921372","playable","roads_paths","19","represented","road:w8921372","roads:x_1__z_-1;roads:x_1__z_-2;roads:x_1__z_0","x_1__z_-2;x_1__z_-1;x_1__z_0","direct","","","","","1024","616","0","pass"
"w8921530","way","8921530","playable","roads_paths","15","represented","road:w8921530","roads:x_1__z_-1;roads:x_1__z_-2;roads:x_2__z_-1;roads:x_2__z_0;roads:x_2__z_1","x_1__z_-2;x_1__z_-1;x_2__z_-1;x_2__z_0;x_2__z_1","direct","","","","","1174","664","0","pass"
"w8921589","way","8921589","playable","roads_paths","4","represented","road:w8921589","roads:x_-3__z_-2;roads:x_-3__z_-3","x_-3__z_-3;x_-3__z_-2","direct","","","","","1270","966","0","pass"
"w8922388","way","8922388","playable","roads_paths","26","represented","road:w8922388","roads:x_-2__z_-1;roads:x_-2__z_0;roads:x_-3__z_-1;roads:x_-3__z_-2","x_-3__z_-2;x_-3__z_-1;x_-2__z_-1;x_-2__z_0","direct","","","","","4332","3356","0","pass"
"w11315153","way","11315153","playable","roads_paths","2","represented","road:w11315153","roads:x_2__z_0","x_2__z_0","direct","","","","","251","145","0","pass"
"w11315404","way","11315404","playable","roads_paths","6","represented","road:w11315404","roads:x_-2__z_-1","x_-2__z_-1","direct","","","","","1624","1276","0","pass"
"w11315406","way","11315406","playable","roads_paths","8","represented","road:w11315406","roads:x_-1__z_-1;roads:x_-2__z_-1;roads:x_-2__z_0","x_-2__z_-1;x_-2__z_0;x_-1__z_-1","direct","","","","","4149","3183","0","pass"
"w11315798","way","11315798","playable","roads_paths","4","represented","road:w11315798","roads-pedestrian:x_-2__z_-3;roads-pedestrian:x_-3__z_-3;roads:x_-2__z_-3;roads:x_-3__z_-3","x_-3__z_-3;x_-2__z_-3","direct","","","","","2011","1593","0","pass"
"w11315799","way","11315799","playable","roads_paths","5","represented","road:w11315799","roads:x_-2__z_-2;roads:x_-3__z_-2","x_-3__z_-2;x_-2__z_-2","direct","","","","","1913","1451","0","pass"
"w11315800","way","11315800","playable","roads_paths","10","represented","road:w11315800","roads:x_-1__z_-2;roads:x_-1__z_-3;roads:x_-2__z_-2;roads:x_0__z_-3","x_-2__z_-2;x_-1__z_-3;x_-1__z_-2;x_0__z_-3","direct","","","","","2862","2074","0","pass"
"w11315848","way","11315848","playable","roads_paths","5","represented","road:w11315848","roads:x_-1__z_-3;roads:x_0__z_-3","x_-1__z_-3;x_0__z_-3","direct","","","","","1212","864","0","pass"
"w11315850","way","11315850","playable","roads_paths","9","represented","road:w11315850","roads:x_-1__z_-3;roads:x_-1__z_-4","x_-1__z_-4;x_-1__z_-3","direct","","","","","1431","1065","0","pass"
"w28353118","way","28353118","playable","roads_paths","24","represented","road:w28353118","roads:x_-1__z_3","x_-1__z_3","direct","","","","","988","780","0","pass"
"w28353157","way","28353157","playable","roads_paths","5","represented","road:w28353157","roads-pedestrian:x_0__z_3;roads:x_0__z_3","x_0__z_3","direct","","","","","535","379","0","pass"
"w28353163","way","28353163","playable","roads_paths","4","represented","road:w28353163","roads-pedestrian:x_0__z_3;roads:x_0__z_3","x_0__z_3","direct","","","","","535","379","0","pass"
"w28353434","way","28353434","playable","roads_paths","13","represented","road:w28353434","roads:x_-2__z_-1","x_-2__z_-1","direct","","","","","1624","1276","0","pass"
"w28356848","way","28356848","playable","roads_paths","11","represented","road:w28356848","roads:x_-2__z_0","x_-2__z_0","direct","","","","","1373","1097","0","pass"
"w28356864","way","28356864","playable","roads_paths","3","represented","road:w28356864","roads:x_-2__z_0","x_-2__z_0","direct","","","","","1373","1097","0","pass"
"w28356898","way","28356898","playable","roads_paths","6","represented","road:w28356898","roads:x_-1__z_1;roads:x_0__z_1","x_-1__z_1;x_0__z_1","direct","","","","","2162","1583","0","pass"
"w28356904","way","28356904","playable","roads_paths","2","represented","road:w28356904","roads:x_-1__z_1","x_-1__z_1","direct","","","","","1449","1038","0","pass"
"w43102143","way","43102143","playable","roads_paths","2","represented","road:w43102143","roads:x_-1__z_2;roads:x_-1__z_3","x_-1__z_2;x_-1__z_3","direct","","","","","2333","1790","0","pass"
"w43102144","way","43102144","playable","roads_paths","2","represented","road:w43102144","roads:x_-1__z_2;roads:x_-1__z_3","x_-1__z_2;x_-1__z_3","direct","","","","","2333","1790","0","pass"
"w43102145","way","43102145","playable","roads_paths","4","represented","road:w43102145","roads:x_-1__z_2","x_-1__z_2","direct","","","","","1345","1010","0","pass"
"w52721873","way","52721873","playable","roads_paths","17","represented","road:w52721873","roads:x_-1__z_1;roads:x_0__z_1","x_-1__z_1;x_0__z_1","direct","","","","","2162","1583","0","pass"
"w52721875","way","52721875","playable","roads_paths","12","represented","road:w52721875","roads:x_-1__z_-2;roads:x_-1__z_-3;roads:x_-2__z_-3;roads:x_-3__z_-2;roads:x_-3__z_-3","x_-3__z_-3;x_-3__z_-2;x_-2__z_-3;x_-1__z_-3;x_-1__z_-2","direct","","","","","3725","2825","0","pass"
"w95934094","way","95934094","playable","roads_paths","1","represented","road:w95934094","roads-pedestrian:x_-2__z_-1;roads:x_-2__z_-1","x_-2__z_-1","direct","","","","","2665","2137","0","pass"
"w95934111","way","95934111","playable","roads_paths","2","represented","road:w95934111","roads-pedestrian:x_-2__z_0;roads:x_-2__z_0","x_-2__z_0","direct","","","","","2432","1948","0","pass"
"w108982423","way","108982423","playable","roads_paths","3","represented","road:w108982423","roads:x_-3__z_-2","x_-3__z_-2","direct","","","","","811","617","0","pass"
"w109022534","way","109022534","playable","roads_paths","2","represented","road:w109022534","roads:x_0__z_1;roads:x_0__z_2","x_0__z_1;x_0__z_2","direct","","","","","1519","1169","0","pass"
"w109022546","way","109022546","playable","roads_paths","2","represented","road:w109022546","roads:x_0__z_-3","x_0__z_-3","direct","","","","","365","231","0","pass"
"w109023441","way","109023441","playable","roads_paths","11","represented","road:w109023441","roads-pedestrian:x_-1__z_-4;roads-pedestrian:x_-2__z_-4;roads-pedestrian:x_-2__z_0;roads-pedestrian:x_-3__z_-1;roads-pedestrian:x_-3__z_-2;roads-pedestrian:x_-3__z_-3;roads-pedestrian:x_-3__z_-4;roads-pedestrian:x_-3__z_0;roads:x_-1__z_-4;roads:x_-2__z_-4;roads:x_-2__z_0;roads:x_-3__z_-1;roads:x_-3__z_-2;roads:x_-3__z_-3;roads:x_-3__z_-4;roads:x_-3__z_0","x_-3__z_-4;x_-3__z_-3;x_-3__z_-2;x_-3__z_-1;x_-3__z_0;x_-2__z_-4;x_-2__z_0;x_-1__z_-4","direct","","","","","6509","4895","0","pass"
"w110188515","way","110188515","playable","roads_paths","2","represented","road:w110188515","roads:x_0__z_-1","x_0__z_-1","direct","","","","","695","485","0","pass"
"w131820353","way","131820353","playable","roads_paths","14","represented","road:w131820353","roads:x_-1__z_3;roads:x_0__z_2;roads:x_0__z_3","x_-1__z_3;x_0__z_2;x_0__z_3","direct","","","","","2096","1613","0","pass"
"w131937148","way","131937148","playable","roads_paths","12","represented","road:w131937148","roads:x_1__z_2","x_1__z_2","direct","","","","","360","248","0","pass"
"w198399306","way","198399306","playable","roads_paths","3","represented","road:w198399306","roads:x_-1__z_0;roads:x_-1__z_1","x_-1__z_0;x_-1__z_1","direct","","","","","2711","1924","0","pass"
"w215879079","way","215879079","playable","roads_paths","1","represented","road:w215879079","roads:x_0__z_0","x_0__z_0","direct","","","","","477","319","0","pass"
"w215879087","way","215879087","playable","roads_paths","6","represented","road:w215879087","roads:x_1__z_0","x_1__z_0","direct","","","","","392","252","0","pass"
"w255330034","way","255330034","playable","roads_paths","7","represented","road:w255330034","roads:x_0__z_-1;roads:x_0__z_0;roads:x_1__z_0","x_0__z_-1;x_0__z_0;x_1__z_0","direct","","","","","1564","1056","0","pass"
"w255330044","way","255330044","playable","roads_paths","13","represented","road:w255330044","roads:x_-1__z_2","x_-1__z_2","direct","","","","","1345","1010","0","pass"
"w255330071","way","255330071","playable","roads_paths","3","represented","road:w255330071","roads:x_0__z_-1;roads:x_0__z_-2;roads:x_1__z_-1;roads:x_1__z_-2","x_0__z_-2;x_0__z_-1;x_1__z_-2;x_1__z_-1","direct","","","","","1928","1266","0","pass"
"w255330072","way","255330072","playable","roads_paths","8","represented","road:w255330072","roads:x_-1__z_-1;roads:x_-1__z_0;roads:x_-2__z_0;roads:x_0__z_-1","x_-2__z_0;x_-1__z_-1;x_-1__z_0;x_0__z_-1","direct","","","","","4482","3278","0","pass"
"w466953902","way","466953902","playable","roads_paths","5","represented","road:w466953902","roads:x_0__z_-2;roads:x_1__z_-2","x_0__z_-2;x_1__z_-2","direct","","","","","856","562","0","pass"
"w484287675","way","484287675","playable","roads_paths","4","represented","road:w484287675","roads:x_1__z_2","x_1__z_2","direct","","","","","360","248","0","pass"
"w484287680","way","484287680","playable","roads_paths","7","represented","road:w484287680","roads:x_1__z_2;roads:x_2__z_1;roads:x_2__z_2","x_1__z_2;x_2__z_1;x_2__z_2","direct","","","","","577","371","0","pass"
"w484288320","way","484288320","playable","roads_paths","3","represented","road:w484288320","roads:x_0__z_-3","x_0__z_-3","direct","","","","","365","231","0","pass"
"w484288324","way","484288324","playable","roads_paths","4","represented","road:w484288324","roads:x_0__z_-2","x_0__z_-2","direct","","","","","601","417","0","pass"
"w484288325","way","484288325","playable","roads_paths","5","represented","road:w484288325","roads:x_0__z_-2","x_0__z_-2","direct","","","","","601","417","0","pass"
"w484288326","way","484288326","playable","roads_paths","3","represented","road:w484288326","roads:x_0__z_-2","x_0__z_-2","direct","","","","","601","417","0","pass"
"w484288328","way","484288328","playable","roads_paths","4","represented","road:w484288328","roads:x_0__z_-2","x_0__z_-2","direct","","","","","601","417","0","pass"
"w484288330","way","484288330","playable","roads_paths","2","represented","road:w484288330","roads:x_-1__z_-1;roads:x_-1__z_0;roads:x_-1__z_1","x_-1__z_-1;x_-1__z_0;x_-1__z_1","direct","","","","","3863","2734","0","pass"
"w484288331","way","484288331","playable","roads_paths","3","represented","road:w484288331","roads:x_-1__z_0;roads:x_-1__z_1","x_-1__z_0;x_-1__z_1","direct","","","","","2711","1924","0","pass"
"w484288332","way","484288332","playable","roads_paths","3","represented","road:w484288332","roads:x_-1__z_0","x_-1__z_0","direct","","","","","1262","886","0","pass"
"w484288333","way","484288333","playable","roads_paths","3","represented","road:w484288333","roads:x_-1__z_0","x_-1__z_0","direct","","","","","1262","886","0","pass"
"w484288334","way","484288334","playable","roads_paths","2","represented","road:w484288334","roads:x_-1__z_0","x_-1__z_0","direct","","","","","1262","886","0","pass"
"w484288335","way","484288335","playable","roads_paths","3","represented","road:w484288335","roads:x_-1__z_0","x_-1__z_0","direct","","","","","1262","886","0","pass"
"w484288336","way","484288336","playable","roads_paths","3","represented","road:w484288336","roads:x_-1__z_0","x_-1__z_0","direct","","","","","1262","886","0","pass"
"w484288338","way","484288338","playable","roads_paths","3","represented","road:w484288338","roads:x_-1__z_1;roads:x_0__z_1","x_-1__z_1;x_0__z_1","direct","","","","","2162","1583","0","pass"
"w484288342","way","484288342","playable","roads_paths","6","represented","road:w484288342","roads:x_-1__z_1;roads:x_0__z_1","x_-1__z_1;x_0__z_1","direct","","","","","2162","1583","0","pass"
"w484288343","way","484288343","playable","roads_paths","5","represented","road:w484288343","roads:x_-1__z_1;roads:x_0__z_1","x_-1__z_1;x_0__z_1","direct","","","","","2162","1583","0","pass"
"w484288344","way","484288344","playable","roads_paths","2","represented","road:w484288344","roads:x_0__z_1","x_0__z_1","direct","","","","","713","545","0","pass"
"w499105889","way","499105889","playable","roads_paths","2","represented","road:w499105889","roads:x_-3__z_-3","x_-3__z_-3","direct","","","","","459","349","0","pass"
"w499105894","way","499105894","playable","roads_paths","2","represented","road:w499105894","roads:x_-2__z_-3","x_-2__z_-3","direct","","","","","1060","850","0","pass"
"w499105898","way","499105898","playable","roads_paths","2","represented","road:w499105898","roads:x_-3__z_-2;roads:x_-3__z_-3","x_-3__z_-3;x_-3__z_-2","direct","","","","","1270","966","0","pass"
"w499105903","way","499105903","playable","roads_paths","3","represented","road:w499105903","roads:x_-2__z_-2;roads:x_-3__z_-2","x_-3__z_-2;x_-2__z_-2","direct","","","","","1913","1451","0","pass"
"w499105909","way","499105909","playable","roads_paths","1","represented","road:w499105909","roads:x_-1__z_-2;roads:x_-1__z_-3;roads:x_-2__z_-3","x_-2__z_-3;x_-1__z_-3;x_-1__z_-2","direct","","","","","2455","1859","0","pass"
"w499105911","way","499105911","playable","roads_paths","1","represented","road:w499105911","roads:x_-1__z_-2;roads:x_-1__z_-3;roads:x_-2__z_-2;roads:x_-2__z_-3","x_-2__z_-3;x_-2__z_-2;x_-1__z_-3;x_-1__z_-2","direct","","","","","3557","2693","0","pass"
"w499105912","way","499105912","playable","roads_paths","1","represented","road:w499105912","roads:x_-2__z_-2;roads:x_-2__z_-3","x_-2__z_-3;x_-2__z_-2","direct","","","","","2162","1684","0","pass"
"w499105913","way","499105913","playable","roads_paths","3","represented","road:w499105913","roads:x_-2__z_-2","x_-2__z_-2","direct","","","","","1102","834","0","pass"
"w499105914","way","499105914","playable","roads_paths","2","represented","road:w499105914","roads:x_-1__z_-2;roads:x_-1__z_-3;roads:x_-2__z_-2;roads:x_-2__z_-3","x_-2__z_-3;x_-2__z_-2;x_-1__z_-3;x_-1__z_-2","direct","","","","","3557","2693","0","pass"
"w499105915","way","499105915","playable","roads_paths","2","represented","road:w499105915","roads:x_-1__z_-2;roads:x_-2__z_-2","x_-2__z_-2;x_-1__z_-2","direct","","","","","1650","1210","0","pass"
"w499105917","way","499105917","playable","roads_paths","4","represented","road:w499105917","roads:x_-1__z_-1","x_-1__z_-1","direct","","","","","1152","810","0","pass"
"w499105922","way","499105922","playable","roads_paths","2","represented","road:w499105922","roads:x_0__z_-4","x_0__z_-4","direct","","","","","192","148","0","pass"
"w499105924","way","499105924","playable","roads_paths","3","represented","road:w499105924","roads:x_0__z_-4","x_0__z_-4","direct","","","","","192","148","0","pass"
"w499105925","way","499105925","playable","roads_paths","2","represented","road:w499105925","roads:x_0__z_-4","x_0__z_-4","direct","","","","","192","148","0","pass"
"w499105928","way","499105928","playable","roads_paths","3","represented","road:w499105928","roads:x_0__z_-4","x_0__z_-4","direct","","","","","192","148","0","pass"
"w499105931","way","499105931","playable","roads_paths","3","represented","road:w499105931","roads:x_-1__z_-4;roads:x_0__z_-4","x_-1__z_-4;x_0__z_-4","direct","","","","","776","580","0","pass"
"w499105933","way","499105933","playable","roads_paths","4","represented","road:w499105933","roads:x_-1__z_-4;roads:x_0__z_-4","x_-1__z_-4;x_0__z_-4","direct","","","","","776","580","0","pass"
"w499106724","way","499106724","playable","roads_paths","2","represented","road:w499106724","roads:x_0__z_0","x_0__z_0","direct","","","","","477","319","0","pass"
"w499106725","way","499106725","playable","roads_paths","2","represented","road:w499106725","roads:x_0__z_0","x_0__z_0","direct","","","","","477","319","0","pass"
"w499106726","way","499106726","playable","roads_paths","2","represented","road:w499106726","roads:x_0__z_0","x_0__z_0","direct","","","","","477","319","0","pass"
"w499106727","way","499106727","playable","roads_paths","2","represented","road:w499106727","roads:x_0__z_0;roads:x_1__z_0","x_0__z_0;x_1__z_0","direct","","","","","869","571","0","pass"
"w499106728","way","499106728","playable","roads_paths","2","represented","road:w499106728","roads:x_0__z_0;roads:x_1__z_0","x_0__z_0;x_1__z_0","direct","","","","","869","571","0","pass"
"w499106729","way","499106729","playable","roads_paths","2","represented","road:w499106729","roads:x_0__z_0","x_0__z_0","direct","","","","","477","319","0","pass"
"w499106730","way","499106730","playable","roads_paths","3","represented","road:w499106730","roads:x_0__z_0","x_0__z_0","direct","","","","","477","319","0","pass"
"w569257247","way","569257247","playable","roads_paths","2","represented","road:w569257247","roads:x_0__z_1;roads:x_0__z_2","x_0__z_1;x_0__z_2","direct","","","","","1519","1169","0","pass"
"w569259009","way","569259009","playable","roads_paths","1","represented","road:w569259009","roads:x_1__z_0","x_1__z_0","direct","","","","","392","252","0","pass"
"w569260156","way","569260156","playable","roads_paths","2","represented","road:w569260156","roads:x_0__z_1","x_0__z_1","direct","","","","","713","545","0","pass"
"w569260157","way","569260157","playable","roads_paths","2","represented","road:w569260157","roads:x_0__z_1","x_0__z_1","direct","","","","","713","545","0","pass"
"w569260848","way","569260848","playable","roads_paths","1","represented","road:w569260848","roads:x_-2__z_-2","x_-2__z_-2","direct","","","","","1102","834","0","pass"
"w569260849","way","569260849","playable","roads_paths","1","represented","road:w569260849","roads:x_-1__z_-2;roads:x_-2__z_-2","x_-2__z_-2;x_-1__z_-2","direct","","","","","1650","1210","0","pass"
"w569260851","way","569260851","playable","roads_paths","2","represented","road:w569260851","roads:x_-2__z_-1","x_-2__z_-1","direct","","","","","1624","1276","0","pass"
"w569261760","way","569261760","playable","roads_paths","2","represented","road:w569261760","roads:x_-1__z_-1;roads:x_-1__z_-2","x_-1__z_-2;x_-1__z_-1","direct","","","","","1700","1186","0","pass"
"w569261761","way","569261761","playable","roads_paths","2","represented","road:w569261761","roads:x_-1__z_-1","x_-1__z_-1","direct","","","","","1152","810","0","pass"
"w569262993","way","569262993","playable","roads_paths","1","represented","road:w569262993","roads:x_1__z_-1","x_1__z_-1","direct","","","","","377","219","0","pass"
"w569263877","way","569263877","playable","roads_paths","2","represented","road:w569263877","roads:x_0__z_-3","x_0__z_-3","direct","","","","","365","231","0","pass"
"w681687035","way","681687035","playable","roads_paths","1","represented","road:w681687035","roads:x_-1__z_-2;roads:x_-1__z_-3","x_-1__z_-3;x_-1__z_-2","direct","","","","","1395","1009","0","pass"
"w742390005","way","742390005","playable","roads_paths","11","represented","road:w742390005","roads:x_1__z_2","x_1__z_2","direct","","","","","360","248","0","pass"
"w775796577","way","775796577","playable","roads_paths","1","represented","road:w775796577","roads:x_-2__z_0","x_-2__z_0","direct","","","","","1373","1097","0","pass"
"w775796580","way","775796580","playable","roads_paths","2","represented","road:w775796580","roads:x_-1__z_2;roads:x_-1__z_3","x_-1__z_2;x_-1__z_3","direct","","","","","2333","1790","0","pass"
"w775796581","way","775796581","playable","roads_paths","7","represented","road:w775796581","roads:x_-1__z_3","x_-1__z_3","direct","","","","","988","780","0","pass"
"w775820809","way","775820809","playable","roads_paths","5","represented","road:w775820809","roads:x_0__z_-3;roads:x_0__z_-4","x_0__z_-4;x_0__z_-3","direct","","","","","557","379","0","pass"
"w784887524","way","784887524","playable","roads_paths","2","represented","road:w784887524","roads:x_-1__z_3;roads:x_0__z_3","x_-1__z_3;x_0__z_3","direct","","","","","1290","989","0","pass"
"w850003198","way","850003198","playable","roads_paths","3","represented","road:w850003198","roads:x_-1__z_3","x_-1__z_3","direct","","","","","988","780","0","pass"
"w945294691","way","945294691","playable","roads_paths","2","represented","road:w945294691","roads:x_1__z_0;roads:x_2__z_0;roads:x_2__z_1","x_1__z_0;x_2__z_0;x_2__z_1","direct","","","","","822","498","0","pass"
"w945294692","way","945294692","playable","roads_paths","2","represented","road:w945294692","roads:x_0__z_-2;roads:x_1__z_-2","x_0__z_-2;x_1__z_-2","direct","","","","","856","562","0","pass"
"w1001544693","way","1001544693","playable","roads_paths","3","represented","road:w1001544693","roads:x_-2__z_0","x_-2__z_0","direct","","","","","1373","1097","0","pass"
"w1001544695","way","1001544695","playable","roads_paths","8","represented","road:w1001544695","roads:x_-1__z_1","x_-1__z_1","direct","","","","","1449","1038","0","pass"
"w1001544696","way","1001544696","playable","roads_paths","11","represented","road:w1001544696","roads:x_-1__z_0;roads:x_-1__z_1;roads:x_-1__z_2;roads:x_-2__z_0;roads:x_0__z_2","x_-2__z_0;x_-1__z_0;x_-1__z_1;x_-1__z_2;x_0__z_2","direct","","","","","6235","4655","0","pass"
"w1001544697","way","1001544697","playable","roads_paths","10","represented","road:w1001544697","roads:x_-1__z_1;roads:x_-1__z_2;roads:x_-2__z_0;roads:x_-2__z_1","x_-2__z_0;x_-2__z_1;x_-1__z_1;x_-1__z_2","direct","","","","","4574","3414","0","pass"
"w1026591680","way","1026591680","playable","roads_paths","2","represented","road:w1026591680","roads-pedestrian:x_-1__z_-3;roads-pedestrian:x_-1__z_-4;roads:x_-1__z_-3;roads:x_-1__z_-4","x_-1__z_-4;x_-1__z_-3","direct","","","","","1710","1264","0","pass"
"w1026591681","way","1026591681","playable","roads_paths","2","represented","road:w1026591681","roads-pedestrian:x_-2__z_-3;roads-pedestrian:x_-2__z_-4;roads:x_-2__z_-3;roads:x_-2__z_-4","x_-2__z_-4;x_-2__z_-3","direct","","","","","1741","1347","0","pass"
"w1036802527","way","1036802527","playable","roads_paths","3","represented","road:w1036802527","roads-pedestrian:x_-1__z_3;roads:x_-1__z_3","x_-1__z_3","direct","","","","","1676","1324","0","pass"
"w1068363012","way","1068363012","playable","roads_paths","1","represented","road:w1068363012","roads-pedestrian:x_-2__z_0;roads:x_-2__z_0","x_-2__z_0","direct","","","","","2432","1948","0","pass"
"w1068394269","way","1068394269","playable","roads_paths","1","represented","road:w1068394269","roads:x_0__z_-2","x_0__z_-2","direct","","","","","601","417","0","pass"
"w1076140200","way","1076140200","playable","roads_paths","9","represented","road:w1076140200","roads:x_-1__z_0;roads:x_-2__z_0;roads:x_-2__z_1","x_-2__z_0;x_-2__z_1;x_-1__z_0","direct","","","","","3042","2252","0","pass"
"w1098437823","way","1098437823","playable","roads_paths","1","represented","road:w1098437823","roads-pedestrian:x_-1__z_-1;roads:x_-1__z_-1","x_-1__z_-1","direct","","","","","1673","1199","0","pass"
"w1098437824","way","1098437824","playable","roads_paths","1","represented","road:w1098437824","roads-pedestrian:x_-1__z_-1;roads:x_-1__z_-1","x_-1__z_-1","direct","","","","","1673","1199","0","pass"
"w1098437825","way","1098437825","playable","roads_paths","1","represented","road:w1098437825","roads-pedestrian:x_-1__z_-1;roads-pedestrian:x_-1__z_0;roads-pedestrian:x_-2__z_0;roads:x_-1__z_-1;roads:x_-1__z_0;roads:x_-2__z_0","x_-2__z_0;x_-1__z_-1;x_-1__z_0","direct","","","","","6016","4502","0","pass"
"w1098437826","way","1098437826","playable","roads_paths","1","represented","road:w1098437826","roads-pedestrian:x_-1__z_-1;roads-pedestrian:x_-2__z_-1;roads-pedestrian:x_-2__z_0;roads:x_-1__z_-1;roads:x_-2__z_-1;roads:x_-2__z_0","x_-2__z_-1;x_-2__z_0;x_-1__z_-1","direct","","","","","6770","5284","0","pass"
"w1098437827","way","1098437827","playable","roads_paths","1","represented","road:w1098437827","roads-pedestrian:x_-1__z_-1;roads:x_-1__z_-1","x_-1__z_-1","direct","","","","","1673","1199","0","pass"
"w1098437828","way","1098437828","playable","roads_paths","2","represented","road:w1098437828","roads-pedestrian:x_-1__z_-1;roads:x_-1__z_-1","x_-1__z_-1","direct","","","","","1673","1199","0","pass"
"w1098437831","way","1098437831","playable","roads_paths","1","represented","road:w1098437831","roads-pedestrian:x_-1__z_-1;roads-pedestrian:x_0__z_-1;roads:x_-1__z_-1;roads:x_0__z_-1","x_-1__z_-1;x_0__z_-1","direct","","","","","2605","1859","0","pass"
"w1098437832","way","1098437832","playable","roads_paths","2","represented","road:w1098437832","roads-pedestrian:x_-1__z_-1;roads:x_-1__z_-1","x_-1__z_-1","direct","","","","","1673","1199","0","pass"
"w1098437835","way","1098437835","playable","roads_paths","1","represented","road:w1098437835","roads-pedestrian:x_0__z_-1;roads-pedestrian:x_0__z_-2;roads-pedestrian:x_1__z_-2;roads:x_0__z_-1;roads:x_0__z_-2;roads:x_1__z_-2","x_0__z_-2;x_0__z_-1;x_1__z_-2","direct","","","","","1852","1266","0","pass"
"w1098437836","way","1098437836","playable","roads_paths","1","represented","road:w1098437836","roads-pedestrian:x_0__z_-1;roads-pedestrian:x_1__z_-1;roads-pedestrian:x_1__z_-2;roads:x_0__z_-1;roads:x_1__z_-1;roads:x_1__z_-2","x_0__z_-1;x_1__z_-2;x_1__z_-1","direct","","","","","1640","1074","0","pass"
"w1098437837","way","1098437837","playable","roads_paths","2","represented","road:w1098437837","roads-pedestrian:x_0__z_-1;roads:x_0__z_-1","x_0__z_-1","direct","","","","","932","660","0","pass"
"w1098437838","way","1098437838","playable","roads_paths","1","represented","road:w1098437838","roads-pedestrian:x_-2__z_0;roads:x_-2__z_0","x_-2__z_0","direct","","","","","2432","1948","0","pass"
"w1098437842","way","1098437842","playable","roads_paths","2","represented","road:w1098437842","roads-pedestrian:x_-2__z_0;roads:x_-2__z_0","x_-2__z_0","direct","","","","","2432","1948","0","pass"
"w1098437843","way","1098437843","playable","roads_paths","1","represented","road:w1098437843","roads-pedestrian:x_-2__z_0;roads:x_-2__z_0","x_-2__z_0","direct","","","","","2432","1948","0","pass"
"w1098437844","way","1098437844","playable","roads_paths","2","represented","road:w1098437844","roads-pedestrian:x_-2__z_0;roads:x_-2__z_0","x_-2__z_0","direct","","","","","2432","1948","0","pass"
"w1098437847","way","1098437847","playable","roads_paths","1","represented","road:w1098437847","roads-pedestrian:x_-2__z_-1;roads-pedestrian:x_-2__z_0;roads-pedestrian:x_-3__z_-1;roads-pedestrian:x_-3__z_-2;roads:x_-2__z_-1;roads:x_-2__z_0;roads:x_-3__z_-1;roads:x_-3__z_-2","x_-3__z_-2;x_-3__z_-1;x_-2__z_-1;x_-2__z_0","direct","","","","","7216","5630","0","pass"
"w1098437848","way","1098437848","playable","roads_paths","1","represented","road:w1098437848","roads-pedestrian:x_-2__z_0;roads:x_-2__z_0","x_-2__z_0","direct","","","","","2432","1948","0","pass"
"w1098437849","way","1098437849","playable","roads_paths","1","represented","road:w1098437849","roads-pedestrian:x_-2__z_0;roads:x_-2__z_0","x_-2__z_0","direct","","","","","2432","1948","0","pass"
"w1098437850","way","1098437850","playable","roads_paths","1","represented","road:w1098437850","roads-pedestrian:x_-2__z_0;roads:x_-2__z_0","x_-2__z_0","direct","","","","","2432","1948","0","pass"
"w1098437851","way","1098437851","playable","roads_paths","1","represented","road:w1098437851","roads-pedestrian:x_-2__z_-1;roads-pedestrian:x_-3__z_-1;roads-pedestrian:x_-3__z_-2;roads:x_-2__z_-1;roads:x_-3__z_-1;roads:x_-3__z_-2","x_-3__z_-2;x_-3__z_-1;x_-2__z_-1","direct","","","","","4784","3682","0","pass"
"w1098437852","way","1098437852","playable","roads_paths","1","represented","road:w1098437852","roads-pedestrian:x_-2__z_-1;roads:x_-2__z_-1","x_-2__z_-1","direct","","","","","2665","2137","0","pass"
"w1098437853","way","1098437853","playable","roads_paths","2","represented","road:w1098437853","roads-pedestrian:x_-2__z_-1;roads:x_-2__z_-1","x_-2__z_-1","direct","","","","","2665","2137","0","pass"
"w1098437854","way","1098437854","playable","roads_paths","1","represented","road:w1098437854","roads-pedestrian:x_-2__z_0;roads:x_-2__z_0","x_-2__z_0","direct","","","","","2432","1948","0","pass"
"w1098437856","way","1098437856","playable","roads_paths","1","represented","road:w1098437856","roads-pedestrian:x_-2__z_0;roads:x_-2__z_0","x_-2__z_0","direct","","","","","2432","1948","0","pass"
"w1098437857","way","1098437857","playable","roads_paths","1","represented","road:w1098437857","roads-pedestrian:x_-2__z_0;roads:x_-2__z_0","x_-2__z_0","direct","","","","","2432","1948","0","pass"
"w1098437858","way","1098437858","playable","roads_paths","1","represented","road:w1098437858","roads-pedestrian:x_-2__z_0;roads:x_-2__z_0","x_-2__z_0","direct","","","","","2432","1948","0","pass"
"w1098437859","way","1098437859","playable","roads_paths","1","represented","road:w1098437859","roads-pedestrian:x_-1__z_-1;roads-pedestrian:x_-1__z_0;roads-pedestrian:x_-1__z_1;roads-pedestrian:x_0__z_1;roads:x_-1__z_-1;roads:x_-1__z_0;roads:x_-1__z_1;roads:x_0__z_1","x_-1__z_-1;x_-1__z_0;x_-1__z_1;x_0__z_1","direct","","","","","7160","5159","0","pass"
"w1098437860","way","1098437860","playable","roads_paths","1","represented","road:w1098437860","roads-pedestrian:x_-1__z_-1;roads-pedestrian:x_-1__z_0;roads-pedestrian:x_0__z_0;roads:x_-1__z_-1;roads:x_-1__z_0;roads:x_0__z_0","x_-1__z_-1;x_-1__z_0;x_0__z_0","direct","","","","","4152","2938","0","pass"
"w1098437874","way","1098437874","playable","roads_paths","1","represented","road:w1098437874","roads-pedestrian:x_0__z_0;roads-pedestrian:x_0__z_1;roads:x_0__z_0;roads:x_0__z_1","x_0__z_0;x_0__z_1","direct","","","","","1667","1217","0","pass"
"w1098437875","way","1098437875","playable","roads_paths","1","represented","road:w1098437875","roads-pedestrian:x_0__z_0;roads-pedestrian:x_0__z_1;roads:x_0__z_0;roads:x_0__z_1","x_0__z_0;x_0__z_1","direct","","","","","1667","1217","0","pass"
"w1098437876","way","1098437876","playable","roads_paths","1","represented","road:w1098437876","roads-pedestrian:x_0__z_1;roads:x_0__z_1","x_0__z_1","direct","","","","","1099","833","0","pass"
"w1098437877","way","1098437877","playable","roads_paths","2","represented","road:w1098437877","roads-pedestrian:x_0__z_1;roads:x_0__z_1","x_0__z_1","direct","","","","","1099","833","0","pass"
"w1098437878","way","1098437878","playable","roads_paths","1","represented","road:w1098437878","roads-pedestrian:x_0__z_1;roads:x_0__z_1","x_0__z_1","direct","","","","","1099","833","0","pass"
"w1098437880","way","1098437880","playable","roads_paths","1","represented","road:w1098437880","roads-pedestrian:x_0__z_1;roads:x_0__z_1","x_0__z_1","direct","","","","","1099","833","0","pass"
"w1098437881","way","1098437881","playable","roads_paths","1","represented","road:w1098437881","roads-pedestrian:x_0__z_1;roads:x_0__z_1","x_0__z_1","direct","","","","","1099","833","0","pass"
"w1098437882","way","1098437882","playable","roads_paths","1","represented","road:w1098437882","roads-pedestrian:x_-2__z_-1;roads:x_-2__z_-1","x_-2__z_-1","direct","","","","","2665","2137","0","pass"
"w1098437883","way","1098437883","playable","roads_paths","1","represented","road:w1098437883","roads-pedestrian:x_-2__z_0;roads:x_-2__z_0","x_-2__z_0","direct","","","","","2432","1948","0","pass"
"w1098437884","way","1098437884","playable","roads_paths","1","represented","road:w1098437884","roads-pedestrian:x_-3__z_-2;roads:x_-3__z_-2","x_-3__z_-2","direct","","","","","1234","940","0","pass"
"w1098437885","way","1098437885","playable","roads_paths","2","represented","road:w1098437885","roads-pedestrian:x_-2__z_-1;roads-pedestrian:x_-2__z_-2;roads-pedestrian:x_-3__z_-2;roads:x_-2__z_-1;roads:x_-2__z_-2;roads:x_-3__z_-2","x_-3__z_-2;x_-2__z_-2;x_-2__z_-1","direct","","","","","5321","4165","0","pass"
"w1098437886","way","1098437886","playable","roads_paths","2","represented","road:w1098437886","roads-pedestrian:x_-2__z_-1;roads-pedestrian:x_-2__z_-2;roads-pedestrian:x_-3__z_-2;roads:x_-2__z_-1;roads:x_-2__z_-2;roads:x_-3__z_-2","x_-3__z_-2;x_-2__z_-2;x_-2__z_-1","direct","","","","","5321","4165","0","pass"
"w1098437887","way","1098437887","playable","roads_paths","2","represented","road:w1098437887","roads-pedestrian:x_-3__z_-2;roads:x_-3__z_-2","x_-3__z_-2","direct","","","","","1234","940","0","pass"
"w1098437888","way","1098437888","playable","roads_paths","2","represented","road:w1098437888","roads-pedestrian:x_0__z_-1;roads:x_0__z_-1","x_0__z_-1","direct","","","","","932","660","0","pass"
"w1098437889","way","1098437889","playable","roads_paths","2","represented","road:w1098437889","roads-pedestrian:x_0__z_0;roads:x_0__z_0","x_0__z_0","direct","","","","","568","384","0","pass"
"w1098437890","way","1098437890","playable","roads_paths","1","represented","road:w1098437890","roads-pedestrian:x_-2__z_-1;roads:x_-2__z_-1","x_-2__z_-1","direct","","","","","2665","2137","0","pass"
"w1098437891","way","1098437891","playable","roads_paths","1","represented","road:w1098437891","roads-pedestrian:x_-2__z_-2;roads:x_-2__z_-2","x_-2__z_-2","direct","","","","","1422","1088","0","pass"
"w1098437892","way","1098437892","playable","roads_paths","1","represented","road:w1098437892","roads-pedestrian:x_-2__z_-2;roads:x_-2__z_-2","x_-2__z_-2","direct","","","","","1422","1088","0","pass"
"w1115934722","way","1115934722","playable","roads_paths","6","represented","road:w1115934722","roads:x_-1__z_3;roads:x_0__z_3","x_-1__z_3;x_0__z_3","direct","","","","","1290","989","0","pass"
"w1115934723","way","1115934723","playable","roads_paths","5","represented","road:w1115934723","roads:x_-1__z_2","x_-1__z_2","direct","","","","","1345","1010","0","pass"
"w1115934724","way","1115934724","playable","roads_paths","1","represented","road:w1115934724","roads:x_-1__z_3","x_-1__z_3","direct","","","","","988","780","0","pass"
"w1144270956","way","1144270956","playable","roads_paths","2","represented","road:w1144270956","roads:x_-1__z_-2;roads:x_-2__z_-2","x_-2__z_-2;x_-1__z_-2","direct","","","","","1650","1210","0","pass"
"w1158136791","way","1158136791","playable","roads_paths","2","represented","road:w1158136791","roads:x_0__z_-1;roads:x_0__z_-2","x_0__z_-2;x_0__z_-1","direct","","","","","1296","902","0","pass"
"w1169705410","way","1169705410","playable","roads_paths","3","represented","road:w1169705410","roads-pedestrian:x_-1__z_1;roads:x_-1__z_1","x_-1__z_1","direct","","","","","2477","1772","0","pass"
"w1169705411","way","1169705411","playable","roads_paths","2","represented","road:w1169705411","roads-pedestrian:x_-1__z_1;roads:x_-1__z_1","x_-1__z_1","direct","","","","","2477","1772","0","pass"
"w1169705412","way","1169705412","playable","roads_paths","2","represented","road:w1169705412","roads-pedestrian:x_-1__z_1;roads:x_-1__z_1","x_-1__z_1","direct","","","","","2477","1772","0","pass"
"w1169705413","way","1169705413","playable","roads_paths","2","represented","road:w1169705413","roads-pedestrian:x_-1__z_1;roads:x_-1__z_1","x_-1__z_1","direct","","","","","2477","1772","0","pass"
"w1197022260","way","1197022260","playable","roads_paths","2","represented","road:w1197022260","roads-pedestrian:x_-1__z_-2;roads-pedestrian:x_-1__z_-3;roads:x_-1__z_-2;roads:x_-1__z_-3","x_-1__z_-3;x_-1__z_-2","direct","","","","","1494","1076","0","pass"
"w1212173425","way","1212173425","playable","roads_paths","1","represented","road:w1212173425","roads-pedestrian:x_-1__z_1;roads:x_-1__z_1","x_-1__z_1","direct","","","","","2477","1772","0","pass"
"w1212173426","way","1212173426","playable","roads_paths","1","represented","road:w1212173426","roads-pedestrian:x_-1__z_1;roads:x_-1__z_1","x_-1__z_1","direct","","","","","2477","1772","0","pass"
"w1212173427","way","1212173427","playable","roads_paths","1","represented","road:w1212173427","roads-pedestrian:x_-1__z_1;roads:x_-1__z_1","x_-1__z_1","direct","","","","","2477","1772","0","pass"
"w1212173428","way","1212173428","playable","roads_paths","1","represented","road:w1212173428","roads-pedestrian:x_-1__z_1;roads:x_-1__z_1","x_-1__z_1","direct","","","","","2477","1772","0","pass"
"w1212173429","way","1212173429","playable","roads_paths","3","represented","road:w1212173429","roads-pedestrian:x_-1__z_0;roads-pedestrian:x_-1__z_1;roads-pedestrian:x_-1__z_2;roads-pedestrian:x_0__z_2;roads:x_-1__z_0;roads:x_-1__z_1;roads:x_-1__z_2;roads:x_0__z_2","x_-1__z_0;x_-1__z_1;x_-1__z_2;x_0__z_2","direct","","","","","8099","5924","0","pass"
"w1212173431","way","1212173431","playable","roads_paths","1","represented","road:w1212173431","roads-pedestrian:x_-1__z_0;roads:x_-1__z_0","x_-1__z_0","direct","","","","","1911","1355","0","pass"
"w1212173432","way","1212173432","playable","roads_paths","2","represented","road:w1212173432","roads-pedestrian:x_-1__z_0;roads:x_-1__z_0","x_-1__z_0","direct","","","","","1911","1355","0","pass"
"w1212173433","way","1212173433","playable","roads_paths","1","represented","road:w1212173433","roads-pedestrian:x_-1__z_0;roads:x_-1__z_0","x_-1__z_0","direct","","","","","1911","1355","0","pass"
"w1212173434","way","1212173434","playable","roads_paths","2","represented","road:w1212173434","roads-pedestrian:x_-1__z_0;roads-pedestrian:x_-2__z_0;roads-pedestrian:x_-2__z_1;roads:x_-1__z_0;roads:x_-2__z_0;roads:x_-2__z_1","x_-2__z_0;x_-2__z_1;x_-1__z_0","direct","","","","","5128","3820","0","pass"
"w1212173435","way","1212173435","playable","roads_paths","2","represented","road:w1212173435","roads-pedestrian:x_-1__z_0;roads-pedestrian:x_-2__z_0;roads-pedestrian:x_-2__z_1;roads:x_-1__z_0;roads:x_-2__z_0;roads:x_-2__z_1","x_-2__z_0;x_-2__z_1;x_-1__z_0","direct","","","","","5128","3820","0","pass"
"w1212173436","way","1212173436","playable","roads_paths","1","represented","road:w1212173436","roads-pedestrian:x_-1__z_1;roads:x_-1__z_1","x_-1__z_1","direct","","","","","2477","1772","0","pass"
"w1212173438","way","1212173438","playable","roads_paths","2","represented","road:w1212173438","roads-pedestrian:x_-1__z_1;roads:x_-1__z_1","x_-1__z_1","direct","","","","","2477","1772","0","pass"
"w1212173439","way","1212173439","playable","roads_paths","2","represented","road:w1212173439","roads-pedestrian:x_-1__z_1;roads:x_-1__z_1","x_-1__z_1","direct","","","","","2477","1772","0","pass"
"w1212173440","way","1212173440","playable","roads_paths","3","represented","road:w1212173440","roads-pedestrian:x_-1__z_1;roads:x_-1__z_1","x_-1__z_1","direct","","","","","2477","1772","0","pass"
"w1212173441","way","1212173441","playable","roads_paths","2","represented","road:w1212173441","roads-pedestrian:x_-1__z_1;roads:x_-1__z_1","x_-1__z_1","direct","","","","","2477","1772","0","pass"
"w1212173442","way","1212173442","playable","roads_paths","3","represented","road:w1212173442","roads-pedestrian:x_-1__z_1;roads:x_-1__z_1","x_-1__z_1","direct","","","","","2477","1772","0","pass"
"w1212173443","way","1212173443","playable","roads_paths","1","represented","road:w1212173443","roads-pedestrian:x_-1__z_1;roads:x_-1__z_1","x_-1__z_1","direct","","","","","2477","1772","0","pass"
"w1212173444","way","1212173444","playable","roads_paths","5","represented","road:w1212173444","roads-pedestrian:x_-1__z_1;roads-pedestrian:x_-1__z_2;roads:x_-1__z_1;roads:x_-1__z_2","x_-1__z_1;x_-1__z_2","direct","","","","","4824","3521","0","pass"
"w1212173445","way","1212173445","playable","roads_paths","1","represented","road:w1212173445","roads-pedestrian:x_-1__z_1;roads-pedestrian:x_-1__z_2;roads-pedestrian:x_0__z_2;roads:x_-1__z_1;roads:x_-1__z_2;roads:x_0__z_2","x_-1__z_1;x_-1__z_2;x_0__z_2","direct","","","","","6188","4569","0","pass"
"w1212173446","way","1212173446","playable","roads_paths","2","represented","road:w1212173446","roads-pedestrian:x_-1__z_0;roads-pedestrian:x_-1__z_1;roads:x_-1__z_0;roads:x_-1__z_1","x_-1__z_0;x_-1__z_1","direct","","","","","4388","3127","0","pass"
"w1212173447","way","1212173447","playable","roads_paths","2","represented","road:w1212173447","roads-pedestrian:x_-1__z_0;roads:x_-1__z_0","x_-1__z_0","direct","","","","","1911","1355","0","pass"
"w1212173448","way","1212173448","playable","roads_paths","4","represented","road:w1212173448","roads:x_0__z_2;roads:x_0__z_3","x_0__z_2;x_0__z_3","direct","","","","","1108","833","0","pass"
"w1212173449","way","1212173449","playable","roads_paths","1","represented","road:w1212173449","roads-pedestrian:x_-1__z_2;roads:x_-1__z_2","x_-1__z_2","direct","","","","","2347","1749","0","pass"
"w1212173450","way","1212173450","playable","roads_paths","3","represented","road:w1212173450","roads-pedestrian:x_-1__z_3;roads:x_-1__z_3","x_-1__z_3","direct","","","","","1676","1324","0","pass"
"w1212173451","way","1212173451","playable","roads_paths","2","represented","road:w1212173451","roads-pedestrian:x_-1__z_2;roads:x_-1__z_2","x_-1__z_2","direct","","","","","2347","1749","0","pass"
"w1212173452","way","1212173452","playable","roads_paths","3","represented","road:w1212173452","roads-pedestrian:x_-1__z_2;roads-pedestrian:x_-1__z_3;roads:x_-1__z_2;roads:x_-1__z_3","x_-1__z_2;x_-1__z_3","direct","","","","","4023","3073","0","pass"
"w1212173453","way","1212173453","playable","roads_paths","3","represented","road:w1212173453","roads-pedestrian:x_-1__z_3;roads:x_-1__z_3","x_-1__z_3","direct","","","","","1676","1324","0","pass"
"w1212173454","way","1212173454","playable","roads_paths","2","represented","road:w1212173454","roads-pedestrian:x_-1__z_3;roads:x_-1__z_3","x_-1__z_3","direct","","","","","1676","1324","0","pass"
"w1212173455","way","1212173455","playable","roads_paths","2","represented","road:w1212173455","roads-pedestrian:x_-1__z_3;roads:x_-1__z_3","x_-1__z_3","direct","","","","","1676","1324","0","pass"
"w1212173456","way","1212173456","playable","roads_paths","5","represented","road:w1212173456","roads-pedestrian:x_-1__z_3;roads-pedestrian:x_0__z_3;roads:x_-1__z_3;roads:x_0__z_3","x_-1__z_3;x_0__z_3","direct","","","","","2211","1703","0","pass"
"w1212173457","way","1212173457","playable","roads_paths","2","represented","road:w1212173457","roads-pedestrian:x_-1__z_3;roads-pedestrian:x_0__z_3;roads:x_-1__z_3;roads:x_0__z_3","x_-1__z_3;x_0__z_3","direct","","","","","2211","1703","0","pass"
"w1212173458","way","1212173458","playable","roads_paths","2","represented","road:w1212173458","roads-pedestrian:x_-1__z_3;roads-pedestrian:x_0__z_3;roads:x_-1__z_3;roads:x_0__z_3","x_-1__z_3;x_0__z_3","direct","","","","","2211","1703","0","pass"
"w1212173459","way","1212173459","playable","roads_paths","3","represented","road:w1212173459","roads-pedestrian:x_-1__z_2;roads:x_-1__z_2","x_-1__z_2","direct","","","","","2347","1749","0","pass"
"w1212173460","way","1212173460","playable","roads_paths","5","represented","road:w1212173460","roads-pedestrian:x_-1__z_3;roads:x_-1__z_3","x_-1__z_3","direct","","","","","1676","1324","0","pass"
"w1212173461","way","1212173461","playable","roads_paths","4","represented","road:w1212173461","roads-pedestrian:x_-1__z_3;roads:x_-1__z_3","x_-1__z_3","direct","","","","","1676","1324","0","pass"
"w1212173462","way","1212173462","playable","roads_paths","3","represented","road:w1212173462","roads-pedestrian:x_-1__z_3;roads-pedestrian:x_0__z_2;roads-pedestrian:x_0__z_3;roads:x_-1__z_3;roads:x_0__z_2;roads:x_0__z_3","x_-1__z_3;x_0__z_2;x_0__z_3","direct","","","","","3575","2751","0","pass"
"w1212173463","way","1212173463","playable","roads_paths","2","represented","road:w1212173463","roads-pedestrian:x_-1__z_2;roads:x_-1__z_2","x_-1__z_2","direct","","","","","2347","1749","0","pass"
"w1212173464","way","1212173464","playable","roads_paths","2","represented","road:w1212173464","roads-pedestrian:x_-1__z_2;roads-pedestrian:x_0__z_2;roads:x_-1__z_2;roads:x_0__z_2","x_-1__z_2;x_0__z_2","direct","","","","","3711","2797","0","pass"
"w1212173465","way","1212173465","playable","roads_paths","3","represented","road:w1212173465","roads-pedestrian:x_-1__z_2;roads:x_-1__z_2","x_-1__z_2","direct","","","","","2347","1749","0","pass"
"w1212173466","way","1212173466","playable","roads_paths","6","represented","road:w1212173466","roads-pedestrian:x_-1__z_2;roads-pedestrian:x_-1__z_3;roads:x_-1__z_2;roads:x_-1__z_3","x_-1__z_2;x_-1__z_3","direct","","","","","4023","3073","0","pass"
"w1212173467","way","1212173467","playable","roads_paths","4","represented","road:w1212173467","roads-pedestrian:x_-1__z_2;roads-pedestrian:x_0__z_2;roads:x_-1__z_2;roads:x_0__z_2","x_-1__z_2;x_0__z_2","direct","","","","","3711","2797","0","pass"
"w1212173470","way","1212173470","playable","roads_paths","4","represented","road:w1212173470","roads-pedestrian:x_-2__z_0;roads:x_-2__z_0","x_-2__z_0","direct","","","","","2432","1948","0","pass"
"w1212173471","way","1212173471","playable","roads_paths","5","represented","road:w1212173471","roads-pedestrian:x_-1__z_1;roads-pedestrian:x_-1__z_2;roads-pedestrian:x_-2__z_0;roads-pedestrian:x_-2__z_1;roads:x_-1__z_1;roads:x_-1__z_2;roads:x_-2__z_0;roads:x_-2__z_1","x_-2__z_0;x_-2__z_1;x_-1__z_1;x_-1__z_2","direct","","","","","8041","5986","0","pass"
"w1212176121","way","1212176121","playable","roads_paths","2","represented","road:w1212176121","roads:x_-2__z_0","x_-2__z_0","direct","","","","","1373","1097","0","pass"
"w1212176122","way","1212176122","playable","roads_paths","8","represented","road:w1212176122","roads:x_-1__z_1;roads:x_-1__z_2","x_-1__z_1;x_-1__z_2","direct","","","","","2794","2048","0","pass"
"w1212176123","way","1212176123","playable","roads_paths","2","represented","road:w1212176123","roads:x_-1__z_3","x_-1__z_3","direct","","","","","988","780","0","pass"
"w1212176708","way","1212176708","playable","roads_paths","2","represented","road:w1212176708","roads-pedestrian:x_-1__z_1;roads-pedestrian:x_-1__z_2;roads:x_-1__z_1;roads:x_-1__z_2","x_-1__z_1;x_-1__z_2","direct","","","","","4824","3521","0","pass"
"w1222505189","way","1222505189","playable","roads_paths","4","represented","road:w1222505189","roads:x_1__z_2;roads:x_2__z_1;roads:x_2__z_2","x_1__z_2;x_2__z_1;x_2__z_2","direct","","","","","577","371","0","pass"
"w1222505190","way","1222505190","playable","roads_paths","2","represented","road:w1222505190","roads:x_1__z_2","x_1__z_2","direct","","","","","360","248","0","pass"
"w1222514694","way","1222514694","playable","roads_paths","4","represented","road:w1222514694","roads-pedestrian:x_-1__z_3;roads:x_-1__z_3","x_-1__z_3","direct","","","","","1676","1324","0","pass"
"w1242725087","way","1242725087","playable","roads_paths","1","represented","road:w1242725087","roads-pedestrian:x_-1__z_1;roads:x_-1__z_1","x_-1__z_1","direct","","","","","2477","1772","0","pass"
"w1242725088","way","1242725088","playable","roads_paths","2","represented","road:w1242725088","roads-pedestrian:x_-1__z_0;roads:x_-1__z_0","x_-1__z_0","direct","","","","","1911","1355","0","pass"
"w1242725089","way","1242725089","playable","roads_paths","1","represented","road:w1242725089","roads-pedestrian:x_-1__z_1;roads-pedestrian:x_-1__z_2;roads-pedestrian:x_0__z_2;roads:x_-1__z_1;roads:x_-1__z_2;roads:x_0__z_2","x_-1__z_1;x_-1__z_2;x_0__z_2","direct","","","","","6188","4569","0","pass"
"w1246235705","way","1246235705","playable","roads_paths","5","represented","road:w1246235705","roads:x_0__z_0;roads:x_0__z_1;roads:x_1__z_0","x_0__z_0;x_0__z_1;x_1__z_0","direct","","","","","1582","1116","0","pass"
"w1248964738","way","1248964738","playable","roads_paths","4","represented","road:w1248964738","roads-pedestrian:x_-1__z_3;roads:x_-1__z_3","x_-1__z_3","direct","","","","","1676","1324","0","pass"
"w1248964740","way","1248964740","playable","roads_paths","3","represented","road:w1248964740","roads-pedestrian:x_-1__z_3;roads:x_-1__z_3","x_-1__z_3","direct","","","","","1676","1324","0","pass"
"w1248964742","way","1248964742","playable","roads_paths","4","represented","road:w1248964742","roads:x_-1__z_3","x_-1__z_3","direct","","","","","988","780","0","pass"
"w1248964743","way","1248964743","playable","roads_paths","2","represented","road:w1248964743","roads-pedestrian:x_-1__z_3;roads:x_-1__z_3","x_-1__z_3","direct","","","","","1676","1324","0","pass"
"w1248964744","way","1248964744","playable","roads_paths","3","represented","road:w1248964744","roads-pedestrian:x_-1__z_2;roads:x_-1__z_2","x_-1__z_2","direct","","","","","2347","1749","0","pass"
"w1248964745","way","1248964745","playable","roads_paths","2","represented","road:w1248964745","roads-pedestrian:x_-1__z_3;roads:x_-1__z_3","x_-1__z_3","direct","","","","","1676","1324","0","pass"
"w1249412095","way","1249412095","playable","roads_paths","5","represented","road:w1249412095","roads-pedestrian:x_-1__z_0;roads-pedestrian:x_-1__z_1;roads:x_-1__z_0;roads:x_-1__z_1","x_-1__z_0;x_-1__z_1","direct","","","","","4388","3127","0","pass"
"w1249412096","way","1249412096","playable","roads_paths","5","represented","road:w1249412096","roads-pedestrian:x_-1__z_1;roads-pedestrian:x_-1__z_2;roads:x_-1__z_1;roads:x_-1__z_2","x_-1__z_1;x_-1__z_2","direct","","","","","4824","3521","0","pass"
"w1249412098","way","1249412098","playable","roads_paths","1","represented","road:w1249412098","roads-pedestrian:x_0__z_2;roads:x_0__z_2","x_0__z_2","direct","","","","","1364","1048","0","pass"
"w1249412099","way","1249412099","playable","roads_paths","2","represented","road:w1249412099","roads-pedestrian:x_0__z_2;roads:x_0__z_2","x_0__z_2","direct","","","","","1364","1048","0","pass"
"w1249412100","way","1249412100","playable","roads_paths","1","represented","road:w1249412100","roads-pedestrian:x_0__z_2;roads:x_0__z_2","x_0__z_2","direct","","","","","1364","1048","0","pass"
"w1249412102","way","1249412102","playable","roads_paths","3","represented","road:w1249412102","roads-pedestrian:x_0__z_2;roads-pedestrian:x_0__z_3;roads:x_0__z_2;roads:x_0__z_3","x_0__z_2;x_0__z_3","direct","","","","","1899","1427","0","pass"
"w1249412103","way","1249412103","playable","roads_paths","1","represented","road:w1249412103","roads-pedestrian:x_0__z_2;roads:x_0__z_2","x_0__z_2","direct","","","","","1364","1048","0","pass"
"w1249412104","way","1249412104","playable","roads_paths","1","represented","road:w1249412104","roads-pedestrian:x_0__z_2;roads:x_0__z_2","x_0__z_2","direct","","","","","1364","1048","0","pass"
"w1249412105","way","1249412105","playable","roads_paths","1","represented","road:w1249412105","roads-pedestrian:x_0__z_2;roads:x_0__z_2","x_0__z_2","direct","","","","","1364","1048","0","pass"
"w1249412106","way","1249412106","playable","roads_paths","1","represented","road:w1249412106","roads-pedestrian:x_0__z_2;roads:x_0__z_2","x_0__z_2","direct","","","","","1364","1048","0","pass"
"w1249412107","way","1249412107","playable","roads_paths","1","represented","road:w1249412107","roads-pedestrian:x_0__z_2;roads:x_0__z_2","x_0__z_2","direct","","","","","1364","1048","0","pass"
"w1249412108","way","1249412108","playable","roads_paths","1","represented","road:w1249412108","roads-pedestrian:x_0__z_2;roads:x_0__z_2","x_0__z_2","direct","","","","","1364","1048","0","pass"
"w1249412109","way","1249412109","playable","roads_paths","1","represented","road:w1249412109","roads-pedestrian:x_0__z_2;roads:x_0__z_2","x_0__z_2","direct","","","","","1364","1048","0","pass"
"w1249412110","way","1249412110","playable","roads_paths","2","represented","road:w1249412110","roads-pedestrian:x_0__z_2;roads:x_0__z_2","x_0__z_2","direct","","","","","1364","1048","0","pass"
"w1249412111","way","1249412111","playable","roads_paths","1","represented","road:w1249412111","roads-pedestrian:x_0__z_2;roads:x_0__z_2","x_0__z_2","direct","","","","","1364","1048","0","pass"
"w1249412112","way","1249412112","playable","roads_paths","2","represented","road:w1249412112","roads-pedestrian:x_0__z_2;roads:x_0__z_2","x_0__z_2","direct","","","","","1364","1048","0","pass"
"w1249412113","way","1249412113","playable","roads_paths","3","represented","road:w1249412113","roads-pedestrian:x_0__z_2;roads:x_0__z_2","x_0__z_2","direct","","","","","1364","1048","0","pass"
"w1249412114","way","1249412114","playable","roads_paths","1","represented","road:w1249412114","roads-pedestrian:x_0__z_2;roads:x_0__z_2","x_0__z_2","direct","","","","","1364","1048","0","pass"
"w1249412115","way","1249412115","playable","roads_paths","1","represented","road:w1249412115","roads-pedestrian:x_0__z_2;roads:x_0__z_2","x_0__z_2","direct","","","","","1364","1048","0","pass"
"w1249412116","way","1249412116","playable","roads_paths","1","represented","road:w1249412116","roads-pedestrian:x_-1__z_2;roads-pedestrian:x_0__z_2;roads:x_-1__z_2;roads:x_0__z_2","x_-1__z_2;x_0__z_2","direct","","","","","3711","2797","0","pass"
"w1249412117","way","1249412117","playable","roads_paths","1","represented","road:w1249412117","roads-pedestrian:x_0__z_2;roads:x_0__z_2","x_0__z_2","direct","","","","","1364","1048","0","pass"
"w1249412118","way","1249412118","playable","roads_paths","2","represented","road:w1249412118","roads-pedestrian:x_0__z_2;roads:x_0__z_2","x_0__z_2","direct","","","","","1364","1048","0","pass"
"w1249412119","way","1249412119","playable","roads_paths","2","represented","road:w1249412119","roads-pedestrian:x_0__z_2;roads:x_0__z_2","x_0__z_2","direct","","","","","1364","1048","0","pass"
"w1249412120","way","1249412120","playable","roads_paths","2","represented","road:w1249412120","roads-pedestrian:x_0__z_2;roads:x_0__z_2","x_0__z_2","direct","","","","","1364","1048","0","pass"
"w1249412121","way","1249412121","playable","roads_paths","2","represented","road:w1249412121","roads-pedestrian:x_-1__z_3;roads:x_-1__z_3","x_-1__z_3","direct","","","","","1676","1324","0","pass"
"w1249412122","way","1249412122","playable","roads_paths","2","represented","road:w1249412122","roads-pedestrian:x_-1__z_3;roads:x_-1__z_3","x_-1__z_3","direct","","","","","1676","1324","0","pass"
"w1249412123","way","1249412123","playable","roads_paths","2","represented","road:w1249412123","roads-pedestrian:x_-1__z_3;roads:x_-1__z_3","x_-1__z_3","direct","","","","","1676","1324","0","pass"
"w1249412124","way","1249412124","playable","roads_paths","2","represented","road:w1249412124","roads-pedestrian:x_-1__z_3;roads:x_-1__z_3","x_-1__z_3","direct","","","","","1676","1324","0","pass"
"w1249412125","way","1249412125","playable","roads_paths","2","represented","road:w1249412125","roads-pedestrian:x_-1__z_3;roads:x_-1__z_3","x_-1__z_3","direct","","","","","1676","1324","0","pass"
"w1249412126","way","1249412126","playable","roads_paths","2","represented","road:w1249412126","roads-pedestrian:x_-1__z_3;roads:x_-1__z_3","x_-1__z_3","direct","","","","","1676","1324","0","pass"
"w1249797943","way","1249797943","playable","roads_paths","1","represented","road:w1249797943","roads:x_-1__z_3","x_-1__z_3","direct","","","","","988","780","0","pass"
"w1249797944","way","1249797944","playable","roads_paths","2","represented","road:w1249797944","roads:x_-1__z_2;roads:x_-1__z_3","x_-1__z_2;x_-1__z_3","direct","","","","","2333","1790","0","pass"
"w1249797945","way","1249797945","playable","roads_paths","2","represented","road:w1249797945","roads:x_-1__z_2","x_-1__z_2","direct","","","","","1345","1010","0","pass"
"w1249797946","way","1249797946","playable","roads_paths","2","represented","road:w1249797946","roads:x_-1__z_2;roads:x_0__z_2","x_-1__z_2;x_0__z_2","direct","","","","","2151","1634","0","pass"
"w1252737727","way","1252737727","playable","roads_paths","3","represented","road:w1252737727","roads:x_1__z_0;roads:x_1__z_1","x_1__z_0;x_1__z_1","direct","","","","","416","268","0","pass"
"w1252737728","way","1252737728","playable","roads_paths","1","represented","road:w1252737728","roads:x_1__z_0","x_1__z_0","direct","","","","","392","252","0","pass"
"w1252737729","way","1252737729","playable","roads_paths","2","represented","road:w1252737729","roads:x_2__z_1","x_2__z_1","direct","","","","","179","101","0","pass"
"w1252737730","way","1252737730","playable","roads_paths","1","represented","road:w1252737730","roads-pedestrian:x_0__z_1;roads:x_0__z_1","x_0__z_1","direct","","","","","1099","833","0","pass"
"w1252737731","way","1252737731","playable","roads_paths","2","represented","road:w1252737731","roads:x_0__z_1;roads:x_0__z_2","x_0__z_1;x_0__z_2","direct","","","","","1519","1169","0","pass"
"w1252737735","way","1252737735","playable","roads_paths","3","represented","road:w1252737735","roads:x_1__z_-1","x_1__z_-1","direct","","","","","377","219","0","pass"
"w1252737736","way","1252737736","playable","roads_paths","1","represented","road:w1252737736","roads:x_0__z_-2","x_0__z_-2","direct","","","","","601","417","0","pass"
"w1252737737","way","1252737737","playable","roads_paths","1","represented","road:w1252737737","roads:x_0__z_-2","x_0__z_-2","direct","","","","","601","417","0","pass"
"w1252737753","way","1252737753","playable","roads_paths","2","represented","road:w1252737753","roads:x_1__z_0","x_1__z_0","direct","","","","","392","252","0","pass"
"w1252738864","way","1252738864","playable","roads_paths","1","represented","road:w1252738864","roads:x_0__z_1","x_0__z_1","direct","","","","","713","545","0","pass"
"w1252738865","way","1252738865","playable","roads_paths","3","represented","road:w1252738865","roads:x_0__z_1","x_0__z_1","direct","","","","","713","545","0","pass"
"w1252738866","way","1252738866","playable","roads_paths","3","represented","road:w1252738866","roads:x_0__z_0","x_0__z_0","direct","","","","","477","319","0","pass"
"w1307987453","way","1307987453","playable","roads_paths","1","represented","road:w1307987453","roads-pedestrian:x_-3__z_-2;roads:x_-3__z_-2","x_-3__z_-2","direct","","","","","1234","940","0","pass"
"w1369812234","way","1369812234","playable","roads_paths","2","represented","road:w1369812234","roads-pedestrian:x_0__z_2;roads-pedestrian:x_0__z_3;roads-pedestrian:x_1__z_2;roads:x_0__z_2;roads:x_0__z_3;roads:x_1__z_2","x_0__z_2;x_0__z_3;x_1__z_2","direct","","","","","2278","1690","0","pass"
"w1370667321","way","1370667321","playable","roads_paths","1","represented","road:w1370667321","roads-pedestrian:x_0__z_2;roads-pedestrian:x_0__z_3;roads:x_0__z_2;roads:x_0__z_3","x_0__z_2;x_0__z_3","direct","","","","","1899","1427","0","pass"
"w1370667322","way","1370667322","playable","roads_paths","1","represented","road:w1370667322","roads:x_0__z_2","x_0__z_2","direct","","","","","806","624","0","pass"
"w1370667325","way","1370667325","playable","roads_paths","3","represented","road:w1370667325","roads-pedestrian:x_-1__z_2;roads:x_-1__z_2","x_-1__z_2","direct","","","","","2347","1749","0","pass"
"w1370667326","way","1370667326","playable","roads_paths","2","represented","road:w1370667326","roads-pedestrian:x_-1__z_1;roads-pedestrian:x_-1__z_2;roads:x_-1__z_1;roads:x_-1__z_2","x_-1__z_1;x_-1__z_2","direct","","","","","4824","3521","0","pass"
"w1370667327","way","1370667327","playable","roads_paths","2","represented","road:w1370667327","roads-pedestrian:x_-1__z_2;roads:x_-1__z_2","x_-1__z_2","direct","","","","","2347","1749","0","pass"
"w1370667328","way","1370667328","playable","roads_paths","1","represented","road:w1370667328","roads-pedestrian:x_-1__z_2;roads:x_-1__z_2","x_-1__z_2","direct","","","","","2347","1749","0","pass"
"w1370667329","way","1370667329","playable","roads_paths","1","represented","road:w1370667329","roads-pedestrian:x_-1__z_2;roads:x_-1__z_2","x_-1__z_2","direct","","","","","2347","1749","0","pass"
"w1370667330","way","1370667330","playable","roads_paths","1","represented","road:w1370667330","roads-pedestrian:x_-1__z_2;roads:x_-1__z_2","x_-1__z_2","direct","","","","","2347","1749","0","pass"
"w1370667331","way","1370667331","playable","roads_paths","1","represented","road:w1370667331","roads-pedestrian:x_-1__z_2;roads:x_-1__z_2","x_-1__z_2","direct","","","","","2347","1749","0","pass"
"w1370667332","way","1370667332","playable","roads_paths","1","represented","road:w1370667332","roads-pedestrian:x_-1__z_2;roads:x_-1__z_2","x_-1__z_2","direct","","","","","2347","1749","0","pass"
"w1370667333","way","1370667333","playable","roads_paths","1","represented","road:w1370667333","roads-pedestrian:x_-1__z_2;roads:x_-1__z_2","x_-1__z_2","direct","","","","","2347","1749","0","pass"
"w1370667334","way","1370667334","playable","roads_paths","1","represented","road:w1370667334","roads-pedestrian:x_-1__z_2;roads:x_-1__z_2","x_-1__z_2","direct","","","","","2347","1749","0","pass"
"w1370667335","way","1370667335","playable","roads_paths","1","represented","road:w1370667335","roads-pedestrian:x_-1__z_2;roads:x_-1__z_2","x_-1__z_2","direct","","","","","2347","1749","0","pass"
"w1370667337","way","1370667337","playable","roads_paths","1","represented","road:w1370667337","roads-pedestrian:x_-1__z_2;roads:x_-1__z_2","x_-1__z_2","direct","","","","","2347","1749","0","pass"
"w1370667338","way","1370667338","playable","roads_paths","1","represented","road:w1370667338","roads-pedestrian:x_-1__z_2;roads:x_-1__z_2","x_-1__z_2","direct","","","","","2347","1749","0","pass"
"w1370667339","way","1370667339","playable","roads_paths","1","represented","road:w1370667339","roads-pedestrian:x_-1__z_2;roads-pedestrian:x_-1__z_3;roads:x_-1__z_2;roads:x_-1__z_3","x_-1__z_2;x_-1__z_3","direct","","","","","4023","3073","0","pass"
"w1370667340","way","1370667340","playable","roads_paths","1","represented","road:w1370667340","roads-pedestrian:x_-1__z_3;roads:x_-1__z_3","x_-1__z_3","direct","","","","","1676","1324","0","pass"
"w1370667341","way","1370667341","playable","roads_paths","1","represented","road:w1370667341","roads-pedestrian:x_-1__z_3;roads:x_-1__z_3","x_-1__z_3","direct","","","","","1676","1324","0","pass"
"w1370667342","way","1370667342","playable","roads_paths","1","represented","road:w1370667342","roads-pedestrian:x_-1__z_3;roads:x_-1__z_3","x_-1__z_3","direct","","","","","1676","1324","0","pass"
"w1370667343","way","1370667343","playable","roads_paths","1","represented","road:w1370667343","roads-pedestrian:x_-1__z_3;roads:x_-1__z_3","x_-1__z_3","direct","","","","","1676","1324","0","pass"
"w1375156122","way","1375156122","playable","roads_paths","1","represented","road:w1375156122","roads-pedestrian:x_-1__z_2;roads:x_-1__z_2","x_-1__z_2","direct","","","","","2347","1749","0","pass"
"w1375156123","way","1375156123","playable","roads_paths","1","represented","road:w1375156123","roads-pedestrian:x_-1__z_1;roads-pedestrian:x_-1__z_2;roads:x_-1__z_1;roads:x_-1__z_2","x_-1__z_1;x_-1__z_2","direct","","","","","4824","3521","0","pass"
"w1375156124","way","1375156124","playable","roads_paths","1","represented","road:w1375156124","roads-pedestrian:x_-1__z_2;roads:x_-1__z_2","x_-1__z_2","direct","","","","","2347","1749","0","pass"
"w1375156125","way","1375156125","playable","roads_paths","1","represented","road:w1375156125","roads-pedestrian:x_-1__z_2;roads:x_-1__z_2","x_-1__z_2","direct","","","","","2347","1749","0","pass"
"w1375156126","way","1375156126","playable","roads_paths","1","represented","road:w1375156126","roads-pedestrian:x_-1__z_2;roads:x_-1__z_2","x_-1__z_2","direct","","","","","2347","1749","0","pass"
"w1375156127","way","1375156127","playable","roads_paths","1","represented","road:w1375156127","roads-pedestrian:x_-1__z_2;roads:x_-1__z_2","x_-1__z_2","direct","","","","","2347","1749","0","pass"
"w1375156128","way","1375156128","playable","roads_paths","1","represented","road:w1375156128","roads-pedestrian:x_-1__z_2;roads:x_-1__z_2","x_-1__z_2","direct","","","","","2347","1749","0","pass"
"w1375156129","way","1375156129","playable","roads_paths","1","represented","road:w1375156129","roads-pedestrian:x_-1__z_2;roads:x_-1__z_2","x_-1__z_2","direct","","","","","2347","1749","0","pass"
"w1375156130","way","1375156130","playable","roads_paths","1","represented","road:w1375156130","roads-pedestrian:x_-1__z_1;roads:x_-1__z_1","x_-1__z_1","direct","","","","","2477","1772","0","pass"
"w1375156131","way","1375156131","playable","roads_paths","1","represented","road:w1375156131","roads-pedestrian:x_-1__z_1;roads:x_-1__z_1","x_-1__z_1","direct","","","","","2477","1772","0","pass"
"w1375156132","way","1375156132","playable","roads_paths","1","represented","road:w1375156132","roads-pedestrian:x_-1__z_1;roads:x_-1__z_1","x_-1__z_1","direct","","","","","2477","1772","0","pass"
"w1375156133","way","1375156133","playable","roads_paths","1","represented","road:w1375156133","roads-pedestrian:x_-1__z_1;roads:x_-1__z_1","x_-1__z_1","direct","","","","","2477","1772","0","pass"
"w1375156134","way","1375156134","playable","roads_paths","1","represented","road:w1375156134","roads-pedestrian:x_-1__z_1;roads-pedestrian:x_-2__z_1;roads:x_-1__z_1;roads:x_-2__z_1","x_-2__z_1;x_-1__z_1","direct","","","","","3262","2289","0","pass"
"w1375156135","way","1375156135","playable","roads_paths","1","represented","road:w1375156135","roads-pedestrian:x_-1__z_1;roads:x_-1__z_1","x_-1__z_1","direct","","","","","2477","1772","0","pass"
"w1375156136","way","1375156136","playable","roads_paths","1","represented","road:w1375156136","roads-pedestrian:x_-1__z_1;roads:x_-1__z_1","x_-1__z_1","direct","","","","","2477","1772","0","pass"
"w1375156137","way","1375156137","playable","roads_paths","1","represented","road:w1375156137","roads-pedestrian:x_-1__z_1;roads:x_-1__z_1","x_-1__z_1","direct","","","","","2477","1772","0","pass"
"w1375156138","way","1375156138","playable","roads_paths","1","represented","road:w1375156138","roads-pedestrian:x_-1__z_1;roads:x_-1__z_1","x_-1__z_1","direct","","","","","2477","1772","0","pass"
"w1375156139","way","1375156139","playable","roads_paths","1","represented","road:w1375156139","roads-pedestrian:x_-1__z_1;roads:x_-1__z_1","x_-1__z_1","direct","","","","","2477","1772","0","pass"
"w1375156140","way","1375156140","playable","roads_paths","1","represented","road:w1375156140","roads-pedestrian:x_-1__z_1;roads:x_-1__z_1","x_-1__z_1","direct","","","","","2477","1772","0","pass"
"w1375156141","way","1375156141","playable","roads_paths","1","represented","road:w1375156141","roads-pedestrian:x_-2__z_1;roads:x_-2__z_1","x_-2__z_1","direct","","","","","785","517","0","pass"
"w1375156142","way","1375156142","playable","roads_paths","1","represented","road:w1375156142","roads-pedestrian:x_-2__z_1;roads:x_-2__z_1","x_-2__z_1","direct","","","","","785","517","0","pass"
"w1375156143","way","1375156143","playable","roads_paths","1","represented","road:w1375156143","roads-pedestrian:x_-1__z_0;roads:x_-1__z_0","x_-1__z_0","direct","","","","","1911","1355","0","pass"
"w1375156144","way","1375156144","playable","roads_paths","1","represented","road:w1375156144","roads-pedestrian:x_-2__z_1;roads:x_-2__z_1","x_-2__z_1","direct","","","","","785","517","0","pass"
"w1375156145","way","1375156145","playable","roads_paths","1","represented","road:w1375156145","roads-pedestrian:x_-1__z_0;roads:x_-1__z_0","x_-1__z_0","direct","","","","","1911","1355","0","pass"
"w1375156146","way","1375156146","playable","roads_paths","1","represented","road:w1375156146","roads-pedestrian:x_-1__z_0;roads:x_-1__z_0","x_-1__z_0","direct","","","","","1911","1355","0","pass"
"w1375156147","way","1375156147","playable","roads_paths","1","represented","road:w1375156147","roads-pedestrian:x_-1__z_0;roads:x_-1__z_0","x_-1__z_0","direct","","","","","1911","1355","0","pass"
"w1375156148","way","1375156148","playable","roads_paths","1","represented","road:w1375156148","roads-pedestrian:x_-1__z_0;roads:x_-1__z_0","x_-1__z_0","direct","","","","","1911","1355","0","pass"
"w1375156149","way","1375156149","playable","roads_paths","1","represented","road:w1375156149","roads-pedestrian:x_-1__z_0;roads:x_-1__z_0","x_-1__z_0","direct","","","","","1911","1355","0","pass"
"w1375156150","way","1375156150","playable","roads_paths","1","represented","road:w1375156150","roads-pedestrian:x_-1__z_0;roads:x_-1__z_0","x_-1__z_0","direct","","","","","1911","1355","0","pass"
"w1375156151","way","1375156151","playable","roads_paths","1","represented","road:w1375156151","roads-pedestrian:x_-1__z_0;roads:x_-1__z_0","x_-1__z_0","direct","","","","","1911","1355","0","pass"
"w1375156152","way","1375156152","playable","roads_paths","1","represented","road:w1375156152","roads-pedestrian:x_-1__z_0;roads:x_-1__z_0","x_-1__z_0","direct","","","","","1911","1355","0","pass"
"w1375156153","way","1375156153","playable","roads_paths","1","represented","road:w1375156153","roads-pedestrian:x_-1__z_0;roads:x_-1__z_0","x_-1__z_0","direct","","","","","1911","1355","0","pass"
"w1375156154","way","1375156154","playable","roads_paths","1","represented","road:w1375156154","roads-pedestrian:x_-1__z_0;roads:x_-1__z_0","x_-1__z_0","direct","","","","","1911","1355","0","pass"
"w1375156155","way","1375156155","playable","roads_paths","1","represented","road:w1375156155","roads-pedestrian:x_-1__z_0;roads:x_-1__z_0","x_-1__z_0","direct","","","","","1911","1355","0","pass"
"w1375156156","way","1375156156","playable","roads_paths","1","represented","road:w1375156156","roads-pedestrian:x_-1__z_0;roads:x_-1__z_0","x_-1__z_0","direct","","","","","1911","1355","0","pass"
"w1375156157","way","1375156157","playable","roads_paths","1","represented","road:w1375156157","roads-pedestrian:x_-1__z_0;roads:x_-1__z_0","x_-1__z_0","direct","","","","","1911","1355","0","pass"
"w1375156158","way","1375156158","playable","roads_paths","1","represented","road:w1375156158","roads-pedestrian:x_-1__z_0;roads:x_-1__z_0","x_-1__z_0","direct","","","","","1911","1355","0","pass"
"w1375156159","way","1375156159","playable","roads_paths","1","represented","road:w1375156159","roads-pedestrian:x_-1__z_1;roads:x_-1__z_1","x_-1__z_1","direct","","","","","2477","1772","0","pass"
"w1375156160","way","1375156160","playable","roads_paths","1","represented","road:w1375156160","roads-pedestrian:x_-1__z_1;roads:x_-1__z_1","x_-1__z_1","direct","","","","","2477","1772","0","pass"
"w1375156161","way","1375156161","playable","roads_paths","1","represented","road:w1375156161","roads-pedestrian:x_-1__z_1;roads:x_-1__z_1","x_-1__z_1","direct","","","","","2477","1772","0","pass"
"w1375156162","way","1375156162","playable","roads_paths","1","represented","road:w1375156162","roads-pedestrian:x_-1__z_1;roads:x_-1__z_1","x_-1__z_1","direct","","","","","2477","1772","0","pass"
"w1428130463","way","1428130463","playable","roads_paths","1","represented","road:w1428130463","roads-pedestrian:x_-1__z_3;roads:x_-1__z_3","x_-1__z_3","direct","","","","","1676","1324","0","pass"
"w1428130464","way","1428130464","playable","roads_paths","1","represented","road:w1428130464","roads-pedestrian:x_0__z_2;roads:x_0__z_2","x_0__z_2","direct","","","","","1364","1048","0","pass"
"w1472754371","way","1472754371","playable","roads_paths","2","represented","road:w1472754371","roads-pedestrian:x_-1__z_3;roads:x_-1__z_3","x_-1__z_3","direct","","","","","1676","1324","0","pass"
"w1473022590","way","1473022590","playable","roads_paths","3","represented","road:w1473022590","roads-pedestrian:x_-1__z_1;roads:x_-1__z_1","x_-1__z_1","direct","","","","","2477","1772","0","pass"
"w1473022591","way","1473022591","playable","roads_paths","3","represented","road:w1473022591","roads-pedestrian:x_-2__z_1;roads:x_-2__z_1","x_-2__z_1","direct","","","","","785","517","0","pass"
"w1473022592","way","1473022592","playable","roads_paths","1","represented","road:w1473022592","roads-pedestrian:x_-3__z_-1;roads:x_-3__z_-1","x_-3__z_-1","direct","","","","","885","605","0","pass"
"w1473022593","way","1473022593","playable","roads_paths","1","represented","road:w1473022593","roads:x_-3__z_-1","x_-3__z_-1","direct","","","","","524","366","0","pass"
"w1473022594","way","1473022594","playable","roads_paths","1","represented","road:w1473022594","roads:x_-3__z_-2","x_-3__z_-2","direct","","","","","811","617","0","pass"
"w1473022595","way","1473022595","playable","roads_paths","1","represented","road:w1473022595","roads:x_-3__z_-2","x_-3__z_-2","direct","","","","","811","617","0","pass"
"w1473022597","way","1473022597","playable","roads_paths","1","represented","road:w1473022597","roads:x_-1__z_-4","x_-1__z_-4","direct","","","","","584","432","0","pass"
"w1473022598","way","1473022598","playable","roads_paths","1","represented","road:w1473022598","roads:x_-1__z_-4;roads:x_0__z_-4","x_-1__z_-4;x_0__z_-4","direct","","","","","776","580","0","pass"
"w1473022599","way","1473022599","playable","roads_paths","1","represented","road:w1473022599","roads:x_-1__z_-4","x_-1__z_-4","direct","","","","","584","432","0","pass"
"w1473022600","way","1473022600","playable","roads_paths","1","represented","road:w1473022600","roads:x_0__z_-4","x_0__z_-4","direct","","","","","192","148","0","pass"
"w1473022601","way","1473022601","playable","roads_paths","1","represented","road:w1473022601","roads:x_0__z_-4","x_0__z_-4","direct","","","","","192","148","0","pass"
"w1473022603","way","1473022603","playable","roads_paths","2","represented","road:w1473022603","roads:x_0__z_-3","x_0__z_-3","direct","","","","","365","231","0","pass"
"w1473022604","way","1473022604","playable","roads_paths","1","represented","road:w1473022604","roads:x_0__z_-3","x_0__z_-3","direct","","","","","365","231","0","pass"
"w1473022605","way","1473022605","playable","roads_paths","1","represented","road:w1473022605","roads:x_0__z_-3","x_0__z_-3","direct","","","","","365","231","0","pass"
"w1473022606","way","1473022606","playable","roads_paths","1","represented","road:w1473022606","roads-pedestrian:x_-1__z_-3;roads:x_-1__z_-3","x_-1__z_-3","direct","","","","","930","688","0","pass"
"w1473022607","way","1473022607","playable","roads_paths","1","represented","road:w1473022607","roads:x_-2__z_-2","x_-2__z_-2","direct","","","","","1102","834","0","pass"
"w1473022608","way","1473022608","playable","roads_paths","1","represented","road:w1473022608","roads:x_-2__z_-2","x_-2__z_-2","direct","","","","","1102","834","0","pass"
"w1473022609","way","1473022609","playable","roads_paths","1","represented","road:w1473022609","roads:x_-2__z_-2","x_-2__z_-2","direct","","","","","1102","834","0","pass"
"w1473022610","way","1473022610","playable","roads_paths","1","represented","road:w1473022610","roads:x_-1__z_-2","x_-1__z_-2","direct","","","","","548","376","0","pass"
"w1473022611","way","1473022611","playable","roads_paths","1","represented","road:w1473022611","roads:x_-1__z_-1;roads:x_-1__z_-2;roads:x_0__z_-2","x_-1__z_-2;x_-1__z_-1;x_0__z_-2","direct","","","","","2301","1603","0","pass"
"w1473022612","way","1473022612","playable","roads_paths","1","represented","road:w1473022612","roads:x_-1__z_-1;roads:x_-1__z_-2","x_-1__z_-2;x_-1__z_-1","direct","","","","","1700","1186","0","pass"
"w1473022613","way","1473022613","playable","roads_paths","1","represented","road:w1473022613","roads:x_-1__z_-2;roads:x_0__z_-2","x_-1__z_-2;x_0__z_-2","direct","","","","","1149","793","0","pass"
"w1473022614","way","1473022614","playable","roads_paths","1","represented","road:w1473022614","roads:x_-1__z_-1;roads:x_0__z_-1;roads:x_0__z_-2","x_-1__z_-1;x_0__z_-2;x_0__z_-1","direct","","","","","2448","1712","0","pass"
"w1473022615","way","1473022615","playable","roads_paths","1","represented","road:w1473022615","roads:x_0__z_-1","x_0__z_-1","direct","","","","","695","485","0","pass"
"w1473022616","way","1473022616","playable","roads_paths","1","represented","road:w1473022616","roads:x_-1__z_-1;roads:x_0__z_-1","x_-1__z_-1;x_0__z_-1","direct","","","","","1847","1295","0","pass"
"w1473022617","way","1473022617","playable","roads_paths","1","represented","road:w1473022617","roads:x_-1__z_-1;roads:x_0__z_-1","x_-1__z_-1;x_0__z_-1","direct","","","","","1847","1295","0","pass"
"w1473022618","way","1473022618","playable","roads_paths","1","represented","road:w1473022618","roads:x_0__z_-1","x_0__z_-1","direct","","","","","695","485","0","pass"
"w1473022619","way","1473022619","playable","roads_paths","1","represented","road:w1473022619","roads:x_-1__z_-1","x_-1__z_-1","direct","","","","","1152","810","0","pass"
"w1473022620","way","1473022620","playable","roads_paths","1","represented","road:w1473022620","roads:x_-1__z_-1","x_-1__z_-1","direct","","","","","1152","810","0","pass"
"w1473022621","way","1473022621","playable","roads_paths","1","represented","road:w1473022621","roads:x_-1__z_-1;roads:x_-1__z_-2","x_-1__z_-2;x_-1__z_-1","direct","","","","","1700","1186","0","pass"
"w1473022622","way","1473022622","playable","roads_paths","1","represented","road:w1473022622","roads:x_0__z_-2","x_0__z_-2","direct","","","","","601","417","0","pass"
"w1473253272","way","1473253272","playable","roads_paths","1","represented","road:w1473253272","roads:x_1__z_0","x_1__z_0","direct","","","","","392","252","0","pass"
"w1473253273","way","1473253273","playable","roads_paths","1","represented","road:w1473253273","roads:x_2__z_1","x_2__z_1","direct","","","","","179","101","0","pass"
"w1473253274","way","1473253274","playable","roads_paths","2","represented","road:w1473253274","roads:x_1__z_2","x_1__z_2","direct","","","","","360","248","0","pass"
"w1473253275","way","1473253275","playable","roads_paths","1","represented","road:w1473253275","roads:x_1__z_0","x_1__z_0","direct","","","","","392","252","0","pass"
"w1473253277","way","1473253277","playable","roads_paths","1","represented","road:w1473253277","roads:x_-1__z_-1;roads:x_-1__z_0;roads:x_-2__z_-1;roads:x_-2__z_-2","x_-2__z_-2;x_-2__z_-1;x_-1__z_-1;x_-1__z_0","direct","","","","","5140","3806","0","pass"
"w1473253278","way","1473253278","playable","roads_paths","1","represented","road:w1473253278","roads:x_-1__z_0","x_-1__z_0","direct","","","","","1262","886","0","pass"
"w1473253279","way","1473253279","playable","roads_paths","1","represented","road:w1473253279","roads:x_-1__z_0","x_-1__z_0","direct","","","","","1262","886","0","pass"
"w1473253280","way","1473253280","playable","roads_paths","1","represented","road:w1473253280","roads:x_-1__z_0","x_-1__z_0","direct","","","","","1262","886","0","pass"
"w1473253281","way","1473253281","playable","roads_paths","1","represented","road:w1473253281","roads:x_-1__z_0","x_-1__z_0","direct","","","","","1262","886","0","pass"
"w1473253282","way","1473253282","playable","roads_paths","1","represented","road:w1473253282","roads:x_-1__z_2;roads:x_-1__z_3","x_-1__z_2;x_-1__z_3","direct","","","","","2333","1790","0","pass"
"w1473253283","way","1473253283","playable","roads_paths","1","represented","road:w1473253283","roads:x_-1__z_-2","x_-1__z_-2","direct","","","","","548","376","0","pass"
"w1473253284","way","1473253284","playable","roads_paths","1","represented","road:w1473253284","roads:x_-1__z_-2","x_-1__z_-2","direct","","","","","548","376","0","pass"
"w1473253285","way","1473253285","playable","roads_paths","1","represented","road:w1473253285","roads:x_-1__z_-2","x_-1__z_-2","direct","","","","","548","376","0","pass"
"w1512043163","way","1512043163","playable","roads_paths","1","represented","road:w1512043163","roads:x_1__z_2","x_1__z_2","direct","","","","","360","248","0","pass"
"w1512043164","way","1512043164","playable","roads_paths","1","represented","road:w1512043164","roads:x_1__z_2","x_1__z_2","direct","","","","","360","248","0","pass"
"w1512043165","way","1512043165","playable","roads_paths","1","represented","road:w1512043165","roads:x_1__z_2","x_1__z_2","direct","","","","","360","248","0","pass"
"w1530613461","way","1530613461","playable","roads_paths","1","represented","road:w1530613461","roads-pedestrian:x_-1__z_1;roads-pedestrian:x_-1__z_2;roads-pedestrian:x_-2__z_1;roads:x_-1__z_1;roads:x_-1__z_2;roads:x_-2__z_1","x_-2__z_1;x_-1__z_1;x_-1__z_2","direct","","","","","5609","4038","0","pass"
"w1530613463","way","1530613463","playable","roads_paths","1","represented","road:w1530613463","roads-pedestrian:x_-1__z_2;roads:x_-1__z_2","x_-1__z_2","direct","","","","","2347","1749","0","pass"
"w1530613464","way","1530613464","playable","roads_paths","1","represented","road:w1530613464","roads-pedestrian:x_-1__z_2;roads:x_-1__z_2","x_-1__z_2","direct","","","","","2347","1749","0","pass"
"w1530613465","way","1530613465","playable","roads_paths","1","represented","road:w1530613465","roads-pedestrian:x_-2__z_0;roads:x_-2__z_0","x_-2__z_0","direct","","","","","2432","1948","0","pass"
"w1530613466","way","1530613466","playable","roads_paths","1","represented","road:w1530613466","roads-pedestrian:x_-2__z_0;roads-pedestrian:x_-2__z_1;roads:x_-2__z_0;roads:x_-2__z_1","x_-2__z_0;x_-2__z_1","direct","","","","","3217","2465","0","pass"
"w1530615890","way","1530615890","playable","roads_paths","1","represented","road:w1530615890","roads-pedestrian:x_-1__z_1;roads-pedestrian:x_-1__z_2;roads-pedestrian:x_-2__z_0;roads-pedestrian:x_-2__z_1;roads:x_-1__z_1;roads:x_-1__z_2;roads:x_-2__z_0;roads:x_-2__z_1","x_-2__z_0;x_-2__z_1;x_-1__z_1;x_-1__z_2","direct","","","","","8041","5986","0","pass"
"r17241151","relation","17241151","playable","major_area","1","represented","area:r17241151","area:r17241151:x_-1__z_-1;area:r17241151:x_-1__z_-2;area:r17241151:x_-1__z_-3;area:r17241151:x_-1__z_-4;area:r17241151:x_-1__z_0;area:r17241151:x_-2__z_-1;area:r17241151:x_-2__z_-2;area:r17241151:x_-2__z_-3;area:r17241151:x_-2__z_-4;area:r17241151:x_-2__z_0;area:r17241151:x_-3__z_-1;area:r17241151:x_-3__z_-2;area:r17241151:x_-3__z_-3;area:r17241151:x_-3__z_-4;area:r17241151:x_-3__z_0","x_-3__z_-4;x_-3__z_-3;x_-3__z_-2;x_-3__z_-1;x_-3__z_0;x_-2__z_-4;x_-2__z_-3;x_-2__z_-2;x_-2__z_-1;x_-2__z_0;x_-1__z_-4;x_-1__z_-3;x_-1__z_-2;x_-1__z_-1;x_-1__z_0","direct","","","","","2728","1012","0","pass"
"r17241152","relation","17241152","playable","major_area","1","represented","area:r17241152","area:r17241152:x_-3__z_-1;area:r17241152:x_-3__z_-2","x_-3__z_-2;x_-3__z_-1","direct","","","","","255","113","0","pass"
"r19585233","relation","19585233","playable","major_area","2","represented","area:r19585233","area:r19585233:x_-1__z_2;area:r19585233:x_-1__z_3;area:r19585233:x_0__z_2;area:r19585233:x_0__z_3","x_-1__z_2;x_-1__z_3;x_0__z_2;x_0__z_3","direct","","","","","262","132","0","pass"
"w28353177","way","28353177","playable","major_area","5","represented","area:w28353177","area:w28353177:x_2__z_-1;area:w28353177:x_2__z_0","x_2__z_-1;x_2__z_0","direct","","","","","82","36","0","pass"
"w28356842","way","28356842","playable","major_area","3","represented","area:w28356842","area:w28356842:x_-1__z_0","x_-1__z_0","direct","","","","","20","10","0","pass"
"w28356874","way","28356874","playable","major_area","7","represented","area:w28356874","area:w28356874:x_-2__z_0","x_-2__z_0","direct","","","","","110","54","0","pass"
"w28356892","way","28356892","playable","major_area","7","represented","area:w28356892","area:w28356892:x_-1__z_1;area:w28356892:x_0__z_1","x_-1__z_1;x_0__z_1","direct","","","","","56","26","0","pass"
"w34313521","way","34313521","playable","building;major_area","4","represented","building:w34313521","building:w34313521:roof;building:w34313521:wall","x_-1__z_0","direct","osm_height","6","","","156","82","82","pass"
"w34313547","way","34313547","playable","building;major_area","6","represented","building:w34313547","building:w34313547:roof;building:w34313547:wall","x_0__z_-2","direct","osm_height","9","","","128","66","66","pass"
"w52721884","way","52721884","playable","major_area","2","represented","area:w52721884","area:w52721884:x_-1__z_-3","x_-1__z_-3","direct","","","","","52","26","0","pass"
"w95934095","way","95934095","playable","major_area","2","represented","area:w95934095","area:w95934095:x_-2__z_-3","x_-2__z_-3","direct","","","","","30","14","0","pass"
"w95934109","way","95934109","playable","major_area","2","represented","area:w95934109","area:w95934109:x_-2__z_-2;area:w95934109:x_-3__z_-2","x_-3__z_-2;x_-2__z_-2","direct","","","","","26","14","0","pass"
"w95934133","way","95934133","playable","major_area","2","represented","area:w95934133","area:w95934133:x_-2__z_-2;area:w95934133:x_-3__z_-2","x_-3__z_-2;x_-2__z_-2","direct","","","","","26","12","0","pass"
"w95934134","way","95934134","playable","major_area","2","represented","area:w95934134","area:w95934134:x_-3__z_-2;area:w95934134:x_-3__z_-3","x_-3__z_-3;x_-3__z_-2","direct","","","","","44","22","0","pass"
"w95934141","way","95934141","playable","major_area","2","represented","area:w95934141","area:w95934141:x_-3__z_-3","x_-3__z_-3","direct","","","","","40","22","0","pass"
"w96665888","way","96665888","playable","major_area","3","represented","area:w96665888","area:w96665888:x_0__z_0","x_0__z_0","direct","","","","","16","8","0","pass"
"w96665901","way","96665901","playable","major_area","4","represented","area:w96665901","area:w96665901:x_-1__z_-2;area:w96665901:x_-1__z_-3","x_-1__z_-3;x_-1__z_-2","direct","","","","","34","16","0","pass"
"w96665914","way","96665914","playable","major_area","5","represented","area:w96665914","area:w96665914:x_-1__z_2;area:w96665914:x_-1__z_3;area:w96665914:x_0__z_2","x_-1__z_2;x_-1__z_3;x_0__z_2","direct","","","","","83","49","0","pass"
"w96665934","way","96665934","playable","major_area","3","represented","area:w96665934","area:w96665934:x_-1__z_0;area:w96665934:x_0__z_0","x_-1__z_0;x_0__z_0","direct","","","","","22","10","0","pass"
"w96698621","way","96698621","playable","major_area","4","represented","area:w96698621","area:w96698621:x_0__z_-2","x_0__z_-2","direct","","","","","92","44","0","pass"
"w96698661","way","96698661","playable","major_area","2","represented","area:w96698661","area:w96698661:x_0__z_0;area:w96698661:x_1__z_0","x_0__z_0;x_1__z_0","direct","","","","","70","36","0","pass"
"w96698665","way","96698665","playable","major_area","2","represented","area:w96698665","area:w96698665:x_-1__z_-1","x_-1__z_-1","direct","","","","","54","24","0","pass"
"w99060801","way","99060801","playable","major_area","2","represented","area:w99060801","area:w99060801:x_-1__z_-2;area:w99060801:x_-1__z_-3;area:w99060801:x_0__z_-2;area:w99060801:x_0__z_-3","x_-1__z_-3;x_-1__z_-2;x_0__z_-3;x_0__z_-2","direct","","","","","154","64","0","pass"
"w99060807","way","99060807","playable","major_area","2","represented","area:w99060807","area:w99060807:x_-1__z_-2","x_-1__z_-2","direct","","","","","226","90","0","pass"
"w109022547","way","109022547","playable","major_area","5","represented","area:w109022547","area:w109022547:x_1__z_-1;area:w109022547:x_1__z_-2","x_1__z_-2;x_1__z_-1","direct","","","","","107","47","0","pass"
"w109022552","way","109022552","playable","major_area","1","represented","area:w109022552","area:w109022552:x_0__z_2","x_0__z_2","direct","","","","","28","14","0","pass"
"w133809962","way","133809962","playable","major_area","1","represented","area:w133809962","area:w133809962:x_1__z_-1;area:w133809962:x_1__z_-2","x_1__z_-2;x_1__z_-1","direct","","","","","69","35","0","pass"
"w133809964","way","133809964","playable","major_area","3","represented","area:w133809964","area:w133809964:x_-1__z_0;area:w133809964:x_0__z_0","x_-1__z_0;x_0__z_0","direct","","","","","97","47","0","pass"
"w269856850","way","269856850","playable","major_area","5","represented","area:w269856850","area:w269856850:x_1__z_1;area:w269856850:x_2__z_1","x_1__z_1;x_2__z_1","direct","","","","","119","55","0","pass"
"w291189336","way","291189336","playable","building;major_area","3","represented","building:w291189336","building:w291189336:roof;building:w291189336:wall","x_-1__z_2","direct","osm_height","10","","","156","86","86","pass"
"w291189918","way","291189918","playable","building;major_area","2","represented","building:w291189918","building:w291189918:roof;building:w291189918:wall","x_0__z_1","direct","default_6m","6","","","152","82","82","pass"
"w545387425","way","545387425","playable","major_area","3","represented","area:w545387425","area:w545387425:x_-1__z_-2","x_-1__z_-2","direct","","","","","26","12","0","pass"
"w545387428","way","545387428","playable","major_area","1","represented","area:w545387428","area:w545387428:x_1__z_2","x_1__z_2","direct","","","","","12","6","0","pass"
"w764313741","way","764313741","playable","building;major_area","4","represented","building:w764313741","building:w764313741:roof;building:w764313741:wall","x_0__z_-2","direct","default_6m","6","","","116","62","62","pass"
"w775796578","way","775796578","playable","major_area","2","represented","area:w775796578","area:w775796578:x_-2__z_0","x_-2__z_0","direct","","","","","98","46","0","pass"
"w775820810","way","775820810","playable","major_area","3","represented","area:w775820810","area:w775820810:x_0__z_-2;area:w775820810:x_0__z_-3;area:w775820810:x_1__z_-2;area:w775820810:x_1__z_-3","x_0__z_-3;x_0__z_-2;x_1__z_-3;x_1__z_-2","direct","","","","","466","188","0","pass"
"w775820811","way","775820811","playable","major_area","2","represented","area:w775820811","area:w775820811:x_-1__z_-1;area:w775820811:x_0__z_-1;area:w775820811:x_0__z_0","x_-1__z_-1;x_0__z_-1;x_0__z_0","direct","","","","","381","155","0","pass"
"w850003199","way","850003199","playable","major_area","1","represented","area:w850003199","area:w850003199:x_-1__z_3;area:w850003199:x_0__z_3","x_-1__z_3;x_0__z_3","direct","","","","","30","14","0","pass"
"w899364786","way","899364786","playable","major_area","2","represented","area:w899364786","area:w899364786:x_2__z_0;area:w899364786:x_2__z_1","x_2__z_0;x_2__z_1","direct","","","","","142","62","0","pass"
"w899364787","way","899364787","playable","major_area","1","represented","area:w899364787","area:w899364787:x_2__z_0","x_2__z_0","direct","","","","","127","53","0","pass"
"w1043836449","way","1043836449","playable","major_area","2","represented","area:w1043836449","area:w1043836449:x_0__z_-2;area:w1043836449:x_1__z_-2","x_0__z_-2;x_1__z_-2","direct","","","","","169","69","0","pass"
"w1061513876","way","1061513876","playable","major_area","1","represented","area:w1061513876","area:w1061513876:x_1__z_-1","x_1__z_-1","direct","","","","","34","16","0","pass"
"w1098437822","way","1098437822","playable","major_area","1","represented","area:w1098437822","area:w1098437822:x_-1__z_-1","x_-1__z_-1","direct","","","","","40","20","0","pass"
"w1098437829","way","1098437829","playable","major_area","1","represented","area:w1098437829","area:w1098437829:x_-1__z_-1","x_-1__z_-1","direct","","","","","26","12","0","pass"
"w1098437839","way","1098437839","playable","major_area","1","represented","area:w1098437839","area:w1098437839:x_-2__z_0","x_-2__z_0","direct","","","","","12","8","0","pass"
"w1098437845","way","1098437845","playable","major_area","1","represented","area:w1098437845","area:w1098437845:x_-2__z_0","x_-2__z_0","direct","","","","","16","8","0","pass"
"w1098437846","way","1098437846","playable","major_area","1","represented","area:w1098437846","area:w1098437846:x_-2__z_0","x_-2__z_0","direct","","","","","16","8","0","pass"
"w1098437861","way","1098437861","playable","major_area","1","represented","area:w1098437861","area:w1098437861:x_0__z_1","x_0__z_1","direct","","","","","34","16","0","pass"
"w1098437862","way","1098437862","playable","major_area","1","represented","area:w1098437862","area:w1098437862:x_0__z_0;area:w1098437862:x_0__z_1","x_0__z_0;x_0__z_1","direct","","","","","24","12","0","pass"
"w1098437863","way","1098437863","playable","major_area","1","represented","area:w1098437863","area:w1098437863:x_-1__z_0;area:w1098437863:x_-1__z_1;area:w1098437863:x_0__z_0;area:w1098437863:x_0__z_1","x_-1__z_0;x_-1__z_1;x_0__z_0;x_0__z_1","direct","","","","","22","10","0","pass"
"w1098437864","way","1098437864","playable","major_area","1","represented","area:w1098437864","area:w1098437864:x_-1__z_0","x_-1__z_0","direct","","","","","8","4","0","pass"
"w1098437865","way","1098437865","playable","major_area","1","represented","area:w1098437865","area:w1098437865:x_-1__z_0","x_-1__z_0","direct","","","","","12","6","0","pass"
"w1098437866","way","1098437866","playable","major_area","1","represented","area:w1098437866","area:w1098437866:x_-1__z_0","x_-1__z_0","direct","","","","","4","2","0","pass"
"w1098437867","way","1098437867","playable","major_area","1","represented","area:w1098437867","area:w1098437867:x_-1__z_0","x_-1__z_0","direct","","","","","16","8","0","pass"
"w1098437868","way","1098437868","playable","major_area","1","represented","area:w1098437868","area:w1098437868:x_-1__z_0","x_-1__z_0","direct","","","","","32","16","0","pass"
"w1098437869","way","1098437869","playable","major_area","1","represented","area:w1098437869","area:w1098437869:x_-1__z_0","x_-1__z_0","direct","","","","","12","6","0","pass"
"w1098437870","way","1098437870","playable","major_area","1","represented","area:w1098437870","area:w1098437870:x_-1__z_-1;area:w1098437870:x_-1__z_0;area:w1098437870:x_0__z_0","x_-1__z_-1;x_-1__z_0;x_0__z_0","direct","","","","","124","60","0","pass"
"w1098437871","way","1098437871","playable","major_area","1","represented","area:w1098437871","area:w1098437871:x_0__z_1","x_0__z_1","direct","","","","","12","6","0","pass"
"w1098437872","way","1098437872","playable","major_area","1","represented","area:w1098437872","area:w1098437872:x_0__z_1","x_0__z_1","direct","","","","","20","10","0","pass"
"w1098437879","way","1098437879","playable","major_area","1","represented","area:w1098437879","area:w1098437879:x_-1__z_1","x_-1__z_1","direct","","","","","26","16","0","pass"
"w1102656842","way","1102656842","playable","major_area","2","represented","area:w1102656842","area:w1102656842:x_1__z_-1","x_1__z_-1","direct","","","","","22","10","0","pass"
"w1102659944","way","1102659944","playable","major_area","1","represented","area:w1102659944","area:w1102659944:x_-1__z_-2;area:w1102659944:x_-1__z_-3;area:w1102659944:x_-2__z_-2;area:w1102659944:x_-2__z_-3","x_-2__z_-3;x_-2__z_-2;x_-1__z_-3;x_-1__z_-2","direct","","","","","162","94","0","pass"
"w1163035324","way","1163035324","playable","major_area","1","represented","area:w1163035324","area:w1163035324:x_-1__z_-3;area:w1163035324:x_-2__z_-3","x_-2__z_-3;x_-1__z_-3","direct","","","","","22","10","0","pass"
"w1252737732","way","1252737732","playable","major_area","3","represented","area:w1252737732","area:w1252737732:x_0__z_0;area:w1252737732:x_0__z_1;area:w1252737732:x_0__z_2;area:w1252737732:x_0__z_3;area:w1252737732:x_1__z_0;area:w1252737732:x_1__z_1;area:w1252737732:x_1__z_2;area:w1252737732:x_2__z_1","x_0__z_0;x_0__z_1;x_0__z_2;x_0__z_3;x_1__z_0;x_1__z_1;x_1__z_2;x_2__z_1","direct","","","","","1150","464","0","pass"
"w1252737734","way","1252737734","playable","major_area","1","represented","area:w1252737734","area:w1252737734:x_1__z_-1;area:w1252737734:x_1__z_0;area:w1252737734:x_2__z_-1;area:w1252737734:x_2__z_0","x_1__z_-1;x_1__z_0;x_2__z_-1;x_2__z_0","direct","","","","","295","135","0","pass"
"w1252737739","way","1252737739","playable","major_area","1","represented","area:w1252737739","area:w1252737739:x_0__z_-2;area:w1252737739:x_1__z_-2","x_0__z_-2;x_1__z_-2","direct","","","","","32","16","0","pass"
"w1252737750","way","1252737750","playable","major_area","3","represented","area:w1252737750","area:w1252737750:x_-1__z_-1;area:w1252737750:x_-1__z_0;area:w1252737750:x_-1__z_1;area:w1252737750:x_0__z_-1;area:w1252737750:x_0__z_0;area:w1252737750:x_0__z_1;area:w1252737750:x_0__z_2;area:w1252737750:x_1__z_0","x_-1__z_-1;x_-1__z_0;x_-1__z_1;x_0__z_-1;x_0__z_0;x_0__z_1;x_0__z_2;x_1__z_0","direct","","","","","1188","472","0","pass"
"w1252737754","way","1252737754","playable","major_area","1","represented","area:w1252737754","area:w1252737754:x_0__z_-1;area:w1252737754:x_1__z_-1;area:w1252737754:x_1__z_-2","x_0__z_-1;x_1__z_-2;x_1__z_-1","direct","","","","","148","62","0","pass"
"w1307988013","way","1307988013","playable","major_area","1","represented","area:w1307988013","area:w1307988013:x_-2__z_0","x_-2__z_0","direct","","","","","8","4","0","pass"
"w1428380753","way","1428380753","playable","major_area","1","represented","area:w1428380753","area:w1428380753:x_-1__z_1;area:w1428380753:x_-1__z_2;area:w1428380753:x_-2__z_1;area:w1428380753:x_-2__z_2","x_-2__z_1;x_-2__z_2;x_-1__z_1;x_-1__z_2","direct","","","","","307","129","0","pass"
"w1428380754","way","1428380754","playable","major_area","1","represented","area:w1428380754","area:w1428380754:x_-1__z_2;area:w1428380754:x_-1__z_3","x_-1__z_2;x_-1__z_3","direct","","","","","137","67","0","pass"
"w1428380755","way","1428380755","playable","major_area","1","represented","area:w1428380755","area:w1428380755:x_-1__z_3","x_-1__z_3","direct","","","","","66","34","0","pass"
"w1428380762","way","1428380762","playable","major_area","1","represented","area:w1428380762","area:w1428380762:x_-1__z_2","x_-1__z_2","direct","","","","","116","48","0","pass"
"w1428380764","way","1428380764","playable","major_area","1","represented","area:w1428380764","area:w1428380764:x_-1__z_3;area:w1428380764:x_0__z_2;area:w1428380764:x_0__z_3","x_-1__z_3;x_0__z_2;x_0__z_3","direct","","","","","121","55","0","pass"
"w1436064757","way","1436064757","playable","building;major_area","1","represented","building:w1436064757","building:w1436064757:roof;building:w1436064757:wall","x_-2__z_-1","direct","default_6m","6","","","95","55","55","pass"
"w1473022596","way","1473022596","playable","major_area","1","represented","area:w1473022596","area:w1473022596:x_-3__z_-2","x_-3__z_-2","direct","","","","","30","14","0","pass"
"r133347","relation","133347","playable","building","2","represented","building:r133347","building:r133347:roof;building:r133347:wall","x_0__z_1","direct","osm_levels","6","","","120","64","64","pass"
"r133351","relation","133351","playable","building","4","represented","building:r133351","building:r133351:roof;building:r133351:wall","x_-2__z_-2","direct","osm_levels","3","","","356","200","200","pass"
"r16681702","relation","16681702","playable","building","6","represented","building:r16681702","building:r16681702:roof;building:r16681702:wall","x_-1__z_2","direct","osm_height","20","","","522","304","304","pass"
"r19685981","relation","19685981","playable","building","1","represented","building:r19685981","building:r19685981:roof;building:r19685981:wall","x_-1__z_1","direct","osm_levels","18","","","176","96","96","pass"
"w24274434","way","24274434","playable","building","12","represented","building:w24274434","building:w24274434:roof;building:w24274434:wall","x_1__z_2","direct","osm_height","20","","","204","110","110","pass"
"w34313512","way","34313512","playable","building","5","represented","building:w34313512","building:w34313512:roof;building:w34313512:wall","x_0__z_0","direct","osm_height","10","","","84","42","42","pass"
"w34313513","way","34313513","playable","building","9","represented","building:w34313513","building:w34313513:roof;building:w34313513:wall","x_0__z_0","direct","osm_height","9","","","224","122","122","pass"
"w34313514","way","34313514","playable","building","3","represented","building:w34313514","building:w34313514:roof;building:w34313514:wall","x_0__z_1","direct","default_6m","6","","","200","110","110","pass"
"w34313515","way","34313515","playable","building","3","represented","building:w34313515","building:w34313515:roof;building:w34313515:wall","x_-1__z_1","direct","osm_height","11","","","206","108","108","pass"
"w34313520","way","34313520","playable","building","3","represented","building:w34313520","building:w34313520:roof;building:w34313520:wall","x_-1__z_0","direct","osm_height","11","","","146","76","76","pass"
"w34313523","way","34313523","playable","building","4","represented","building:w34313523","building:w34313523:roof;building:w34313523:wall","x_0__z_-1","direct","osm_levels","3","","","90","48","48","pass"
"w34313525","way","34313525","playable","building","4","represented","building:w34313525","building:w34313525:roof;building:w34313525:wall","x_1__z_-1","direct","osm_height","5","","","126","64","64","pass"
"w34313528","way","34313528","playable","building","6","represented","building:w34313528","building:w34313528:roof;building:w34313528:wall","x_1__z_-1","direct","osm_height","4","","","97","49","49","pass"
"w34313535","way","34313535","playable","building","3","represented","building:w34313535","building:w34313535:roof;building:w34313535:wall","x_1__z_0","direct","osm_height","6","","","44","22","22","pass"
"w34313540","way","34313540","playable","building","13","represented","building:w34313540","building:w34313540:roof;building:w34313540:wall","x_1__z_1","direct","osm_height","20","","","265","145","145","pass"
"w34313544","way","34313544","playable","building","9","represented","building:w34313544","building:w34313544:roof;building:w34313544:wall","x_0__z_1","direct","osm_height","7","","","143","79","79","pass"
"w34313545","way","34313545","playable","building","7","represented","building:w34313545","building:w34313545:roof;building:w34313545:wall","x_0__z_-2","direct","osm_height","5","","","174","92","92","pass"
"w34313546","way","34313546","playable","building","5","represented","building:w34313546","building:w34313546:roof;building:w34313546:wall","x_0__z_-2","direct","osm_height","4","","","113","61","61","pass"
"w34313548","way","34313548","playable","building","6","represented","building:w34313548","building:w34313548:roof;building:w34313548:wall","x_1__z_-2","direct","osm_height","6","","","100","50","50","pass"
"w34313549","way","34313549","playable","building","4","represented","building:w34313549","building:w34313549:roof;building:w34313549:wall","x_1__z_-2","direct","osm_height","6","","","54","28","28","pass"
"w34313550","way","34313550","playable","building","1","represented","building:w34313550","building:w34313550:roof;building:w34313550:wall","x_1__z_-2","direct","default_6m","6","","","28","14","14","pass"
"w34313554","way","34313554","playable","building","3","represented","building:w34313554","building:w34313554:roof;building:w34313554:wall","x_0__z_-2","direct","osm_height","4","","","52","26","26","pass"
"w34313555","way","34313555","playable","building","3","represented","building:w34313555","building:w34313555:roof;building:w34313555:wall","x_0__z_-2","direct","osm_height","4","","","36","18","18","pass"
"w34313556","way","34313556","playable","building","1","represented","building:w34313556","building:w34313556:roof;building:w34313556:wall","x_-1__z_-2","direct","default_6m","6","","","44","22","22","pass"
"w34313557","way","34313557","playable","building","1","represented","building:w34313557","building:w34313557:roof;building:w34313557:wall","x_-2__z_-2","direct","default_6m","6","","","52","26","26","pass"
"w34313558","way","34313558","playable","building","1","represented","building:w34313558","building:w34313558:roof;building:w34313558:wall","x_-2__z_-2","direct","default_6m","6","","","44","22","22","pass"
"w34313560","way","34313560","playable","building","1","represented","building:w34313560","building:w34313560:roof;building:w34313560:wall","x_-2__z_-2","direct","default_6m","6","","","44","22","22","pass"
"w34313564","way","34313564","playable","building","3","represented","building:w34313564","building:w34313564:roof;building:w34313564:wall","x_0__z_-3","direct","osm_height","5","","","84","42","42","pass"
"w34313569","way","34313569","playable","building","5","represented","building:w34313569","building:w34313569:roof;building:w34313569:wall","x_-1__z_-4","direct","osm_height","8","","","120","64","64","pass"
"w95934092","way","95934092","playable","building","5","represented","building:w95934092","building:w95934092:roof;building:w95934092:wall","x_-3__z_-2","direct","osm_height","6","","","120","66","66","pass"
"w95934093","way","95934093","playable","building","4","represented","building:w95934093","building:w95934093:roof;building:w95934093:wall","x_-2__z_-1","direct","osm_height","6","","","84","46","46","pass"
"w95934096","way","95934096","playable","building","4","represented","building:w95934096","building:w95934096:roof;building:w95934096:wall","x_-2__z_-2","direct","osm_height","6","","","100","54","54","pass"
"w95934097","way","95934097","playable","building","4","represented","building:w95934097","building:w95934097:roof;building:w95934097:wall","x_-2__z_-2","direct","osm_height","6","","","84","46","46","pass"
"w95934098","way","95934098","playable","building","4","represented","building:w95934098","building:w95934098:roof;building:w95934098:wall","x_-2__z_-1","direct","osm_height","6","","","84","46","46","pass"
"w95934099","way","95934099","playable","building","4","represented","building:w95934099","building:w95934099:roof;building:w95934099:wall","x_-2__z_-1","direct","osm_height","6","","","100","54","54","pass"
"w95934100","way","95934100","playable","building","5","represented","building:w95934100","building:w95934100:roof;building:w95934100:wall","x_-2__z_-1","direct","osm_height","6","","","92","50","50","pass"
"w95934101","way","95934101","playable","building","4","represented","building:w95934101","building:w95934101:roof;building:w95934101:wall","x_-2__z_-2","direct","osm_height","6","","","76","42","42","pass"
"w95934102","way","95934102","playable","building","5","represented","building:w95934102","building:w95934102:roof;building:w95934102:wall","x_-2__z_-1","direct","osm_height","6","","","120","66","66","pass"
"w95934103","way","95934103","playable","building","5","represented","building:w95934103","building:w95934103:roof;building:w95934103:wall","x_-3__z_-1","direct","osm_height","6","","","152","86","86","pass"
"w95934104","way","95934104","playable","building","4","represented","building:w95934104","building:w95934104:roof;building:w95934104:wall","x_-2__z_-2","direct","osm_height","6","","","92","50","50","pass"
"w95934105","way","95934105","playable","building","5","represented","building:w95934105","building:w95934105:roof;building:w95934105:wall","x_-1__z_-1","direct","osm_height","6","","","76","42","42","pass"
"w95934106","way","95934106","playable","building","6","represented","building:w95934106","building:w95934106:roof;building:w95934106:wall","x_-2__z_0","direct","osm_height","6","","","128","70","70","pass"
"w95934107","way","95934107","playable","building","4","represented","building:w95934107","building:w95934107:roof;building:w95934107:wall","x_-2__z_-1","direct","osm_height","6","","","84","46","46","pass"
"w95934108","way","95934108","playable","building","4","represented","building:w95934108","building:w95934108:roof;building:w95934108:wall","x_-2__z_-1","direct","osm_height","6","","","92","50","50","pass"
"w95934110","way","95934110","playable","building","4","represented","building:w95934110","building:w95934110:roof;building:w95934110:wall","x_-2__z_-2","direct","osm_height","6","","","108","58","58","pass"
"w95934112","way","95934112","playable","building","4","represented","building:w95934112","building:w95934112:roof;building:w95934112:wall","x_-2__z_-2","direct","osm_height","6","","","84","46","46","pass"
"w95934113","way","95934113","playable","building","5","represented","building:w95934113","building:w95934113:roof;building:w95934113:wall","x_-2__z_0","direct","osm_height","6","","","92","50","50","pass"
"w95934115","way","95934115","playable","building","4","represented","building:w95934115","building:w95934115:roof;building:w95934115:wall","x_-2__z_-2","direct","osm_height","6","","","92","50","50","pass"
"w95934116","way","95934116","playable","building","7","represented","building:w95934116","building:w95934116:roof;building:w95934116:wall","x_-2__z_-1","direct","osm_height","6","","","152","86","86","pass"
"w95934117","way","95934117","playable","building","5","represented","building:w95934117","building:w95934117:roof;building:w95934117:wall","x_-2__z_-1","direct","osm_height","6","","","100","54","54","pass"
"w95934118","way","95934118","playable","building","4","represented","building:w95934118","building:w95934118:roof;building:w95934118:wall","x_-2__z_-2","direct","osm_height","6","","","100","54","54","pass"
"w95934119","way","95934119","playable","building","5","represented","building:w95934119","building:w95934119:roof;building:w95934119:wall","x_-2__z_-1","direct","osm_height","5","","","60","30","30","pass"
"w95934120","way","95934120","playable","building","4","represented","building:w95934120","building:w95934120:roof;building:w95934120:wall","x_-2__z_-1","direct","osm_height","6","","","84","46","46","pass"
"w95934121","way","95934121","playable","building","5","represented","building:w95934121","building:w95934121:roof;building:w95934121:wall","x_-1__z_-1","direct","osm_height","6","","","76","42","42","pass"
"w95934122","way","95934122","playable","building","4","represented","building:w95934122","building:w95934122:roof;building:w95934122:wall","x_-2__z_-1","direct","osm_height","6","","","84","46","46","pass"
"w95934123","way","95934123","playable","building","5","represented","building:w95934123","building:w95934123:roof;building:w95934123:wall","x_-2__z_-1","direct","osm_height","6","","","160","90","90","pass"
"w95934124","way","95934124","playable","building","4","represented","building:w95934124","building:w95934124:roof;building:w95934124:wall","x_-2__z_-2","direct","osm_height","6","","","84","46","46","pass"
"w95934125","way","95934125","playable","building","5","represented","building:w95934125","building:w95934125:roof;building:w95934125:wall","x_-3__z_-2","direct","osm_height","6","","","160","90","90","pass"
"w95934126","way","95934126","playable","building","4","represented","building:w95934126","building:w95934126:roof;building:w95934126:wall","x_-2__z_-2","direct","osm_height","6","","","76","42","42","pass"
"w95934128","way","95934128","playable","building","4","represented","building:w95934128","building:w95934128:roof;building:w95934128:wall","x_-2__z_-2","direct","osm_height","6","","","84","46","46","pass"
"w95934129","way","95934129","playable","building","4","represented","building:w95934129","building:w95934129:roof;building:w95934129:wall","x_-2__z_-1","direct","osm_height","6","","","84","46","46","pass"
"w95934130","way","95934130","playable","building","3","represented","building:w95934130","building:w95934130:roof;building:w95934130:wall","x_-2__z_-1","direct","osm_height","6","","","108","58","58","pass"
"w95934131","way","95934131","playable","building","4","represented","building:w95934131","building:w95934131:roof;building:w95934131:wall","x_-2__z_-1","direct","osm_height","6","","","84","46","46","pass"
"w95934132","way","95934132","playable","building","5","represented","building:w95934132","building:w95934132:roof;building:w95934132:wall","x_-2__z_-1","direct","osm_height","6","","","128","70","70","pass"
"w95934135","way","95934135","playable","building","4","represented","building:w95934135","building:w95934135:roof;building:w95934135:wall","x_-2__z_-1","direct","osm_height","6","","","84","46","46","pass"
"w95934136","way","95934136","playable","building","6","represented","building:w95934136","building:w95934136:roof;building:w95934136:wall","x_-2__z_-1","direct","osm_height","6","","","112","62","62","pass"
"w95934137","way","95934137","playable","building","5","represented","building:w95934137","building:w95934137:roof;building:w95934137:wall","x_-2__z_-1","direct","osm_height","6","","","84","46","46","pass"
"w95934139","way","95934139","playable","building","6","represented","building:w95934139","building:w95934139:roof;building:w95934139:wall","x_-2__z_0","direct","osm_height","6","","","160","90","90","pass"
"w95934140","way","95934140","playable","building","4","represented","building:w95934140","building:w95934140:roof;building:w95934140:wall","x_-2__z_-2","direct","osm_height","6","","","100","54","54","pass"
"w95934142","way","95934142","playable","building","4","represented","building:w95934142","building:w95934142:roof;building:w95934142:wall","x_-2__z_-2","direct","osm_height","6","","","100","54","54","pass"
"w95934143","way","95934143","playable","building","5","represented","building:w95934143","building:w95934143:roof;building:w95934143:wall","x_-1__z_-1","direct","osm_height","6","","","84","46","46","pass"
"w95934144","way","95934144","playable","building","5","represented","building:w95934144","building:w95934144:roof;building:w95934144:wall","x_-2__z_0","direct","osm_height","6","","","108","58","58","pass"
"w96215645","way","96215645","playable","building","4","represented","building:w96215645","building:w96215645:roof;building:w96215645:wall","x_-2__z_-3","direct","osm_height","6","","","80","42","42","pass"
"w96215646","way","96215646","playable","building","6","represented","building:w96215646","building:w96215646:roof;building:w96215646:wall","x_-2__z_-3","direct","osm_height","6","","","114","64","64","pass"
"w96215648","way","96215648","playable","building","5","represented","building:w96215648","building:w96215648:roof;building:w96215648:wall","x_-3__z_-2","direct","osm_height","6","","","140","78","78","pass"
"w96215649","way","96215649","playable","building","5","represented","building:w96215649","building:w96215649:roof;building:w96215649:wall","x_-1__z_-3","direct","osm_height","6","","","130","72","72","pass"
"w96215651","way","96215651","playable","building","5","represented","building:w96215651","building:w96215651:roof;building:w96215651:wall","x_-2__z_-3","direct","osm_height","6","","","122","68","68","pass"
"w96215652","way","96215652","playable","building","5","represented","building:w96215652","building:w96215652:roof;building:w96215652:wall","x_-2__z_-3","direct","osm_height","6","","","120","66","66","pass"
"w96215653","way","96215653","playable","building","5","represented","building:w96215653","building:w96215653:roof;building:w96215653:wall","x_-2__z_-4","direct","osm_height","6","","","106","60","60","pass"
"w96215655","way","96215655","playable","building","5","represented","building:w96215655","building:w96215655:roof;building:w96215655:wall","x_-2__z_-1","direct","osm_height","6","","","164","90","90","pass"
"w96215656","way","96215656","playable","building","5","represented","building:w96215656","building:w96215656:roof;building:w96215656:wall","x_-2__z_-3","direct","osm_height","6","","","84","46","46","pass"
"w96215657","way","96215657","playable","building","5","represented","building:w96215657","building:w96215657:roof;building:w96215657:wall","x_-2__z_-1","direct","osm_height","6","","","140","78","78","pass"
"w96215658","way","96215658","playable","building","5","represented","building:w96215658","building:w96215658:roof;building:w96215658:wall","x_-1__z_-4","direct","osm_height","6","","","160","90","90","pass"
"w96215659","way","96215659","playable","building","5","represented","building:w96215659","building:w96215659:roof;building:w96215659:wall","x_-2__z_-4","direct","osm_height","6","","","122","68","68","pass"
"w96215660","way","96215660","playable","building","5","represented","building:w96215660","building:w96215660:roof;building:w96215660:wall","x_-2__z_-3","direct","osm_height","6","","","114","64","64","pass"
"w96215661","way","96215661","playable","building","5","represented","building:w96215661","building:w96215661:roof;building:w96215661:wall","x_-2__z_-3","direct","osm_height","6","","","92","50","50","pass"
"w96215662","way","96215662","playable","building","5","represented","building:w96215662","building:w96215662:roof;building:w96215662:wall","x_-3__z_-3","direct","osm_height","6","","","64","34","34","pass"
"w96215666","way","96215666","playable","building","5","represented","building:w96215666","building:w96215666:roof;building:w96215666:wall","x_-2__z_-3","direct","osm_height","6","","","92","50","50","pass"
"w96215667","way","96215667","playable","building","5","represented","building:w96215667","building:w96215667:roof;building:w96215667:wall","x_-2__z_-3","direct","osm_height","6","","","144","82","82","pass"
"w96215668","way","96215668","playable","building","6","represented","building:w96215668","building:w96215668:roof;building:w96215668:wall","x_-2__z_-4","direct","osm_height","6","","","120","66","66","pass"
"w96215669","way","96215669","playable","building","5","represented","building:w96215669","building:w96215669:roof;building:w96215669:wall","x_-1__z_-4","direct","osm_height","6","","","114","64","64","pass"
"w96215670","way","96215670","playable","building","5","represented","building:w96215670","building:w96215670:roof;building:w96215670:wall","x_-1__z_-3","direct","osm_height","6","","","176","98","98","pass"
"w96215671","way","96215671","playable","building","5","represented","building:w96215671","building:w96215671:roof;building:w96215671:wall","x_-1__z_-3","direct","osm_height","6","","","152","86","86","pass"
"w96215672","way","96215672","playable","building","5","represented","building:w96215672","building:w96215672:roof;building:w96215672:wall","x_-2__z_-3","direct","osm_height","6","","","92","50","50","pass"
"w96215673","way","96215673","playable","building","5","represented","building:w96215673","building:w96215673:roof;building:w96215673:wall","x_-2__z_-3","direct","osm_height","6","","","114","64","64","pass"
"w96215674","way","96215674","playable","building","5","represented","building:w96215674","building:w96215674:roof;building:w96215674:wall","x_-1__z_-3","direct","osm_height","6","","","122","68","68","pass"
"w96215676","way","96215676","playable","building","5","represented","building:w96215676","building:w96215676:roof;building:w96215676:wall","x_-3__z_-3","direct","osm_height","6","","","64","34","34","pass"
"w96215677","way","96215677","playable","building","5","represented","building:w96215677","building:w96215677:roof;building:w96215677:wall","x_-2__z_-3","direct","osm_height","6","","","122","68","68","pass"
"w96215678","way","96215678","playable","building","5","represented","building:w96215678","building:w96215678:roof;building:w96215678:wall","x_-3__z_-3","direct","osm_height","6","","","72","38","38","pass"
"w96215680","way","96215680","playable","building","5","represented","building:w96215680","building:w96215680:roof;building:w96215680:wall","x_-2__z_-3","direct","osm_height","6","","","122","68","68","pass"
"w96215682","way","96215682","playable","building","5","represented","building:w96215682","building:w96215682:roof;building:w96215682:wall","x_-2__z_-3","direct","osm_height","6","","","122","68","68","pass"
"w96215685","way","96215685","playable","building","5","represented","building:w96215685","building:w96215685:roof;building:w96215685:wall","x_-2__z_-3","direct","osm_height","6","","","120","66","66","pass"
"w96215688","way","96215688","playable","building","5","represented","building:w96215688","building:w96215688:roof;building:w96215688:wall","x_-1__z_-4","direct","osm_height","6","","","130","72","72","pass"
"w96215690","way","96215690","playable","building","5","represented","building:w96215690","building:w96215690:roof;building:w96215690:wall","x_-3__z_-3","direct","osm_height","6","","","64","34","34","pass"
"w96215691","way","96215691","playable","building","5","represented","building:w96215691","building:w96215691:roof;building:w96215691:wall","x_-2__z_-3","direct","osm_height","6","","","130","72","72","pass"
"w96215693","way","96215693","playable","building","5","represented","building:w96215693","building:w96215693:roof;building:w96215693:wall","x_-2__z_-3","direct","osm_height","7","","","130","72","72","pass"
"w96215694","way","96215694","playable","building","5","represented","building:w96215694","building:w96215694:roof;building:w96215694:wall","x_-1__z_-3","direct","osm_height","6","","","128","70","70","pass"
"w96215698","way","96215698","playable","building","6","represented","building:w96215698","building:w96215698:roof;building:w96215698:wall","x_-2__z_-3","direct","osm_height","6","","","130","72","72","pass"
"w96665883","way","96665883","playable","building","3","represented","building:w96665883","building:w96665883:roof;building:w96665883:wall","x_-2__z_-2","direct","osm_height","4","","","44","22","22","pass"
"w96665884","way","96665884","playable","building","5","represented","building:w96665884","building:w96665884:roof;building:w96665884:wall","x_-3__z_-3","direct","osm_height","6","","","54","28","28","pass"
"w96665885","way","96665885","playable","building","5","represented","building:w96665885","building:w96665885:roof;building:w96665885:wall","x_-2__z_-2","direct","osm_height","6","","","52","26","26","pass"
"w96665886","way","96665886","playable","building","4","represented","building:w96665886","building:w96665886:roof;building:w96665886:wall","x_-1__z_-1","direct","osm_height","6","","","84","46","46","pass"
"w96665887","way","96665887","playable","building","5","represented","building:w96665887","building:w96665887:roof;building:w96665887:wall","x_-3__z_-2","direct","osm_height","6","","","72","38","38","pass"
"w96665889","way","96665889","playable","building","3","represented","building:w96665889","building:w96665889:roof;building:w96665889:wall","x_-1__z_-3","direct","osm_height","4","","","84","42","42","pass"
"w96665890","way","96665890","playable","building","5","represented","building:w96665890","building:w96665890:roof;building:w96665890:wall","x_-2__z_-2","direct","osm_height","6","","","44","22","22","pass"
"w96665892","way","96665892","playable","building","5","represented","building:w96665892","building:w96665892:roof;building:w96665892:wall","x_-3__z_-3","direct","osm_height","6","","","44","22","22","pass"
"w96665893","way","96665893","playable","building","5","represented","building:w96665893","building:w96665893:roof;building:w96665893:wall","x_-1__z_-3","direct","osm_height","6","","","84","46","46","pass"
"w96665897","way","96665897","playable","building","5","represented","building:w96665897","building:w96665897:roof;building:w96665897:wall","x_-2__z_-3","direct","osm_height","6","","","44","22","22","pass"
"w96665899","way","96665899","playable","building","3","represented","building:w96665899","building:w96665899:roof;building:w96665899:wall","x_-2__z_-2","direct","osm_height","6","","","36","18","18","pass"
"w96665900","way","96665900","playable","building","4","represented","building:w96665900","building:w96665900:roof;building:w96665900:wall","x_-2__z_-1","direct","osm_height","6","","","76","42","42","pass"
"w96665902","way","96665902","playable","building","3","represented","building:w96665902","building:w96665902:roof;building:w96665902:wall","x_0__z_-2","direct","osm_height","4","","","44","22","22","pass"
"w96665903","way","96665903","playable","building","4","represented","building:w96665903","building:w96665903:roof;building:w96665903:wall","x_-2__z_-3","direct","osm_height","6","","","64","34","34","pass"
"w96665904","way","96665904","playable","building","6","represented","building:w96665904","building:w96665904:roof;building:w96665904:wall","x_-1__z_-4","direct","osm_height","6","","","125","69","69","pass"
"w96665906","way","96665906","playable","building","5","represented","building:w96665906","building:w96665906:roof;building:w96665906:wall","x_-3__z_-3","direct","osm_height","6","","","98","52","52","pass"
"w96665907","way","96665907","playable","building","5","represented","building:w96665907","building:w96665907:roof;building:w96665907:wall","x_-3__z_-2","direct","osm_height","6","","","72","38","38","pass"
"w96665908","way","96665908","playable","building","5","represented","building:w96665908","building:w96665908:roof;building:w96665908:wall","x_-3__z_-3","direct","osm_height","6","","","72","38","38","pass"
"w96665909","way","96665909","playable","building","5","represented","building:w96665909","building:w96665909:roof;building:w96665909:wall","x_-2__z_-3","direct","osm_height","6","","","36","18","18","pass"
"w96665910","way","96665910","playable","building","4","represented","building:w96665910","building:w96665910:roof;building:w96665910:wall","x_-2__z_-2","direct","osm_height","6","","","44","22","22","pass"
"w96665911","way","96665911","playable","building","6","represented","building:w96665911","building:w96665911:roof;building:w96665911:wall","x_-2__z_-4","direct","osm_height","6","","","56","30","30","pass"
"w96665912","way","96665912","playable","building","4","represented","building:w96665912","building:w96665912:roof;building:w96665912:wall","x_-2__z_-1","direct","osm_height","6","","","176","98","98","pass"
"w96665915","way","96665915","playable","building","5","represented","building:w96665915","building:w96665915:roof;building:w96665915:wall","x_-2__z_-2","direct","osm_height","6","","","54","28","28","pass"
"w96665916","way","96665916","playable","building","5","represented","building:w96665916","building:w96665916:roof;building:w96665916:wall","x_-1__z_-3","direct","osm_height","6","","","122","68","68","pass"
"w96665918","way","96665918","playable","building","6","represented","building:w96665918","building:w96665918:roof;building:w96665918:wall","x_-2__z_-1","direct","osm_height","6","","","164","90","90","pass"
"w96665919","way","96665919","playable","building","5","represented","building:w96665919","building:w96665919:roof;building:w96665919:wall","x_-3__z_-2","direct","osm_height","6","","","64","34","34","pass"
"w96665920","way","96665920","playable","building","5","represented","building:w96665920","building:w96665920:roof;building:w96665920:wall","x_-3__z_-2","direct","osm_height","6","","","72","38","38","pass"
"w96665921","way","96665921","playable","building","6","represented","building:w96665921","building:w96665921:roof;building:w96665921:wall","x_-2__z_-2","direct","osm_height","6","","","98","52","52","pass"
"w96665922","way","96665922","playable","building","5","represented","building:w96665922","building:w96665922:roof;building:w96665922:wall","x_-2__z_-3","direct","osm_height","6","","","44","22","22","pass"
"w96665923","way","96665923","playable","building","4","represented","building:w96665923","building:w96665923:roof;building:w96665923:wall","x_-2__z_-3","direct","osm_height","6","","","36","18","18","pass"
"w96665924","way","96665924","playable","building","6","represented","building:w96665924","building:w96665924:roof;building:w96665924:wall","x_-1__z_-1","direct","default_6m","6","","","69","37","37","pass"
"w96665925","way","96665925","playable","building","5","represented","building:w96665925","building:w96665925:roof;building:w96665925:wall","x_-2__z_-2","direct","osm_height","6","","","70","36","36","pass"
"w96665928","way","96665928","playable","building","5","represented","building:w96665928","building:w96665928:roof;building:w96665928:wall","x_-3__z_-2","direct","osm_height","7","","","52","26","26","pass"
"w96665933","way","96665933","playable","building","4","represented","building:w96665933","building:w96665933:roof;building:w96665933:wall","x_-2__z_-2","direct","osm_height","6","","","84","46","46","pass"
"w96665935","way","96665935","playable","building","5","represented","building:w96665935","building:w96665935:roof;building:w96665935:wall","x_-3__z_-3","direct","osm_height","6","","","80","42","42","pass"
"w96665936","way","96665936","playable","building","4","represented","building:w96665936","building:w96665936:roof;building:w96665936:wall","x_-2__z_-3","direct","osm_height","6","","","36","18","18","pass"
"w96698611","way","96698611","playable","building","2","represented","building:w96698611","building:w96698611:roof;building:w96698611:wall","x_-1__z_-1","direct","default_6m","6","","","188","106","106","pass"
"w96698619","way","96698619","playable","building","5","represented","building:w96698619","building:w96698619:roof;building:w96698619:wall","x_-1__z_-3","direct","osm_height","6","","","84","46","46","pass"
"w96698627","way","96698627","playable","building","6","represented","building:w96698627","building:w96698627:roof;building:w96698627:wall","x_-1__z_-3","direct","osm_height","6","","","160","90","90","pass"
"w96698634","way","96698634","playable","building","5","represented","building:w96698634","building:w96698634:roof;building:w96698634:wall","x_-1__z_-3","direct","osm_height","6","","","100","54","54","pass"
"w96698641","way","96698641","playable","building","4","represented","building:w96698641","building:w96698641:roof;building:w96698641:wall","x_-1__z_-1","direct","osm_height","4","","","36","18","18","pass"
"w96698643","way","96698643","playable","building","5","represented","building:w96698643","building:w96698643:roof;building:w96698643:wall","x_-1__z_-3","direct","osm_height","6","","","92","50","50","pass"
"w96698645","way","96698645","playable","building","6","represented","building:w96698645","building:w96698645:roof;building:w96698645:wall","x_-1__z_-3","direct","osm_height","6","","","114","64","64","pass"
"w96698648","way","96698648","playable","building","5","represented","building:w96698648","building:w96698648:roof;building:w96698648:wall","x_-1__z_-3","direct","osm_height","6","","","100","54","54","pass"
"w96698650","way","96698650","playable","building","4","represented","building:w96698650","building:w96698650:roof;building:w96698650:wall","x_1__z_-1","direct","osm_height","4","","","124","66","66","pass"
"w96698651","way","96698651","playable","building","5","represented","building:w96698651","building:w96698651:roof;building:w96698651:wall","x_-3__z_-1","direct","osm_height","6","","","140","78","78","pass"
"w96698652","way","96698652","playable","building","5","represented","building:w96698652","building:w96698652:roof;building:w96698652:wall","x_-1__z_-3","direct","osm_height","6","","","122","68","68","pass"
"w96698653","way","96698653","playable","building","4","represented","building:w96698653","building:w96698653:roof;building:w96698653:wall","x_-1__z_-1","direct","osm_height","4","","","44","22","22","pass"
"w96698654","way","96698654","playable","building","4","represented","building:w96698654","building:w96698654:roof;building:w96698654:wall","x_-1__z_-1","direct","osm_height","4","","","44","22","22","pass"
"w96698658","way","96698658","playable","building","5","represented","building:w96698658","building:w96698658:roof;building:w96698658:wall","x_-1__z_-3","direct","osm_height","6","","","100","54","54","pass"
"w96698660","way","96698660","playable","building","4","represented","building:w96698660","building:w96698660:roof;building:w96698660:wall","x_-1__z_-1","direct","osm_height","4","","","28","14","14","pass"
"w96698662","way","96698662","playable","building","2","represented","building:w96698662","building:w96698662:roof;building:w96698662:wall","x_0__z_1","direct","default_6m","6","","","56","30","30","pass"
"w96698663","way","96698663","playable","building","5","represented","building:w96698663","building:w96698663:roof;building:w96698663:wall","x_-1__z_-3","direct","osm_height","7","","","94","52","52","pass"
"w96698667","way","96698667","playable","building","6","represented","building:w96698667","building:w96698667:roof;building:w96698667:wall","x_-1__z_-3","direct","osm_height","6","","","122","68","68","pass"
"w96698672","way","96698672","playable","building","5","represented","building:w96698672","building:w96698672:roof;building:w96698672:wall","x_-1__z_-3","direct","osm_height","6","","","114","64","64","pass"
"w96698673","way","96698673","playable","building","6","represented","building:w96698673","building:w96698673:roof;building:w96698673:wall","x_-1__z_-3","direct","osm_height","6","","","92","50","50","pass"
"w109905031","way","109905031","playable","building","2","represented","building:w109905031","building:w109905031:roof;building:w109905031:wall","x_0__z_-1","direct","osm_levels","3","","","72","38","38","pass"
"w109905037","way","109905037","playable","building","2","represented","building:w109905037","building:w109905037:roof;building:w109905037:wall","x_0__z_-1","direct","osm_levels","3","","","90","48","48","pass"
"w109905040","way","109905040","playable","building","2","represented","building:w109905040","building:w109905040:roof;building:w109905040:wall","x_0__z_-1","direct","osm_levels","3","","","62","32","32","pass"
"w109905044","way","109905044","playable","building","2","represented","building:w109905044","building:w109905044:roof;building:w109905044:wall","x_0__z_-1","direct","osm_levels","3","","","98","52","52","pass"
"w110188516","way","110188516","playable","building","4","represented","building:w110188516","building:w110188516:roof;building:w110188516:wall","x_0__z_-1","direct","osm_height","4","","","182","100","100","pass"
"w111322535","way","111322535","playable","building","3","represented","building:w111322535","building:w111322535:roof;building:w111322535:wall","x_1__z_0","direct","osm_height","7","","","64","34","34","pass"
"w291189926","way","291189926","playable","building","3","represented","building:w291189926","building:w291189926:roof;building:w291189926:wall","x_0__z_1","direct","default_6m","6","","","322","176","176","pass"
"w291193741","way","291193741","playable","building","3","represented","building:w291193741","building:w291193741:roof;building:w291193741:wall","x_1__z_-2","direct","osm_height","5","","","186","108","108","pass"
"w291193744","way","291193744","playable","building","3","represented","building:w291193744","building:w291193744:roof;building:w291193744:wall","x_1__z_-2","direct","osm_height","3","","","336","194","194","pass"
"w291193754","way","291193754","playable","building","4","represented","building:w291193754","building:w291193754:roof;building:w291193754:wall","x_1__z_-2","direct","osm_height","8","","","378","220","220","pass"
"w291193760","way","291193760","playable","building","3","represented","building:w291193760","building:w291193760:roof;building:w291193760:wall","x_1__z_-2","direct","osm_height","15","","","385","225","225","pass"
"w291193766","way","291193766","playable","building","3","represented","building:w291193766","building:w291193766:roof;building:w291193766:wall","x_1__z_-2","direct","osm_height","10","","","426","248","248","pass"
"w291193770","way","291193770","playable","building","3","represented","building:w291193770","building:w291193770:roof;building:w291193770:wall","x_1__z_-2","direct","osm_height","9","","","410","240","240","pass"
"w291196366","way","291196366","playable","building","3","represented","building:w291196366","building:w291196366:roof;building:w291196366:wall","x_0__z_-4","direct","osm_height","5","","","58","32","32","pass"
"w291196367","way","291196367","playable","building","3","represented","building:w291196367","building:w291196367:roof;building:w291196367:wall","x_0__z_-3","direct","osm_height","6","","","100","54","54","pass"
"w291196369","way","291196369","playable","building","3","represented","building:w291196369","building:w291196369:roof;building:w291196369:wall","x_0__z_-3","direct","osm_height","2","","","101","57","57","pass"
"w291196370","way","291196370","playable","building","3","represented","building:w291196370","building:w291196370:roof;building:w291196370:wall","x_0__z_-3","direct","osm_height","6","","","162","88","88","pass"
"w291196371","way","291196371","playable","building","3","represented","building:w291196371","building:w291196371:roof;building:w291196371:wall","x_0__z_-3","direct","osm_height","11","","","118","68","68","pass"
"w291196372","way","291196372","playable","building","3","represented","building:w291196372","building:w291196372:roof;building:w291196372:wall","x_0__z_-4","direct","osm_height","5","","","194","112","112","pass"
"w291196373","way","291196373","playable","building","3","represented","building:w291196373","building:w291196373:roof;building:w291196373:wall","x_0__z_-4","direct","osm_height","3","","","36","18","18","pass"
"w291196374","way","291196374","playable","building","3","represented","building:w291196374","building:w291196374:roof;building:w291196374:wall","x_0__z_-3","direct","osm_height","5","","","44","22","22","pass"
"w291196375","way","291196375","playable","building","3","represented","building:w291196375","building:w291196375:roof;building:w291196375:wall","x_0__z_-4","direct","osm_height","4","","","52","26","26","pass"
"w291196377","way","291196377","playable","building","4","represented","building:w291196377","building:w291196377:roof;building:w291196377:wall","x_0__z_-3","direct","osm_height","4","","","44","22","22","pass"
"w291196379","way","291196379","playable","building","3","represented","building:w291196379","building:w291196379:roof;building:w291196379:wall","x_0__z_-4","direct","osm_height","2","","","44","22","22","pass"
"w291196381","way","291196381","playable","building","3","represented","building:w291196381","building:w291196381:roof;building:w291196381:wall","x_0__z_-3","direct","osm_height","2","","","28","14","14","pass"
"w291196382","way","291196382","playable","building","3","represented","building:w291196382","building:w291196382:roof;building:w291196382:wall","x_0__z_-4","direct","osm_height","1","","","28","14","14","pass"
"w291196386","way","291196386","playable","building","1","represented","building:w291196386","building:w291196386:roof;building:w291196386:wall","x_0__z_-4","direct","default_6m","6","","","72","38","38","pass"
"w545387426","way","545387426","playable","building","1","represented","building:w545387426","building:w545387426:roof;building:w545387426:wall","x_1__z_2","direct","default_6m","6","","","62","32","32","pass"
"w1001544698","way","1001544698","playable","building","1","represented","building:w1001544698","building:w1001544698:roof;building:w1001544698:wall","x_-2__z_0","direct","default_6m","6","","","64","34","34","pass"
"w1043836450","way","1043836450","playable","building","1","represented","building:w1043836450","building:w1043836450:roof;building:w1043836450:wall","x_0__z_-1","direct","default_6m","6","","","98","52","52","pass"
"w1098437841","way","1098437841","playable","building","1","represented","building:w1098437841","building:w1098437841:roof;building:w1098437841:wall","x_-2__z_0","direct","default_6m","6","","","20","10","10","pass"
"w1212173437","way","1212173437","playable","building","4","represented","building:w1212173437","building:w1212173437:roof;building:w1212173437:wall","x_-1__z_0","direct","osm_levels","21","","","108","54","54","pass"
"w1222514685","way","1222514685","playable","building","1","represented","building:w1222514685","building:w1222514685:roof;building:w1222514685:wall","x_1__z_2","direct","default_6m","6","","","52","26","26","pass"
"w1222514686","way","1222514686","playable","building","1","represented","building:w1222514686","building:w1222514686:roof;building:w1222514686:wall","x_2__z_1","direct","default_6m","6","","","28","14","14","pass"
"w1222514695","way","1222514695","playable","building","2","represented","building:w1222514695","building:w1222514695:roof;building:w1222514695:wall","x_-1__z_3","direct","default_6m","6","","","25","13","13","pass"
"w1222720021","way","1222720021","playable","building","1","represented","building:w1222720021","building:w1222720021:roof;building:w1222720021:wall","x_0__z_2","direct","default_6m","6","","","48","26","26","pass"
"w1249412093","way","1249412093","playable","building","3","represented","building:w1249412093","building:w1249412093:roof;building:w1249412093:wall","x_-1__z_1","direct","default_6m","6","","","84","42","42","pass"
"w1249412094","way","1249412094","playable","building","6","composite_member","building-composite:w1249412094","building-composite:w1249412094:w1282547786:roof;building-composite:w1249412094:w1282547786:wall;building-composite:w1249412094:w1282547787:roof;building-composite:w1249412094:w1282547787:wall","x_-1__z_2","composite","osm_height","67","building-composite:w1249412094","Isle House parent residual and parts share an explicit non-overlapping composite","117","61","61","pass"
"w1272162518","way","1272162518","playable","building","3","represented","building:w1272162518","building:w1272162518:roof;building:w1272162518:wall","x_-1__z_1","direct","osm_levels","15","","","108","54","54","pass"
"w1308007112","way","1308007112","playable","building","1","represented","building:w1308007112","building:w1308007112:roof;building:w1308007112:wall","x_-2__z_0","direct","default_6m","6","","","28","14","14","pass"
"w1308007113","way","1308007113","playable","building","1","represented","building:w1308007113","building:w1308007113:roof;building:w1308007113:wall","x_-2__z_0","direct","default_6m","6","","","20","10","10","pass"
"w1308007114","way","1308007114","playable","building","1","represented","building:w1308007114","building:w1308007114:roof;building:w1308007114:wall","x_-2__z_0","direct","default_6m","6","","","66","36","36","pass"
"w1473253276","way","1473253276","playable","building","1","represented","building:w1473253276","building:w1473253276:roof;building:w1473253276:wall","x_-1__z_0","direct","default_6m","6","","","28","14","14","pass"
"w1282547786","way","1282547786","playable","building_part","1","composite_member","building-composite:w1249412094","building-composite:w1249412094:w1282547786:roof;building-composite:w1249412094:w1282547786:wall;building-composite:w1249412094:w1282547787:roof;building-composite:w1249412094:w1282547787:wall","x_-1__z_2","composite","osm_height","67","building-composite:w1249412094","Isle House parent residual and parts share an explicit non-overlapping composite","117","61","61","pass"
"w1282547787","way","1282547787","playable","building_part","1","composite_member","building-composite:w1249412094","building-composite:w1249412094:w1282547786:roof;building-composite:w1249412094:w1282547786:wall;building-composite:w1249412094:w1282547787:roof;building-composite:w1249412094:w1282547787:wall","x_-1__z_2","composite","osm_levels","15","building-composite:w1249412094","Isle House parent residual and parts share an explicit non-overlapping composite","117","61","61","pass"
