"source_key","osm_type","osm_id","source_version","source_timestamp","scope","categories","source_geometry_types","selected_geometry_family","name","primary_tag","height","building_levels","derived_world_status","derived_object_key","notes","tags_json"
"w26767311","way","26767311","33","2024-07-22T22:08:21Z","context","context_island","LineString|MultiPolygon","area","Yerba Buena Island","place=island","","","not_started","","Non-playable context; excluded from playable completeness denominator","{""ele"":""98"",""gnis:feature_id"":""255246"",""name"":""Yerba Buena Island"",""old_name"":""Sea Bird Island;Wood Island;Goat Island"",""place"":""island"",""source"":""PGS"",""wikidata"":""Q768669"",""wikipedia"":""en:Yerba Buena Island""}"
"r13543937","relation","13543937","1","2021-12-13T01:57:13Z","context","context_bridge","","collection","San Francisco–Oakland Bay Bridge East Span","man_made=bridge","","","not_started","","Non-playable context; excluded from playable completeness denominator","{""layer"":""1"",""man_made"":""bridge"",""name"":""San Francisco–Oakland Bay Bridge East Span"",""type"":""site"",""wikipedia"":""en:San Francisco–Oakland Bay Bridge""}"
"r13543938","relation","13543938","2","2023-02-05T02:28:24Z","context","context_bridge","","collection","San Francisco–Oakland Bay Bridge","context_bridge","","","not_started","","Non-playable context; excluded from playable completeness denominator","{""name"":""San Francisco–Oakland Bay Bridge"",""type"":""site"",""wikidata"":""Q771404"",""wikipedia"":""en:San Francisco–Oakland Bay Bridge""}"
"w1011568818","way","1011568818","4","2024-02-11T06:47:31Z","context","context_bridge","LineString|MultiPolygon","area","San Francisco–Oakland Bay Bridge West Span","man_made=bridge","","","not_started","","Non-playable context; excluded from playable completeness denominator","{""alt_name"":""Willie L. Brown Jr. Bridge"",""bridge:structure"":""suspension"",""layer"":""1"",""man_made"":""bridge"",""name"":""San Francisco–Oakland Bay Bridge West Span"",""wikipedia"":""en:San Francisco–Oakland Bay Bridge""}"
"w26767313","way","26767313","29","2023-11-11T07:31:19Z","playable","land_boundary","LineString|MultiPolygon","area","Treasure Island","place=island","","","not_started","","Exact playable clipping polygon and land-shell source","{""name"":""Treasure Island"",""name:de"":""Schatzinsel"",""place"":""island"",""source"":""PGS"",""wikidata"":""Q778565"",""wikipedia"":""en:Treasure Island, San Francisco""}"
"r16681104","relation","16681104","1","2023-11-11T07:31:19Z","playable","terrain_shoreline","MultiPolygon","area","","man_made=breakwater","","","not_started","","","{""man_made"":""breakwater"",""material"":""rock""}"
"w26767328","way","26767328","6","2026-01-31T18:57:13Z","playable","terrain_shoreline","MultiPolygon","area","","man_made=breakwater","","","not_started","","","{""area"":""yes"",""man_made"":""breakwater"",""material"":""rock""}"
"w29399800","way","29399800","38","2024-07-22T22:08:21Z","playable","terrain_shoreline","LineString|MultiPolygon","line","","natural=coastline","","","not_started","","Spans TI and YBI; clip to or document composite representation by w26767313","{""natural"":""coastline"",""source"":""PGS""}"
"w109025891","way","109025891","2","2024-05-17T01:31:50Z","playable","terrain_shoreline","LineString|MultiPolygon","area","","natural=sand","","","not_started","","","{""natural"":""sand""}"
"w109025892","way","109025892","2","2024-05-17T01:31:50Z","playable","terrain_shoreline","LineString|MultiPolygon","area","","natural=sand","","","not_started","","","{""natural"":""sand""}"
"w109025893","way","109025893","2","2024-05-17T01:31:50Z","playable","terrain_shoreline","LineString|MultiPolygon","area","","natural=sand","","","not_started","","","{""natural"":""sand""}"
"w109042224","way","109042224","2","2024-05-17T01:31:50Z","playable","terrain_shoreline","LineString|MultiPolygon","area","","natural=sand","","","not_started","","","{""natural"":""sand""}"
"w110183752","way","110183752","10","2026-05-11T11:22:38Z","playable","terrain_shoreline|major_area","LineString|MultiPolygon","area","Treasure Island Sailing Center","leisure=marina","","","not_started","","","{""access"":""private"",""leisure"":""marina"",""name"":""Treasure Island Sailing Center"",""seamark:harbour:category"":""marina"",""seamark:type"":""harbour"",""website"":""https://www.tisailing.org/""}"
"w319406837","way","319406837","5","2025-06-13T16:24:47Z","playable","terrain_shoreline|major_area","MultiPolygon","area","","man_made=pier","","","not_started","","","{""area"":""yes"",""industrial"":""port"",""landuse"":""industrial"",""man_made"":""pier"",""ref"":""1"",""source"":""Bing""}"
"w644986117","way","644986117","4","2023-11-11T07:31:19Z","playable","terrain_shoreline|major_area","LineString|MultiPolygon","area","Treasure Island Yacht Harbor","leisure=marina","","","not_started","","","{""access"":""private"",""leisure"":""marina"",""name"":""Treasure Island Yacht Harbor"",""operator"":""Almar Marinas"",""seamark:harbour:category"":""marina"",""seamark:type"":""harbour"",""website"":""https://treasureislandyachtharbor.com/""}"
"w1011830367","way","1011830367","2","2022-03-03T11:16:43Z","playable","terrain_shoreline","MultiPolygon","area","","man_made=pier","","","not_started","","","{""area"":""yes"",""man_made"":""pier""}"
"w1222505174","way","1222505174","2","2023-11-11T07:31:19Z","playable","terrain_shoreline","MultiPolygon","area","","man_made=pier","","","not_started","","","{""area"":""yes"",""man_made"":""pier"",""surface"":""concrete""}"
"w1222505175","way","1222505175","2","2023-11-11T07:31:19Z","playable","terrain_shoreline","MultiPolygon","area","","man_made=pier","","","not_started","","","{""area"":""yes"",""man_made"":""pier"",""surface"":""concrete""}"
"w1222505176","way","1222505176","1","2023-11-10T13:40:15Z","playable","terrain_shoreline","MultiPolygon","area","","man_made=pier","","","not_started","","","{""area"":""yes"",""man_made"":""pier"",""surface"":""concrete""}"
"w1222505177","way","1222505177","2","2023-11-11T07:31:19Z","playable","terrain_shoreline|major_area","MultiPolygon","area","","man_made=pier","","","not_started","","","{""area"":""yes"",""landuse"":""recreation_ground"",""man_made"":""pier""}"
"w1222684023","way","1222684023","1","2023-11-11T07:31:19Z","playable","terrain_shoreline","MultiPolygon","area","","man_made=breakwater","","","not_started","","","{""area"":""yes"",""man_made"":""breakwater"",""material"":""rock""}"
"w1222684024","way","1222684024","1","2023-11-11T07:31:19Z","playable","terrain_shoreline","MultiPolygon","area","","man_made=breakwater","","","not_started","","","{""area"":""yes"",""man_made"":""breakwater"",""material"":""rock""}"
"w1222684025","way","1222684025","1","2023-11-11T07:31:19Z","playable","terrain_shoreline","MultiPolygon","area","","man_made=breakwater","","","not_started","","","{""area"":""yes"",""man_made"":""breakwater"",""material"":""rock""}"
"w1222684026","way","1222684026","1","2023-11-11T07:31:19Z","playable","terrain_shoreline","MultiPolygon","area","","man_made=breakwater","","","not_started","","","{""area"":""yes"",""man_made"":""breakwater"",""material"":""rock""}"
"w1222684027","way","1222684027","1","2023-11-11T07:31:19Z","playable","terrain_shoreline","MultiPolygon","area","","man_made=breakwater","","","not_started","","","{""area"":""yes"",""man_made"":""breakwater"",""material"":""rock""}"
"w1222685424","way","1222685424","3","2026-06-14T21:05:10Z","playable","terrain_shoreline","MultiPolygon","area","","man_made=breakwater","","","not_started","","","{""area"":""yes"",""man_made"":""breakwater"",""material"":""rock""}"
"w1473022589","way","1473022589","1","2026-01-31T18:57:13Z","playable","terrain_shoreline","LineString|MultiPolygon","area","","natural=wetland","","","not_started","","","{""natural"":""wetland"",""wetland"":""marsh""}"
"w8916045","way","8916045","5","2026-01-31T18:57:13Z","playable","roads_paths","LineString","line","Hutchins Court","highway=residential","","","not_started","","","{""highway"":""residential"",""name"":""Hutchins Court"",""tiger:cfcc"":""A41"",""tiger:county"":""San Francisco, CA"",""tiger:name_base"":""Hutchins"",""tiger:name_type"":""Ct"",""tiger:reviewed"":""no""}"
"w8916310","way","8916310","5","2026-02-01T00:54:18Z","playable","roads_paths","LineString","line","6th Street","highway=residential","","","not_started","","","{""highway"":""residential"",""name"":""6th Street"",""tiger:cfcc"":""A41"",""tiger:county"":""San Francisco, CA"",""tiger:name_base"":""6th"",""tiger:name_type"":""St""}"
"w8916349","way","8916349","9","2026-01-31T18:57:13Z","playable","roads_paths","LineString","line","Halibut Court","highway=residential","","","not_started","","","{""highway"":""residential"",""name"":""Halibut Court"",""tiger:cfcc"":""A41"",""tiger:county"":""San Francisco, CA"",""tiger:name_base"":""Halibut"",""tiger:name_type"":""Ct""}"
"w8916716","way","8916716","4","2017-06-07T06:34:42Z","playable","roads_paths","LineString","line","Gateview Court","highway=residential","","","not_started","","","{""highway"":""residential"",""name"":""Gateview Court"",""tiger:cfcc"":""A41"",""tiger:county"":""San Francisco, CA"",""tiger:name_base"":""Gateview"",""tiger:name_type"":""Ct"",""tiger:reviewed"":""no""}"
"w8916719","way","8916719","3","2011-04-17T20:52:55Z","playable","roads_paths","LineString","line","Gateview Court","highway=residential","","","not_started","","","{""highway"":""residential"",""name"":""Gateview Court"",""tiger:cfcc"":""A41"",""tiger:county"":""San Francisco, CA"",""tiger:name_base"":""Gateview"",""tiger:name_type"":""Ct"",""tiger:reviewed"":""no"",""tiger:separated"":""no"",""tiger:source"":""tiger_import_dch_v0.6_20070809"",""tiger:tlid"":""192294974""}"
"w8916722","way","8916722","4","2026-01-31T18:57:13Z","playable","roads_paths","LineString","line","Gateview Court","highway=residential","","","not_started","","","{""highway"":""residential"",""name"":""Gateview Court"",""tiger:cfcc"":""A41"",""tiger:county"":""San Francisco, CA"",""tiger:name_base"":""Gateview"",""tiger:name_type"":""Ct"",""tiger:reviewed"":""no""}"
"w8916727","way","8916727","5","2020-06-13T19:53:07Z","playable","roads_paths","LineString","line","Ozbourn Court","highway=residential","","","not_started","","","{""highway"":""residential"",""name"":""Ozbourn Court"",""tiger:cfcc"":""A41"",""tiger:county"":""San Francisco, CA"",""tiger:name_base"":""Ozbourn"",""tiger:name_type"":""Ct"",""tiger:reviewed"":""no""}"
"w8916874","way","8916874","9","2022-09-30T23:50:15Z","playable","roads_paths","LineString","line","Flounder Court","highway=residential","","","not_started","","","{""highway"":""residential"",""name"":""Flounder Court"",""tiger:cfcc"":""A41"",""tiger:county"":""San Francisco, CA"",""tiger:name_base"":""Flounder"",""tiger:name_type"":""Ct""}"
"w8917169","way","8917169","11","2022-07-14T20:37:22Z","playable","roads_paths","LineString","line","Bayside Drive","highway=residential","","","not_started","","","{""highway"":""residential"",""maxspeed"":""15 mph"",""name"":""Bayside Drive"",""tiger:cfcc"":""A41"",""tiger:county"":""San Francisco, CA"",""tiger:name_base"":""Bayside"",""tiger:name_type"":""Dr"",""tiger:reviewed"":""no""}"
"w8917439","way","8917439","6","2017-06-07T06:34:43Z","playable","roads_paths","LineString","line","Striped Bass Street","highway=residential","","","not_started","","","{""highway"":""residential"",""name"":""Striped Bass Street"",""tiger:cfcc"":""A41"",""tiger:county"":""San Francisco, CA"",""tiger:name_base"":""Striped Bass"",""tiger:name_type"":""St""}"
"w8917767","way","8917767","7","2017-06-07T06:34:43Z","playable","roads_paths","LineString","line","Exposition Drive","highway=residential","","","not_started","","","{""highway"":""residential"",""name"":""Exposition Drive"",""tiger:cfcc"":""A41"",""tiger:county"":""San Francisco, CA"",""tiger:name_base"":""Exposition"",""tiger:name_type"":""Dr"",""tiger:reviewed"":""no""}"
"w8917790","way","8917790","8","2026-01-31T18:57:13Z","playable","roads_paths","LineString","line","11th Street","highway=residential","","","not_started","","","{""highway"":""residential"",""name"":""11th Street"",""tiger:cfcc"":""A41"",""tiger:county"":""San Francisco, CA"",""tiger:name_base"":""11th"",""tiger:name_type"":""St""}"
"w8917792","way","8917792","12","2026-02-01T00:54:18Z","playable","roads_paths","LineString","line","5th Street","highway=residential","","","not_started","","","{""access"":""private"",""highway"":""residential"",""name"":""5th Street"",""tiger:cfcc"":""A41"",""tiger:county"":""San Francisco, CA"",""tiger:name_base"":""5th"",""tiger:name_type"":""St""}"
"w8918733","way","8918733","10","2024-08-15T16:08:02Z","playable","roads_paths","LineString","line","Sturgeon Street","highway=residential","","","not_started","","","{""highway"":""residential"",""name"":""Sturgeon Street"",""tiger:cfcc"":""A41"",""tiger:county"":""San Francisco, CA"",""tiger:name_base"":""Sturgeon"",""tiger:name_type"":""St""}"
"w8919063","way","8919063","9","2017-06-07T06:34:44Z","playable","roads_paths","LineString","line","Mariner Drive","highway=residential","","","not_started","","","{""highway"":""residential"",""name"":""Mariner Drive"",""tiger:cfcc"":""A41"",""tiger:county"":""San Francisco, CA"",""tiger:name_base"":""Mariner"",""tiger:name_type"":""Dr"",""tiger:reviewed"":""no""}"
"w8919233","way","8919233","8","2026-01-31T18:57:13Z","playable","roads_paths","LineString","line","13th Street","highway=residential","","","not_started","","","{""access"":""no"",""highway"":""residential"",""name"":""13th Street"",""tiger:cfcc"":""A41"",""tiger:county"":""San Francisco, CA"",""tiger:name_base"":""13th;Halyburton"",""tiger:name_type"":""St;Ct"",""tiger:reviewed"":""no""}"
"w8919277","way","8919277","12","2022-02-01T05:40:44Z","playable","roads_paths","LineString","line","9th Street","highway=tertiary","","","not_started","","","{""cycleway"":""lane"",""highway"":""tertiary"",""name"":""9th Street"",""surface"":""asphalt"",""tiger:cfcc"":""A41"",""tiger:county"":""San Francisco, CA"",""tiger:name_base"":""9th"",""tiger:name_type"":""St""}"
"w8919778","way","8919778","6","2026-01-31T18:57:13Z","playable","roads_paths","LineString","line","Lester Court","highway=residential","","","not_started","","","{""access"":""private"",""highway"":""residential"",""name"":""Lester Court"",""tiger:cfcc"":""A41"",""tiger:county"":""San Francisco, CA"",""tiger:name_base"":""Lester"",""tiger:name_type"":""Ct"",""tiger:reviewed"":""no""}"
"w8919923","way","8919923","4","2017-06-07T06:34:44Z","playable","roads_paths","LineString","line","Reeves Court","highway=residential","","","not_started","","","{""highway"":""residential"",""name"":""Reeves Court"",""tiger:cfcc"":""A41"",""tiger:county"":""San Francisco, CA"",""tiger:name_base"":""Reeves"",""tiger:name_type"":""Ct"",""tiger:reviewed"":""no""}"
"w8920145","way","8920145","10","2026-02-01T00:54:18Z","playable","roads_paths","LineString","line","4th Street","highway=residential","","","not_started","","","{""highway"":""residential"",""name"":""4th Street"",""tiger:cfcc"":""A41"",""tiger:county"":""San Francisco, CA"",""tiger:name_base"":""4th"",""tiger:name_type"":""St""}"
"w8920409","way","8920409","13","2026-01-31T18:57:13Z","playable","roads_paths","LineString","line","Westside Drive","highway=track","","","not_started","","","{""foot"":""yes"",""highway"":""track"",""lit"":""no"",""motor_vehicle"":""no"",""name"":""Westside Drive"",""surface"":""dirt"",""tiger:cfcc"":""A41"",""tiger:county"":""San Francisco, CA"",""tiger:name_base"":""Westside"",""tiger:name_type"":""Dr""}"
"w8920838","way","8920838","17","2026-05-21T19:59:15Z","playable","roads_paths","LineString","line","Northpoint Drive","highway=residential","","","not_started","","","{""highway"":""residential"",""maxspeed"":""15 mph"",""name"":""Northpoint Drive"",""tiger:cfcc"":""A41"",""tiger:county"":""San Francisco, CA"",""tiger:name_base"":""North Point"",""tiger:name_type"":""Dr"",""tiger:reviewed"":""no""}"
"w8921121","way","8921121","8","2022-09-30T23:50:15Z","playable","roads_paths","LineString","line","12th Street","highway=residential","","","not_started","","","{""highway"":""residential"",""name"":""12th Street"",""tiger:cfcc"":""A41"",""tiger:county"":""San Francisco, CA"",""tiger:name_base"":""12th"",""tiger:name_type"":""St""}"
"w8921138","way","8921138","5","2014-12-29T14:40:59Z","playable","roads_paths","LineString","line","8th Street","highway=residential","","","not_started","","","{""highway"":""residential"",""name"":""8th Street"",""tiger:cfcc"":""A41"",""tiger:county"":""San Francisco, CA"",""tiger:name_base"":""8th"",""tiger:name_type"":""St""}"
"w8921139","way","8921139","4","2014-12-29T14:41:00Z","playable","roads_paths","LineString","line","8th Street","highway=residential","","","not_started","","","{""highway"":""residential"",""name"":""8th Street"",""tiger:cfcc"":""A41"",""tiger:county"":""San Francisco, CA"",""tiger:name_base"":""8th"",""tiger:name_type"":""St""}"
"w8921273","way","8921273","20","2025-06-09T21:50:55Z","playable","roads_paths","LineString","line","Avenue B","highway=tertiary","","","not_started","","","{""highway"":""tertiary"",""lanes"":""2"",""name"":""Avenue B"",""surface"":""asphalt"",""tiger:cfcc"":""A41"",""tiger:county"":""San Francisco, CA"",""tiger:name_base"":""Avenue B""}"
"w8921288","way","8921288","11","2026-02-01T00:54:18Z","playable","roads_paths","LineString","line","Avenue D","highway=residential","","","not_started","","","{""access"":""private"",""highway"":""residential"",""name"":""Avenue D"",""surface"":""asphalt"",""tiger:cfcc"":""A41"",""tiger:county"":""San Francisco, CA"",""tiger:name_base"":""Avenue D""}"
"w8921299","way","8921299","12","2026-01-31T18:57:13Z","playable","roads_paths","LineString","line","","highway=service","","","not_started","","","{""access"":""private"",""highway"":""service"",""tiger:cfcc"":""A41"",""tiger:county"":""San Francisco, CA"",""tiger:name_base"":""Avenue E""}"
"w8921331","way","8921331","16","2019-04-04T17:50:20Z","playable","roads_paths","LineString","line","Avenue H","highway=tertiary","","","not_started","","","{""highway"":""tertiary"",""name"":""Avenue H"",""tiger:cfcc"":""A41"",""tiger:county"":""San Francisco, CA"",""tiger:name_base"":""Avenue H""}"
"w8921338","way","8921338","8","2026-01-31T18:57:13Z","playable","roads_paths","LineString","line","Avenue I","highway=residential","","","not_started","","","{""highway"":""residential"",""name"":""Avenue I"",""tiger:cfcc"":""A41"",""tiger:county"":""San Francisco, CA"",""tiger:name_base"":""Avenue I""}"
"w8921339","way","8921339","6","2022-09-28T04:35:17Z","playable","roads_paths","LineString","line","Avenue I","highway=residential","","","not_started","","","{""highway"":""residential"",""name"":""Avenue I"",""tiger:cfcc"":""A41"",""tiger:county"":""San Francisco, CA"",""tiger:name_base"":""Avenue I""}"
"w8921372","way","8921372","19","2024-02-20T05:25:18Z","playable","roads_paths","LineString","line","Avenue M","highway=residential","","","not_started","","","{""highway"":""residential"",""name"":""Avenue M"",""tiger:cfcc"":""A41"",""tiger:county"":""San Francisco, CA"",""tiger:name_base"":""Avenue M""}"
"w8921530","way","8921530","15","2024-02-20T05:32:37Z","playable","roads_paths","LineString","line","Avenue N","highway=residential","","","not_started","","","{""highway"":""residential"",""name"":""Avenue N"",""surface"":""asphalt"",""tiger:cfcc"":""A41"",""tiger:county"":""San Francisco, CA"",""tiger:name_base"":""Avenue N""}"
"w8921589","way","8921589","4","2024-08-29T22:55:32Z","playable","roads_paths","LineString","line","Mason Court","highway=residential","","","not_started","","","{""highway"":""residential"",""name"":""Mason Court"",""tiger:cfcc"":""A41"",""tiger:county"":""San Francisco, CA"",""tiger:name_base"":""Mason"",""tiger:name_type"":""Ct"",""tiger:reviewed"":""no""}"
"w8922388","way","8922388","26","2022-09-28T04:35:17Z","playable","roads_paths","LineString","line","Gateview Avenue","highway=residential","","","not_started","","","{""highway"":""residential"",""name"":""Gateview Avenue"",""surface"":""asphalt"",""tiger:cfcc"":""A41"",""tiger:county"":""San Francisco, CA"",""tiger:name_base"":""Gateview"",""tiger:name_type"":""Ave""}"
"w11315153","way","11315153","2","2010-03-27T20:19:27Z","playable","roads_paths","LineString","line","3rd Street","highway=residential","","","not_started","","","{""created_by"":""JOSM"",""highway"":""residential"",""name"":""3rd Street"",""tiger:cfcc"":""A41"",""tiger:county"":""San Francisco, CA"",""tiger:name_base"":""3rd"",""tiger:name_type"":""St"",""tiger:reviewed"":""no"",""tiger:separated"":""no"",""tiger:source"":""tiger_import_dch_v0.6_20070809"",""tiger:tlid"":""192294700:192294692:192294695:192294699""}"
"w11315404","way","11315404","6","2017-06-07T06:34:46Z","playable","roads_paths","LineString","line","Croaker Court","highway=residential","","","not_started","","","{""highway"":""residential"",""name"":""Croaker Court"",""tiger:cfcc"":""A41"",""tiger:county"":""San Francisco, CA"",""tiger:name_base"":""Croaker"",""tiger:name_type"":""Ct""}"
"w11315406","way","11315406","8","2020-12-23T05:33:02Z","playable","roads_paths","LineString","line","Chinook Court","highway=residential","","","not_started","","","{""highway"":""residential"",""name"":""Chinook Court"",""tiger:cfcc"":""A41"",""tiger:county"":""San Francisco, CA"",""tiger:name_base"":""Chinook"",""tiger:name_type"":""Ct""}"
"w11315798","way","11315798","4","2026-01-31T18:57:13Z","playable","roads_paths","LineString","line","","highway=path","","","not_started","","","{""highway"":""path""}"
"w11315799","way","11315799","5","2026-01-31T18:57:13Z","playable","roads_paths","LineString","line","Keppler Court","highway=residential","","","not_started","","","{""highway"":""residential"",""name"":""Keppler Court"",""tiger:cfcc"":""A41"",""tiger:county"":""San Francisco, CA"",""tiger:name_base"":""Keppler"",""tiger:name_type"":""Ct"",""tiger:reviewed"":""no""}"
"w11315800","way","11315800","10","2026-04-02T01:25:36Z","playable","roads_paths","LineString","line","13th Street","highway=residential","","","not_started","","","{""highway"":""residential"",""name"":""13th Street"",""tiger:cfcc"":""A41"",""tiger:county"":""San Francisco, CA"",""tiger:name_base"":""13th"",""tiger:name_type"":""St""}"
"w11315848","way","11315848","5","2021-06-03T05:53:29Z","playable","roads_paths","LineString","line","14th Street","highway=residential","","","not_started","","","{""highway"":""residential"",""name"":""14th Street""}"
"w11315850","way","11315850","9","2026-01-31T18:57:13Z","playable","roads_paths","LineString","line","Avenue I","highway=residential","","","not_started","","","{""highway"":""residential"",""name"":""Avenue I"",""surface"":""asphalt""}"
"w28353118","way","28353118","24","2025-03-23T16:25:59Z","playable","roads_paths","LineString","line","Treasure Island Road","highway=tertiary","","","not_started","","","{""bus:lanes:backward"":""yes|yes|designated"",""cycleway:left"":""no"",""cycleway:right"":""lane"",""highway"":""tertiary"",""lanes"":""4"",""lanes:backward"":""3"",""lanes:forward"":""1"",""motor_vehicle:lanes:backward"":""yes|yes|no"",""name"":""Treasure Island Road"",""placement:backward"":""middle_of:1"",""tiger:cfcc"":""A41"",""tiger:county"":""San Francisco, CA"",""tiger:name_base"":""Avenue of the Palms""}"
"w28353157","way","28353157","5","2023-11-10T14:42:09Z","playable","roads_paths","LineString","line","","highway=footway","","","not_started","","","{""access"":""private"",""bridge"":""yes"",""highway"":""footway"",""layer"":""1""}"
"w28353163","way","28353163","4","2023-11-10T14:42:09Z","playable","roads_paths","LineString","line","","highway=footway","","","not_started","","","{""access"":""private"",""bridge"":""yes"",""highway"":""footway"",""layer"":""1""}"
"w28353434","way","28353434","13","2022-10-18T01:03:28Z","playable","roads_paths","LineString","line","Avenue B","highway=residential","","","not_started","","","{""highway"":""residential"",""maxspeed"":""10 mph"",""name"":""Avenue B"",""oneway"":""no""}"
"w28356848","way","28356848","11","2022-09-28T04:35:17Z","playable","roads_paths","LineString","line","Avenue A","highway=service","","","not_started","","","{""highway"":""service"",""name"":""Avenue A"",""oneway"":""no""}"
"w28356864","way","28356864","3","2024-02-20T05:25:18Z","playable","roads_paths","LineString","line","","highway=service","","","not_started","","","{""highway"":""service"",""service"":""parking_aisle""}"
"w28356898","way","28356898","6","2026-02-01T00:54:18Z","playable","roads_paths","LineString","line","","highway=service","","","not_started","","","{""access"":""private"",""highway"":""service"",""service"":""parking_aisle""}"
"w28356904","way","28356904","2","2026-02-01T00:54:18Z","playable","roads_paths","LineString","line","","highway=service","","","not_started","","","{""access"":""private"",""highway"":""service"",""service"":""parking_aisle""}"
"w43102143","way","43102143","2","2011-01-25T02:45:01Z","playable","roads_paths","LineString","line","","highway=service","","","not_started","","","{""highway"":""service"",""oneway"":""yes"",""service"":""parking_aisle""}"
"w43102144","way","43102144","2","2011-01-25T02:44:56Z","playable","roads_paths","LineString","line","","highway=service","","","not_started","","","{""highway"":""service"",""oneway"":""yes"",""service"":""parking_aisle""}"
"w43102145","way","43102145","4","2022-06-10T05:45:47Z","playable","roads_paths","LineString","line","","highway=service","","","not_started","","","{""highway"":""service"",""oneway"":""yes"",""service"":""parking_aisle""}"
"w52721873","way","52721873","17","2024-02-20T05:32:37Z","playable","roads_paths","LineString","line","4th Street","highway=residential","","","not_started","","","{""access"":""private"",""highway"":""residential"",""maxspeed"":""10 mph"",""name"":""4th Street"",""tiger:cfcc"":""A41"",""tiger:county"":""San Francisco, CA"",""tiger:name_base"":""4th"",""tiger:name_type"":""St""}"
"w52721875","way","52721875","12","2025-06-09T21:50:52Z","playable","roads_paths","LineString","line","Gateview Avenue","highway=tertiary","","","not_started","","","{""highway"":""tertiary"",""maxspeed"":""15 mph"",""name"":""Gateview Avenue"",""surface"":""asphalt"",""tiger:cfcc"":""A41"",""tiger:county"":""San Francisco, CA"",""tiger:name_base"":""Gateview"",""tiger:name_type"":""Ave""}"
"w95934094","way","95934094","1","2011-01-20T12:23:45Z","playable","roads_paths","LineString","line","","highway=footway","","","not_started","","","{""highway"":""footway""}"
"w95934111","way","95934111","2","2022-09-28T04:35:17Z","playable","roads_paths","LineString","line","","highway=footway","","","not_started","","","{""highway"":""footway""}"
"w108982423","way","108982423","3","2026-01-31T18:57:13Z","playable","roads_paths","LineString","line","Westside Drive","highway=residential","","","not_started","","","{""access"":""private"",""highway"":""residential"",""name"":""Westside Drive"",""tiger:cfcc"":""A41"",""tiger:county"":""San Francisco, CA"",""tiger:name_base"":""Westside"",""tiger:name_type"":""Dr""}"
"w109022534","way","109022534","2","2026-02-01T00:54:18Z","playable","roads_paths","LineString","line","","highway=service","","","not_started","","","{""highway"":""service""}"
"w109022546","way","109022546","2","2026-01-31T18:57:13Z","playable","roads_paths","LineString","line","","highway=service","","","not_started","","","{""access"":""private"",""highway"":""service""}"
"w109023441","way","109023441","11","2026-06-18T14:15:13Z","playable","roads_paths","LineString","line","Perimeter Path","highway=footway","","","not_started","","","{""access"":""no"",""bicycle"":""yes"",""foot"":""yes"",""highway"":""footway"",""name"":""Perimeter Path"",""smoothness"":""good"",""surface"":""asphalt""}"
"w110188515","way","110188515","2","2018-05-22T08:17:33Z","playable","roads_paths","LineString","line","8th Street","highway=service","","","not_started","","","{""highway"":""service"",""name"":""8th Street""}"
"w131820353","way","131820353","14","2025-03-23T16:25:59Z","playable","roads_paths","LineString","line","Clipper Cove Way","highway=unclassified","","","not_started","","","{""cycleway:left"":""lane"",""cycleway:right"":""no"",""highway"":""unclassified"",""name"":""Clipper Cove Way"",""oneway"":""no"",""surface"":""asphalt""}"
"w131937148","way","131937148","12","2026-03-09T04:23:14Z","playable","roads_paths","LineString","line","Avenue G","highway=service","","","not_started","","","{""foot"":""no"",""highway"":""service"",""maxspeed"":""25 mph"",""name"":""Avenue G"",""oneway"":""no""}"
"w198399306","way","198399306","3","2026-02-01T00:54:18Z","playable","roads_paths","LineString","line","","highway=service","","","not_started","","","{""access"":""private"",""highway"":""service"",""service"":""emergency_access""}"
"w215879079","way","215879079","1","2013-04-06T23:23:30Z","playable","roads_paths","LineString","line","","highway=service","","","not_started","","","{""highway"":""service""}"
"w215879087","way","215879087","6","2024-02-20T05:25:18Z","playable","roads_paths","LineString","line","4th Street","highway=residential","","","not_started","","","{""highway"":""residential"",""name"":""4th Street"",""surface"":""asphalt"",""tiger:cfcc"":""A41"",""tiger:county"":""San Francisco, CA"",""tiger:name_base"":""4th"",""tiger:name_type"":""St""}"
"w255330034","way","255330034","7","2025-03-21T01:31:33Z","playable","roads_paths","LineString","line","Avenue H","highway=tertiary","","","not_started","","","{""highway"":""tertiary"",""name"":""Avenue H"",""tiger:cfcc"":""A41"",""tiger:county"":""San Francisco, CA"",""tiger:name_base"":""Avenue H""}"
"w255330044","way","255330044","13","2024-02-13T05:43:58Z","playable","roads_paths","LineString","line","Trade Winds Avenue","highway=tertiary","","","not_started","","","{""cycleway:left"":""separate"",""cycleway:right"":""lane"",""highway"":""tertiary"",""lanes"":""2"",""maxspeed"":""25 mph"",""name"":""Trade Winds Avenue"",""tiger:cfcc"":""A41"",""tiger:county"":""San Francisco, CA"",""tiger:name_base"":""California"",""tiger:name_type"":""Ave""}"
"w255330071","way","255330071","3","2022-09-28T04:35:17Z","playable","roads_paths","LineString","line","9th Street","highway=residential","","","not_started","","","{""highway"":""residential"",""name"":""9th Street"",""tiger:cfcc"":""A41"",""tiger:county"":""San Francisco, CA"",""tiger:name_base"":""9th"",""tiger:name_type"":""St""}"
"w255330072","way","255330072","8","2023-10-01T05:57:28Z","playable","roads_paths","LineString","line","9th Street","highway=tertiary","","","not_started","","","{""cycleway"":""lane"",""highway"":""tertiary"",""name"":""9th Street"",""tiger:cfcc"":""A41"",""tiger:county"":""San Francisco, CA"",""tiger:name_base"":""9th"",""tiger:name_type"":""St""}"
"w466953902","way","466953902","5","2026-01-31T18:57:13Z","playable","roads_paths","LineString","line","10th Street","highway=residential","","","not_started","","","{""highway"":""residential"",""name"":""10th Street""}"
"w484287675","way","484287675","4","2026-05-11T11:22:38Z","playable","roads_paths","LineString","line","","highway=service","","","not_started","","","{""highway"":""service""}"
"w484287680","way","484287680","7","2026-03-09T04:23:14Z","playable","roads_paths","LineString","line","Clipper Cove Way","highway=service","","","not_started","","","{""highway"":""service"",""name"":""Clipper Cove Way""}"
"w484288320","way","484288320","3","2026-04-02T01:25:36Z","playable","roads_paths","LineString","line","","highway=service","","","not_started","","","{""access"":""private"",""highway"":""service""}"
"w484288324","way","484288324","4","2022-06-10T05:47:45Z","playable","roads_paths","LineString","line","","highway=service","","","not_started","","","{""highway"":""service"",""oneway"":""yes"",""service"":""parking_aisle""}"
"w484288325","way","484288325","5","2024-02-20T05:25:18Z","playable","roads_paths","LineString","line","","highway=service","","","not_started","","","{""highway"":""service"",""service"":""parking_aisle""}"
"w484288326","way","484288326","3","2026-01-31T18:57:13Z","playable","roads_paths","LineString","line","","highway=service","","","not_started","","","{""highway"":""service"",""service"":""parking_aisle""}"
"w484288328","way","484288328","4","2026-01-31T18:57:13Z","playable","roads_paths","LineString","line","","highway=service","","","not_started","","","{""highway"":""service"",""service"":""parking_aisle""}"
"w484288330","way","484288330","2","2022-09-28T04:35:17Z","playable","roads_paths","LineString","line","","highway=service","","","not_started","","","{""highway"":""service""}"
"w484288331","way","484288331","3","2026-02-01T00:54:18Z","playable","roads_paths","LineString","line","","highway=service","","","not_started","","","{""access"":""private"",""highway"":""service""}"
"w484288332","way","484288332","3","2026-02-01T00:54:18Z","playable","roads_paths","LineString","line","","highway=service","","","not_started","","","{""access"":""private"",""highway"":""service""}"
"w484288333","way","484288333","3","2026-02-01T00:54:18Z","playable","roads_paths","LineString","line","","highway=service","","","not_started","","","{""access"":""private"",""highway"":""service"",""service"":""parking_aisle""}"
"w484288334","way","484288334","2","2026-02-01T00:54:18Z","playable","roads_paths","LineString","line","","highway=service","","","not_started","","","{""access"":""private"",""highway"":""service"",""service"":""parking_aisle""}"
"w484288335","way","484288335","3","2026-02-01T00:54:18Z","playable","roads_paths","LineString","line","","highway=service","","","not_started","","","{""access"":""private"",""highway"":""service""}"
"w484288336","way","484288336","3","2026-02-01T00:54:18Z","playable","roads_paths","LineString","line","","highway=service","","","not_started","","","{""access"":""private"",""highway"":""service""}"
"w484288338","way","484288338","3","2026-02-01T00:54:18Z","playable","roads_paths","LineString","line","","highway=service","","","not_started","","","{""access"":""private"",""highway"":""service""}"
"w484288342","way","484288342","6","2026-02-01T00:54:18Z","playable","roads_paths","LineString","line","","highway=service","","","not_started","","","{""access"":""private"",""highway"":""service"",""service"":""parking_aisle""}"
"w484288343","way","484288343","5","2026-02-01T00:54:18Z","playable","roads_paths","LineString","line","","highway=service","","","not_started","","","{""access"":""private"",""highway"":""service"",""service"":""parking_aisle""}"
"w484288344","way","484288344","2","2026-02-01T00:54:18Z","playable","roads_paths","LineString","line","","highway=service","","","not_started","","","{""access"":""private"",""highway"":""service"",""service"":""parking_aisle""}"
"w499105889","way","499105889","2","2026-01-31T18:57:13Z","playable","roads_paths","LineString","line","","highway=service","","","not_started","","","{""highway"":""service"",""service"":""parking_aisle""}"
"w499105894","way","499105894","2","2026-01-31T18:57:13Z","playable","roads_paths","LineString|MultiPolygon","line","","highway=service","","","not_started","","","{""highway"":""service"",""service"":""parking_aisle""}"
"w499105898","way","499105898","2","2026-01-31T18:57:13Z","playable","roads_paths","LineString|MultiPolygon","line","","highway=service","","","not_started","","","{""highway"":""service"",""service"":""parking_aisle""}"
"w499105903","way","499105903","3","2026-01-31T18:57:13Z","playable","roads_paths","LineString|MultiPolygon","line","","highway=service","","","not_started","","","{""highway"":""service"",""service"":""parking_aisle""}"
"w499105909","way","499105909","1","2017-06-08T16:02:35Z","playable","roads_paths","LineString","line","","highway=service","","","not_started","","","{""highway"":""service"",""oneway"":""yes"",""service"":""parking_aisle""}"
"w499105911","way","499105911","1","2017-06-08T16:02:35Z","playable","roads_paths","LineString","line","","highway=service","","","not_started","","","{""highway"":""service"",""oneway"":""yes"",""service"":""parking_aisle""}"
"w499105912","way","499105912","1","2017-06-08T16:02:35Z","playable","roads_paths","LineString","line","","highway=service","","","not_started","","","{""highway"":""service"",""oneway"":""yes"",""service"":""parking_aisle""}"
"w499105913","way","499105913","3","2026-01-31T18:57:13Z","playable","roads_paths","LineString","line","","highway=service","","","not_started","","","{""highway"":""service""}"
"w499105914","way","499105914","2","2022-10-10T16:41:13Z","playable","roads_paths","LineString|MultiPolygon","line","","highway=service","","","not_started","","","{""highway"":""service"",""service"":""parking_aisle""}"
"w499105915","way","499105915","2","2026-01-31T18:57:13Z","playable","roads_paths","LineString","line","","highway=service","","","not_started","","","{""highway"":""service""}"
"w499105917","way","499105917","4","2026-01-31T18:57:13Z","playable","roads_paths","LineString","line","10th Street","highway=residential","","","not_started","","","{""highway"":""residential"",""name"":""10th Street""}"
"w499105922","way","499105922","2","2026-01-31T18:57:13Z","playable","roads_paths","LineString","line","","highway=service","","","not_started","","","{""access"":""private"",""highway"":""service""}"
"w499105924","way","499105924","3","2026-01-31T18:57:13Z","playable","roads_paths","LineString","line","","highway=service","","","not_started","","","{""access"":""private"",""highway"":""service""}"
"w499105925","way","499105925","2","2026-01-31T18:57:13Z","playable","roads_paths","LineString","line","","highway=service","","","not_started","","","{""access"":""private"",""highway"":""service""}"
"w499105928","way","499105928","3","2026-01-31T18:57:13Z","playable","roads_paths","LineString","line","","highway=service","","","not_started","","","{""access"":""private"",""highway"":""service""}"
"w499105931","way","499105931","3","2026-01-31T18:57:13Z","playable","roads_paths","LineString","line","","highway=service","","","not_started","","","{""access"":""private"",""highway"":""service""}"
"w499105933","way","499105933","4","2026-01-31T18:57:13Z","playable","roads_paths","LineString","line","","highway=service","","","not_started","","","{""access"":""private"",""highway"":""service""}"
"w499106724","way","499106724","2","2026-02-01T00:54:18Z","playable","roads_paths","LineString","line","","highway=service","","","not_started","","","{""access"":""private"",""highway"":""service""}"
"w499106725","way","499106725","2","2026-02-01T00:54:18Z","playable","roads_paths","LineString","line","","highway=service","","","not_started","","","{""access"":""private"",""highway"":""service"",""service"":""parking_aisle""}"
"w499106726","way","499106726","2","2026-02-01T00:54:18Z","playable","roads_paths","LineString","line","","highway=service","","","not_started","","","{""access"":""private"",""highway"":""service"",""service"":""parking_aisle""}"
"w499106727","way","499106727","2","2026-02-01T00:54:18Z","playable","roads_paths","LineString","line","","highway=service","","","not_started","","","{""access"":""private"",""highway"":""service"",""service"":""parking_aisle""}"
"w499106728","way","499106728","2","2026-02-01T00:54:18Z","playable","roads_paths","LineString","line","","highway=service","","","not_started","","","{""access"":""private"",""highway"":""service"",""service"":""parking_aisle""}"
"w499106729","way","499106729","2","2026-02-01T00:54:18Z","playable","roads_paths","LineString","line","","highway=service","","","not_started","","","{""access"":""private"",""highway"":""service"",""service"":""parking_aisle""}"
"w499106730","way","499106730","3","2026-02-01T00:54:18Z","playable","roads_paths","LineString","line","","highway=service","","","not_started","","","{""access"":""private"",""highway"":""service""}"
"w569257247","way","569257247","2","2026-02-01T00:54:18Z","playable","roads_paths","LineString","line","","highway=service","","","not_started","","","{""highway"":""service"",""service"":""parking_aisle""}"
"w569259009","way","569259009","1","2018-03-13T08:48:32Z","playable","roads_paths","LineString","line","","highway=service","","","not_started","","","{""highway"":""service""}"
"w569260156","way","569260156","2","2026-02-01T00:54:18Z","playable","roads_paths","LineString","line","","highway=service","","","not_started","","","{""access"":""private"",""highway"":""service""}"
"w569260157","way","569260157","2","2026-02-01T00:54:18Z","playable","roads_paths","LineString","line","","highway=service","","","not_started","","","{""access"":""private"",""highway"":""service""}"
"w569260848","way","569260848","1","2018-03-13T08:54:40Z","playable","roads_paths","LineString","line","","highway=service","","","not_started","","","{""highway"":""service"",""oneway"":""yes""}"
"w569260849","way","569260849","1","2018-03-13T08:54:40Z","playable","roads_paths","LineString","line","","highway=service","","","not_started","","","{""highway"":""service"",""oneway"":""yes""}"
"w569260851","way","569260851","2","2026-01-31T18:57:13Z","playable","roads_paths","LineString","line","","highway=service","","","not_started","","","{""highway"":""service"",""service"":""parking_aisle""}"
"w569261760","way","569261760","2","2026-01-31T18:57:13Z","playable","roads_paths","LineString","line","Avenue E","highway=residential","","","not_started","","","{""highway"":""residential"",""name"":""Avenue E""}"
"w569261761","way","569261761","2","2026-01-31T18:57:13Z","playable","roads_paths","LineString","line","","highway=service","","","not_started","","","{""highway"":""service"",""service"":""parking_aisle""}"
"w569262993","way","569262993","1","2018-03-13T08:58:23Z","playable","roads_paths","LineString","line","","highway=service","","","not_started","","","{""highway"":""service""}"
"w569263877","way","569263877","2","2026-01-31T18:57:13Z","playable","roads_paths","LineString","line","","highway=service","","","not_started","","","{""access"":""private"",""highway"":""service""}"
"w681687035","way","681687035","1","2019-04-04T17:50:11Z","playable","roads_paths","LineString","line","Avenue H","highway=tertiary","","","not_started","","","{""highway"":""tertiary"",""name"":""Avenue H"",""tiger:cfcc"":""A41"",""tiger:county"":""San Francisco, CA"",""tiger:name_base"":""Avenue H""}"
"w742390005","way","742390005","11","2026-05-11T11:22:38Z","playable","roads_paths","LineString","line","Clipper Cove Way","highway=service","","","not_started","","","{""foot"":""no"",""highway"":""service"",""name"":""Clipper Cove Way"",""oneway"":""no""}"
"w775796577","way","775796577","1","2020-02-23T20:35:16Z","playable","roads_paths","LineString","line","","highway=service","","","not_started","","","{""highway"":""service"",""service"":""parking_aisle""}"
"w775796580","way","775796580","2","2026-02-01T00:54:18Z","playable","roads_paths","LineString","line","","highway=service","","","not_started","","","{""highway"":""service"",""oneway"":""yes""}"
"w775796581","way","775796581","7","2026-02-01T00:54:18Z","playable","roads_paths","LineString","line","","highway=service","","","not_started","","","{""highway"":""service""}"
"w775820809","way","775820809","5","2026-01-31T18:57:13Z","playable","roads_paths","LineString","line","Avenue M","highway=residential","","","not_started","","","{""highway"":""residential"",""name"":""Avenue M"",""tiger:cfcc"":""A41"",""tiger:county"":""San Francisco, CA"",""tiger:name_base"":""Avenue M""}"
"w784887524","way","784887524","2","2020-09-22T05:16:07Z","playable","roads_paths","LineString","line","","highway=service","","","not_started","","","{""highway"":""service"",""service"":""parking_aisle""}"
"w850003198","way","850003198","3","2025-10-08T21:35:57Z","playable","roads_paths","LineString","line","","highway=service","","","not_started","","","{""highway"":""service""}"
"w945294691","way","945294691","2","2024-02-20T05:32:37Z","playable","roads_paths","LineString","line","Avenue M","highway=residential","","","not_started","","","{""highway"":""residential"",""name"":""Avenue M"",""surface"":""asphalt"",""tiger:cfcc"":""A41"",""tiger:county"":""San Francisco, CA"",""tiger:name_base"":""Avenue M""}"
"w945294692","way","945294692","2","2024-02-20T05:25:18Z","playable","roads_paths","LineString","line","Avenue M","highway=residential","","","not_started","","","{""highway"":""residential"",""name"":""Avenue M"",""tiger:cfcc"":""A41"",""tiger:county"":""San Francisco, CA"",""tiger:name_base"":""Avenue M""}"
"w1001544693","way","1001544693","3","2026-01-31T18:57:13Z","playable","roads_paths","LineString","line","","highway=service","","","not_started","","","{""highway"":""service"",""oneway"":""yes""}"
"w1001544695","way","1001544695","8","2026-01-31T18:57:13Z","playable","roads_paths","LineString","line","Cravath Street","highway=residential","","","not_started","","","{""access"":""yes"",""highway"":""residential"",""name"":""Cravath Street"",""surface"":""asphalt""}"
"w1001544696","way","1001544696","11","2024-08-30T15:23:48Z","playable","roads_paths","LineString","line","Seven Seas Avenue","highway=tertiary","","","not_started","","","{""access"":""yes"",""cycleway:both"":""lane"",""highway"":""tertiary"",""lanes"":""2"",""name"":""Seven Seas Avenue"",""surface"":""asphalt""}"
"w1001544697","way","1001544697","10","2025-11-16T03:53:10Z","playable","roads_paths","LineString","line","Avenue of the Palms","highway=residential","","","not_started","","","{""access"":""yes"",""highway"":""residential"",""lanes"":""2"",""maxspeed"":""25 mph"",""name"":""Avenue of the Palms"",""oneway"":""no"",""surface"":""asphalt""}"
"w1026591680","way","1026591680","2","2026-06-14T21:01:21Z","playable","roads_paths","LineString","line","","highway=path","","","not_started","","","{""bicycle"":""yes"",""foot"":""yes"",""highway"":""path"",""surface"":""unpaved""}"
"w1026591681","way","1026591681","2","2026-06-14T21:01:21Z","playable","roads_paths","LineString","line","","highway=path","","","not_started","","","{""bicycle"":""yes"",""foot"":""yes"",""highway"":""path"",""surface"":""unpaved""}"
"w1036802527","way","1036802527","3","2023-11-10T14:12:47Z","playable","roads_paths","LineString","line","","highway=footway","","","not_started","","","{""bicycle"":""dismount"",""bridge"":""yes"",""highway"":""footway"",""layer"":""1""}"
"w1068363012","way","1068363012","1","2022-06-10T00:31:52Z","playable","roads_paths","LineString","line","","highway=cycleway","","","not_started","","","{""bicycle"":""designated"",""foot"":""designated"",""highway"":""cycleway""}"
"w1068394269","way","1068394269","1","2022-06-10T05:47:45Z","playable","roads_paths","LineString","line","","highway=service","","","not_started","","","{""highway"":""service"",""service"":""parking_aisle""}"
"w1076140200","way","1076140200","9","2026-06-19T03:54:20Z","playable","roads_paths","LineString","line","Johnson Street","highway=residential","","","not_started","","","{""access"":""yes"",""highway"":""residential"",""name"":""Johnson Street"",""surface"":""asphalt""}"
"w1098437823","way","1098437823","1","2022-09-28T04:35:17Z","playable","roads_paths","LineString","line","","highway=footway","","","not_started","","","{""footway"":""sidewalk"",""highway"":""footway""}"
"w1098437824","way","1098437824","1","2022-09-28T04:35:17Z","playable","roads_paths","LineString","line","","highway=footway","","","not_started","","","{""footway"":""sidewalk"",""highway"":""footway""}"
"w1098437825","way","1098437825","1","2022-09-28T04:35:17Z","playable","roads_paths","LineString","line","","highway=footway","","","not_started","","","{""footway"":""sidewalk"",""highway"":""footway""}"
"w1098437826","way","1098437826","1","2022-09-28T04:35:17Z","playable","roads_paths","LineString","line","","highway=footway","","","not_started","","","{""footway"":""sidewalk"",""highway"":""footway""}"
"w1098437827","way","1098437827","1","2022-09-28T04:35:17Z","playable","roads_paths","LineString","line","","highway=footway","","","not_started","","","{""footway"":""sidewalk"",""highway"":""footway""}"
"w1098437828","way","1098437828","2","2026-02-01T00:54:18Z","playable","roads_paths","LineString","line","","highway=footway","","","not_started","","","{""crossing"":""marked"",""crossing:markings"":""yes"",""footway"":""crossing"",""highway"":""footway""}"
"w1098437831","way","1098437831","1","2022-09-28T04:35:17Z","playable","roads_paths","LineString","line","","highway=footway","","","not_started","","","{""footway"":""sidewalk"",""highway"":""footway""}"
"w1098437832","way","1098437832","2","2026-01-31T18:57:13Z","playable","roads_paths","LineString","line","","highway=footway","","","not_started","","","{""crossing"":""marked"",""crossing:markings"":""yes"",""footway"":""crossing"",""highway"":""footway""}"
"w1098437835","way","1098437835","1","2022-09-28T04:35:17Z","playable","roads_paths","LineString","line","","highway=footway","","","not_started","","","{""footway"":""sidewalk"",""highway"":""footway""}"
"w1098437836","way","1098437836","1","2022-09-28T04:35:17Z","playable","roads_paths","LineString","line","","highway=footway","","","not_started","","","{""footway"":""sidewalk"",""highway"":""footway""}"
"w1098437837","way","1098437837","2","2026-01-31T18:57:13Z","playable","roads_paths","LineString","line","","highway=footway","","","not_started","","","{""crossing"":""marked"",""crossing:markings"":""yes"",""footway"":""crossing"",""highway"":""footway""}"
"w1098437838","way","1098437838","1","2022-09-28T04:35:17Z","playable","roads_paths","LineString","line","","highway=footway","","","not_started","","","{""crossing"":""marked"",""footway"":""crossing"",""highway"":""footway""}"
"w1098437842","way","1098437842","2","2025-08-23T19:34:12Z","playable","roads_paths","LineString","line","","highway=footway","","","not_started","","","{""footway"":""sidewalk"",""highway"":""footway"",""surface"":""concrete""}"
"w1098437843","way","1098437843","1","2022-09-28T04:35:17Z","playable","roads_paths","LineString","line","","highway=footway","","","not_started","","","{""footway"":""sidewalk"",""highway"":""footway""}"
"w1098437844","way","1098437844","2","2025-05-14T20:27:04Z","playable","roads_paths","LineString","line","","highway=footway","","","not_started","","","{""crossing"":""marked"",""crossing:markings"":""zebra"",""footway"":""crossing"",""highway"":""footway""}"
"w1098437847","way","1098437847","1","2022-09-28T04:35:17Z","playable","roads_paths","LineString","line","","highway=footway","","","not_started","","","{""footway"":""sidewalk"",""highway"":""footway""}"
"w1098437848","way","1098437848","1","2022-09-28T04:35:17Z","playable","roads_paths","LineString","line","","highway=footway","","","not_started","","","{""highway"":""footway""}"
"w1098437849","way","1098437849","1","2022-09-28T04:35:17Z","playable","roads_paths","LineString","line","","highway=footway","","","not_started","","","{""crossing"":""marked"",""footway"":""crossing"",""highway"":""footway""}"
"w1098437850","way","1098437850","1","2022-09-28T04:35:17Z","playable","roads_paths","LineString","line","","highway=footway","","","not_started","","","{""crossing"":""marked"",""footway"":""crossing"",""highway"":""footway""}"
"w1098437851","way","1098437851","1","2022-09-28T04:35:17Z","playable","roads_paths","LineString","line","","highway=footway","","","not_started","","","{""footway"":""sidewalk"",""highway"":""footway""}"
"w1098437852","way","1098437852","1","2022-09-28T04:35:17Z","playable","roads_paths","LineString","line","","highway=footway","","","not_started","","","{""crossing"":""marked"",""footway"":""crossing"",""highway"":""footway""}"
"w1098437853","way","1098437853","2","2022-09-30T23:50:15Z","playable","roads_paths","LineString","line","","highway=footway","","","not_started","","","{""crossing"":""marked"",""footway"":""crossing"",""highway"":""footway""}"
"w1098437854","way","1098437854","1","2022-09-28T04:35:17Z","playable","roads_paths","LineString","line","","highway=footway","","","not_started","","","{""highway"":""footway""}"
"w1098437856","way","1098437856","1","2022-09-28T04:35:17Z","playable","roads_paths","LineString","line","","highway=footway","","","not_started","","","{""footway"":""sidewalk"",""highway"":""footway""}"
"w1098437857","way","1098437857","1","2022-09-28T04:35:17Z","playable","roads_paths","LineString","line","","highway=footway","","","not_started","","","{""crossing"":""marked"",""footway"":""crossing"",""highway"":""footway""}"
"w1098437858","way","1098437858","1","2022-09-28T04:35:17Z","playable","roads_paths","LineString","line","","highway=footway","","","not_started","","","{""highway"":""footway""}"
"w1098437859","way","1098437859","1","2022-09-28T04:35:17Z","playable","roads_paths","LineString","line","","highway=footway","","","not_started","","","{""footway"":""sidewalk"",""highway"":""footway""}"
"w1098437860","way","1098437860","1","2022-09-28T04:35:17Z","playable","roads_paths","LineString","line","","highway=footway","","","not_started","","","{""footway"":""sidewalk"",""highway"":""footway""}"
"w1098437874","way","1098437874","1","2022-09-28T04:35:17Z","playable","roads_paths","LineString","line","","highway=footway","","","not_started","","","{""footway"":""sidewalk"",""highway"":""footway""}"
"w1098437875","way","1098437875","1","2022-09-28T04:35:17Z","playable","roads_paths","LineString","line","","highway=footway","","","not_started","","","{""highway"":""footway""}"
"w1098437876","way","1098437876","1","2022-09-28T04:35:17Z","playable","roads_paths","LineString","line","","highway=footway","","","not_started","","","{""footway"":""sidewalk"",""highway"":""footway""}"
"w1098437877","way","1098437877","2","2026-02-01T00:54:18Z","playable","roads_paths","LineString|MultiPolygon","line","","highway=footway","","","not_started","","","{""crossing"":""marked"",""crossing:markings"":""yes"",""footway"":""crossing"",""highway"":""footway""}"
"w1098437878","way","1098437878","1","2022-09-28T04:35:17Z","playable","roads_paths","LineString","line","","highway=footway","","","not_started","","","{""footway"":""sidewalk"",""highway"":""footway""}"
"w1098437880","way","1098437880","1","2022-09-28T04:35:17Z","playable","roads_paths","LineString","line","","highway=footway","","","not_started","","","{""footway"":""sidewalk"",""highway"":""footway""}"
"w1098437881","way","1098437881","1","2022-09-28T04:35:17Z","playable","roads_paths","LineString","line","","highway=footway","","","not_started","","","{""footway"":""sidewalk"",""highway"":""footway""}"
"w1098437882","way","1098437882","1","2022-09-28T04:35:17Z","playable","roads_paths","LineString","line","","highway=footway","","","not_started","","","{""crossing"":""marked"",""footway"":""crossing"",""highway"":""footway""}"
"w1098437883","way","1098437883","1","2022-09-28T04:35:17Z","playable","roads_paths","LineString","line","","highway=footway","","","not_started","","","{""crossing"":""marked"",""footway"":""crossing"",""highway"":""footway""}"
"w1098437884","way","1098437884","1","2022-09-28T04:35:17Z","playable","roads_paths","LineString","line","","highway=footway","","","not_started","","","{""crossing"":""marked"",""footway"":""crossing"",""highway"":""footway""}"
"w1098437885","way","1098437885","2","2024-08-15T16:08:02Z","playable","roads_paths","LineString","line","","highway=footway","","","not_started","","","{""footway"":""sidewalk"",""highway"":""footway""}"
"w1098437886","way","1098437886","2","2024-08-15T16:08:02Z","playable","roads_paths","LineString","line","","highway=footway","","","not_started","","","{""footway"":""sidewalk"",""highway"":""footway""}"
"w1098437887","way","1098437887","2","2024-08-15T16:08:02Z","playable","roads_paths","LineString","line","","highway=footway","","","not_started","","","{""crossing"":""marked"",""crossing:island"":""no"",""crossing:markings"":""lines"",""footway"":""crossing"",""highway"":""footway""}"
"w1098437888","way","1098437888","2","2026-01-31T18:57:13Z","playable","roads_paths","LineString|MultiPolygon","line","","highway=footway","","","not_started","","","{""crossing"":""marked"",""crossing:markings"":""yes"",""footway"":""crossing"",""highway"":""footway""}"
"w1098437889","way","1098437889","2","2026-02-01T00:54:18Z","playable","roads_paths","LineString","line","","highway=footway","","","not_started","","","{""crossing"":""marked"",""crossing:markings"":""yes"",""footway"":""crossing"",""highway"":""footway""}"
"w1098437890","way","1098437890","1","2022-09-28T04:35:17Z","playable","roads_paths","LineString","line","","highway=footway","","","not_started","","","{""crossing"":""marked"",""footway"":""crossing"",""highway"":""footway""}"
"w1098437891","way","1098437891","1","2022-09-28T04:35:17Z","playable","roads_paths","LineString","line","","highway=footway","","","not_started","","","{""crossing"":""marked"",""footway"":""crossing"",""highway"":""footway""}"
"w1098437892","way","1098437892","1","2022-09-28T04:35:17Z","playable","roads_paths","LineString","line","","highway=footway","","","not_started","","","{""crossing"":""marked"",""footway"":""crossing"",""highway"":""footway""}"
"w1115934722","way","1115934722","6","2026-06-15T14:02:41Z","playable","roads_paths","LineString","line","Treasure Island Road","highway=tertiary","","","not_started","","","{""cycleway:right"":""track"",""highway"":""tertiary"",""lanes"":""2"",""maxspeed"":""25 mph"",""name"":""Treasure Island Road"",""oneway"":""yes"",""surface"":""asphalt"",""turn:lanes"":""|right""}"
"w1115934723","way","1115934723","5","2025-10-08T21:35:57Z","playable","roads_paths","LineString","line","","highway=service","","","not_started","","","{""highway"":""service""}"
"w1115934724","way","1115934724","1","2022-11-21T07:58:51Z","playable","roads_paths","LineString","line","","highway=service","","","not_started","","","{""highway"":""service""}"
"w1144270956","way","1144270956","2","2026-02-01T00:54:18Z","playable","roads_paths","LineString","line","Avenue E","highway=residential","","","not_started","","","{""highway"":""residential"",""name"":""Avenue E"",""tiger:cfcc"":""A41"",""tiger:county"":""San Francisco, CA"",""tiger:name_base"":""Avenue E""}"
"w1158136791","way","1158136791","2","2026-01-31T18:57:13Z","playable","roads_paths","LineString","line","","highway=service","","","not_started","","","{""highway"":""service"",""service"":""parking_aisle""}"
"w1169705410","way","1169705410","3","2024-01-25T05:36:02Z","playable","roads_paths","LineString","line","","highway=footway","","","not_started","","","{""crossing"":""marked"",""crossing:markings"":""zebra"",""footway"":""crossing"",""highway"":""footway"",""surface"":""asphalt""}"
"w1169705411","way","1169705411","2","2023-10-01T06:02:16Z","playable","roads_paths","LineString","line","","highway=footway","","","not_started","","","{""highway"":""footway"",""surface"":""concrete""}"
"w1169705412","way","1169705412","2","2023-10-01T05:16:09Z","playable","roads_paths","LineString","line","","highway=footway","","","not_started","","","{""crossing"":""marked"",""crossing:markings"":""zebra"",""footway"":""crossing"",""highway"":""footway"",""surface"":""asphalt""}"
"w1169705413","way","1169705413","2","2023-10-01T05:16:09Z","playable","roads_paths","LineString","line","","highway=footway","","","not_started","","","{""crossing"":""marked"",""crossing:markings"":""lines"",""footway"":""crossing"",""highway"":""footway"",""surface"":""asphalt""}"
"w1197022260","way","1197022260","2","2026-01-31T18:57:13Z","playable","roads_paths","LineString","line","","highway=footway","","","not_started","","","{""highway"":""footway""}"
"w1212173425","way","1212173425","1","2023-10-01T05:16:09Z","playable","roads_paths","LineString","line","","highway=footway","","","not_started","","","{""highway"":""footway"",""surface"":""concrete""}"
"w1212173426","way","1212173426","1","2023-10-01T05:16:09Z","playable","roads_paths","LineString","line","","highway=footway","","","not_started","","","{""highway"":""footway"",""surface"":""concrete""}"
"w1212173427","way","1212173427","1","2023-10-01T05:16:09Z","playable","roads_paths","LineString","line","","highway=footway","","","not_started","","","{""highway"":""footway"",""surface"":""concrete""}"
"w1212173428","way","1212173428","1","2023-10-01T05:16:09Z","playable","roads_paths","LineString","line","","highway=footway","","","not_started","","","{""highway"":""footway"",""surface"":""concrete""}"
"w1212173429","way","1212173429","3","2025-04-06T04:37:54Z","playable","roads_paths","LineString","line","","highway=footway","","","not_started","","","{""footway"":""sidewalk"",""highway"":""footway"",""surface"":""concrete""}"
"w1212173431","way","1212173431","1","2023-10-01T05:16:09Z","playable","roads_paths","LineString","line","","highway=footway","","","not_started","","","{""highway"":""footway"",""surface"":""concrete""}"
"w1212173432","way","1212173432","2","2025-04-06T04:37:54Z","playable","roads_paths","LineString","line","","highway=footway","","","not_started","","","{""highway"":""footway"",""surface"":""concrete""}"
"w1212173433","way","1212173433","1","2023-10-01T05:16:09Z","playable","roads_paths","LineString","line","","highway=footway","","","not_started","","","{""footway"":""sidewalk"",""highway"":""footway"",""surface"":""concrete""}"
"w1212173434","way","1212173434","2","2025-04-06T04:37:54Z","playable","roads_paths","LineString","line","","highway=footway","","","not_started","","","{""footway"":""sidewalk"",""highway"":""footway"",""surface"":""concrete""}"
"w1212173435","way","1212173435","2","2025-04-06T04:37:54Z","playable","roads_paths","LineString","line","","highway=footway","","","not_started","","","{""footway"":""sidewalk"",""highway"":""footway"",""surface"":""concrete""}"
"w1212173436","way","1212173436","1","2023-10-01T05:16:09Z","playable","roads_paths","LineString","line","","highway=footway","","","not_started","","","{""highway"":""footway"",""surface"":""concrete""}"
"w1212173438","way","1212173438","2","2025-04-06T04:37:54Z","playable","roads_paths","LineString","line","","highway=footway","","","not_started","","","{""highway"":""footway"",""surface"":""concrete""}"
"w1212173439","way","1212173439","2","2025-04-06T04:37:54Z","playable","roads_paths","LineString","line","","highway=footway","","","not_started","","","{""highway"":""footway"",""surface"":""concrete""}"
"w1212173440","way","1212173440","3","2025-04-06T04:37:54Z","playable","roads_paths","LineString","line","","highway=footway","","","not_started","","","{""crossing"":""uncontrolled"",""crossing:markings"":""zebra"",""footway"":""crossing"",""highway"":""footway"",""surface"":""asphalt""}"
"w1212173441","way","1212173441","2","2025-04-06T04:37:54Z","playable","roads_paths","LineString","line","","highway=footway","","","not_started","","","{""footway"":""sidewalk"",""highway"":""footway"",""surface"":""concrete""}"
"w1212173442","way","1212173442","3","2025-04-06T04:37:54Z","playable","roads_paths","LineString","line","","highway=footway","","","not_started","","","{""footway"":""sidewalk"",""highway"":""footway"",""surface"":""concrete""}"
"w1212173443","way","1212173443","1","2023-10-01T05:16:09Z","playable","roads_paths","LineString","line","","highway=footway","","","not_started","","","{""highway"":""footway"",""surface"":""concrete""}"
"w1212173444","way","1212173444","5","2026-06-18T14:15:13Z","playable","roads_paths","LineString","line","","highway=footway","","","not_started","","","{""footway"":""sidewalk"",""highway"":""footway"",""surface"":""concrete""}"
"w1212173445","way","1212173445","1","2023-10-01T05:16:09Z","playable","roads_paths","LineString","line","","highway=footway","","","not_started","","","{""footway"":""sidewalk"",""highway"":""footway"",""surface"":""concrete""}"
"w1212173446","way","1212173446","2","2025-04-06T04:37:54Z","playable","roads_paths","LineString","line","","highway=footway","","","not_started","","","{""footway"":""sidewalk"",""highway"":""footway"",""surface"":""concrete""}"
"w1212173447","way","1212173447","2","2025-04-06T04:37:54Z","playable","roads_paths","LineString","line","","highway=footway","","","not_started","","","{""crossing"":""uncontrolled"",""crossing:markings"":""zebra"",""footway"":""crossing"",""highway"":""footway"",""surface"":""asphalt""}"
"w1212173448","way","1212173448","4","2025-03-23T16:25:59Z","playable","roads_paths","LineString","line","Seven Seas Avenue","highway=unclassified","","","not_started","","","{""cycleway:both"":""lane"",""highway"":""unclassified"",""lanes"":""2"",""name"":""Seven Seas Avenue"",""oneway"":""no"",""surface"":""asphalt""}"
"w1212173449","way","1212173449","1","2023-10-01T05:16:09Z","playable","roads_paths","LineString","line","","highway=footway","","","not_started","","","{""highway"":""footway"",""surface"":""concrete""}"
"w1212173450","way","1212173450","3","2025-09-08T21:18:15Z","playable","roads_paths","LineString","line","Waterfront Plaza","highway=footway","","","not_started","","","{""crossing"":""traffic_signals"",""crossing:markings"":""zebra"",""footway"":""crossing"",""highway"":""footway"",""name"":""Waterfront Plaza"",""surface"":""concrete""}"
"w1212173451","way","1212173451","2","2025-09-08T21:18:15Z","playable","roads_paths","LineString","line","","highway=footway","","","not_started","","","{""crossing"":""marked"",""crossing:markings"":""zebra"",""footway"":""crossing"",""highway"":""footway"",""surface"":""asphalt""}"
"w1212173452","way","1212173452","3","2025-10-08T21:35:57Z","playable","roads_paths","LineString","line","","highway=footway","","","not_started","","","{""footway"":""sidewalk"",""highway"":""footway"",""surface"":""paved""}"
"w1212173453","way","1212173453","3","2025-10-08T21:35:57Z","playable","roads_paths","LineString","line","","highway=footway","","","not_started","","","{""footway"":""sidewalk"",""highway"":""footway"",""surface"":""concrete""}"
"w1212173454","way","1212173454","2","2025-09-08T21:18:15Z","playable","roads_paths","LineString","line","","highway=footway","","","not_started","","","{""footway"":""sidewalk"",""highway"":""footway"",""surface"":""concrete""}"
"w1212173455","way","1212173455","2","2025-09-08T21:18:15Z","playable","roads_paths","LineString","line","","highway=footway","","","not_started","","","{""crossing"":""traffic_signals"",""crossing:markings"":""zebra"",""crossing:signals"":""yes"",""footway"":""crossing"",""highway"":""footway"",""surface"":""asphalt""}"
"w1212173456","way","1212173456","5","2026-06-15T14:02:41Z","playable","roads_paths","LineString","line","","highway=footway","","","not_started","","","{""footway"":""sidewalk"",""highway"":""footway"",""surface"":""concrete""}"
"w1212173457","way","1212173457","2","2023-11-10T14:42:09Z","playable","roads_paths","LineString","line","","highway=footway","","","not_started","","","{""highway"":""footway"",""surface"":""asphalt""}"
"w1212173458","way","1212173458","2","2023-11-10T14:42:09Z","playable","roads_paths","LineString","line","","highway=footway","","","not_started","","","{""highway"":""footway"",""surface"":""asphalt""}"
"w1212173459","way","1212173459","3","2025-10-08T21:35:57Z","playable","roads_paths","LineString","line","","highway=footway","","","not_started","","","{""footway"":""sidewalk"",""highway"":""footway"",""surface"":""asphalt""}"
"w1212173460","way","1212173460","5","2025-10-08T21:35:57Z","playable","roads_paths","LineString","line","","highway=footway","","","not_started","","","{""footway"":""sidewalk"",""highway"":""footway"",""surface"":""paved""}"
"w1212173461","way","1212173461","4","2025-10-08T21:35:57Z","playable","roads_paths","LineString","line","","highway=footway","","","not_started","","","{""crossing"":""uncontrolled"",""crossing:markings"":""zebra"",""footway"":""crossing"",""highway"":""footway"",""surface"":""asphalt""}"
"w1212173462","way","1212173462","3","2025-09-09T21:04:05Z","playable","roads_paths","LineString","line","","highway=footway","","","not_started","","","{""footway"":""sidewalk"",""highway"":""footway"",""surface"":""concrete""}"
"w1212173463","way","1212173463","2","2025-03-23T16:25:59Z","playable","roads_paths","LineString","line","","highway=cycleway","","","not_started","","","{""bicycle"":""designated"",""crossing"":""traffic_signals"",""crossing:island"":""no"",""crossing:markings"":""zebra"",""cycleway"":""crossing"",""foot"":""designated"",""highway"":""cycleway"",""surface"":""asphalt""}"
"w1212173464","way","1212173464","2","2025-09-08T21:18:15Z","playable","roads_paths","LineString","line","","highway=footway","","","not_started","","","{""footway"":""sidewalk"",""highway"":""footway"",""surface"":""concrete""}"
"w1212173465","way","1212173465","3","2025-11-07T16:10:21Z","playable","roads_paths","LineString","line","","highway=footway","","","not_started","","","{""crossing"":""uncontrolled"",""crossing:markings"":""zebra"",""crossing:signals"":""no"",""footway"":""crossing"",""highway"":""footway"",""surface"":""concrete""}"
"w1212173466","way","1212173466","6","2026-06-18T14:15:13Z","playable","roads_paths","LineString","line","","highway=footway","","","not_started","","","{""footway"":""sidewalk"",""highway"":""footway"",""surface"":""concrete""}"
"w1212173467","way","1212173467","4","2025-09-08T21:18:15Z","playable","roads_paths","LineString","line","","highway=cycleway","","","not_started","","","{""highway"":""cycleway"",""oneway"":""no"",""surface"":""asphalt""}"
"w1212173470","way","1212173470","4","2026-06-18T14:15:13Z","playable","roads_paths","LineString","line","","highway=footway","","","not_started","","","{""bicycle"":""permissive"",""cycleway"":""lane"",""highway"":""footway"",""motor_vehicle"":""no"",""surface"":""asphalt"",""tiger:cfcc"":""A41"",""tiger:county"":""San Francisco, CA"",""tiger:name_base"":""Avenue of the Palms""}"
"w1212173471","way","1212173471","5","2026-06-18T14:15:13Z","playable","roads_paths","LineString","line","","highway=cycleway","","","not_started","","","{""access"":""no"",""bicycle"":""designated"",""cycleway"":""lane"",""foot"":""designated"",""highway"":""cycleway"",""smoothness"":""excellent"",""surface"":""concrete"",""tiger:cfcc"":""A41"",""tiger:county"":""San Francisco, CA"",""tiger:name_base"":""Avenue of the Palms""}"
"w1212176121","way","1212176121","2","2024-08-30T15:19:47Z","playable","roads_paths","LineString","line","9th Street","highway=tertiary","","","not_started","","","{""cycleway"":""lane"",""highway"":""tertiary"",""name"":""9th Street"",""tiger:cfcc"":""A41"",""tiger:county"":""San Francisco, CA"",""tiger:name_base"":""9th"",""tiger:name_type"":""St""}"
"w1212176122","way","1212176122","8","2026-01-31T18:57:13Z","playable","roads_paths","LineString","line","Bruton Street","highway=residential","","","not_started","","","{""access"":""yes"",""highway"":""residential"",""name"":""Bruton Street"",""surface"":""asphalt""}"
"w1212176123","way","1212176123","2","2024-02-12T08:36:58Z","playable","roads_paths","LineString","line","Clipper Cove Way","highway=unclassified","","","not_started","","","{""cycleway:left"":""lane"",""cycleway:right"":""no"",""highway"":""unclassified"",""name"":""Clipper Cove Way"",""oneway"":""no"",""surface"":""asphalt""}"
"w1212176708","way","1212176708","2","2025-04-06T04:37:54Z","playable","roads_paths","LineString","line","","highway=footway","","","not_started","","","{""footway"":""sidewalk"",""highway"":""footway"",""surface"":""concrete""}"
"w1222505189","way","1222505189","4","2026-05-11T11:22:38Z","playable","roads_paths","LineString","line","","highway=service","","","not_started","","","{""access"":""private"",""foot"":""no"",""highway"":""service"",""oneway"":""no""}"
"w1222505190","way","1222505190","2","2026-02-01T00:54:18Z","playable","roads_paths","LineString","line","","highway=service","","","not_started","","","{""highway"":""service""}"
"w1222514694","way","1222514694","4","2025-03-23T16:25:59Z","playable","roads_paths","LineString","line","Waterfront Plaza","highway=footway","","","not_started","","","{""bicycle"":""dismount"",""highway"":""footway"",""name"":""Waterfront Plaza""}"
"w1242725087","way","1242725087","1","2024-01-25T05:36:02Z","playable","roads_paths","LineString","line","","highway=cycleway","","","not_started","","","{""highway"":""cycleway"",""oneway"":""yes""}"
"w1242725088","way","1242725088","2","2025-04-06T04:37:54Z","playable","roads_paths","LineString","line","","highway=cycleway","","","not_started","","","{""highway"":""cycleway"",""oneway"":""yes""}"
"w1242725089","way","1242725089","1","2024-01-25T05:36:02Z","playable","roads_paths","LineString","line","","highway=cycleway","","","not_started","","","{""highway"":""cycleway"",""oneway"":""yes""}"
"w1246235705","way","1246235705","5","2026-02-01T00:54:18Z","playable","roads_paths","LineString","line","4th Street","highway=residential","","","not_started","","","{""access"":""private"",""highway"":""residential"",""maxspeed"":""10 mph"",""name"":""4th Street"",""surface"":""asphalt"",""tiger:cfcc"":""A41"",""tiger:county"":""San Francisco, CA"",""tiger:name_base"":""4th"",""tiger:name_type"":""St""}"
"w1248964738","way","1248964738","4","2026-06-15T14:02:41Z","playable","roads_paths","LineString","line","","highway=cycleway","","","not_started","","","{""highway"":""cycleway"",""oneway"":""yes""}"
"w1248964740","way","1248964740","3","2026-06-15T14:02:41Z","playable","roads_paths","LineString","line","","highway=footway","","","not_started","","","{""footway"":""sidewalk"",""highway"":""footway"",""surface"":""concrete""}"
"w1248964742","way","1248964742","4","2026-06-15T14:02:41Z","playable","roads_paths","LineString","line","Treasure Island Road","highway=tertiary","","","not_started","","","{""bus:lanes"":""yes|designated"",""cycleway:right"":""separate"",""highway"":""tertiary"",""lanes"":""2"",""maxspeed"":""25 mph"",""motor_vehicle:lanes"":""yes|no"",""name"":""Treasure Island Road"",""oneway"":""yes"",""surface"":""asphalt"",""tiger:cfcc"":""A41"",""tiger:county"":""San Francisco, CA"",""tiger:name_base"":""Treasure Island"",""tiger:name_type"":""Rd""}"
"w1248964743","way","1248964743","2","2026-01-30T17:08:03Z","playable","roads_paths","LineString","line","","highway=footway","","","not_started","","","{""highway"":""footway"",""surface"":""paved""}"
"w1248964744","way","1248964744","3","2026-06-18T14:15:13Z","playable","roads_paths","LineString","line","","highway=cycleway","","","not_started","","","{""bicycle"":""designated"",""foot"":""designated"",""highway"":""cycleway"",""smoothness"":""excellent"",""surface"":""concrete""}"
"w1248964745","way","1248964745","2","2025-03-23T16:25:59Z","playable","roads_paths","LineString","line","","highway=footway","","","not_started","","","{""highway"":""footway"",""surface"":""concrete""}"
"w1249412095","way","1249412095","5","2026-01-31T18:57:13Z","playable","roads_paths","LineString","line","Garden Walk","highway=pedestrian","","","not_started","","","{""highway"":""pedestrian"",""name"":""Garden Walk"",""surface"":""concrete""}"
"w1249412096","way","1249412096","5","2026-01-31T18:57:13Z","playable","roads_paths","LineString","line","Garden Walk","highway=pedestrian","","","not_started","","","{""highway"":""pedestrian"",""name"":""Garden Walk"",""surface"":""concrete""}"
"w1249412098","way","1249412098","1","2024-02-12T08:36:58Z","playable","roads_paths","LineString","line","","highway=footway","","","not_started","","","{""highway"":""footway"",""surface"":""concrete""}"
"w1249412099","way","1249412099","2","2025-09-17T10:08:25Z","playable","roads_paths","LineString","line","","highway=footway","","","not_started","","","{""footway"":""sidewalk"",""highway"":""footway"",""surface"":""concrete""}"
"w1249412100","way","1249412100","1","2024-02-12T08:36:58Z","playable","roads_paths","LineString","line","","highway=footway","","","not_started","","","{""highway"":""footway"",""surface"":""concrete""}"
"w1249412102","way","1249412102","3","2025-03-23T16:25:59Z","playable","roads_paths","LineString","line","","highway=footway","","","not_started","","","{""crossing"":""traffic_signals"",""footway"":""crossing"",""highway"":""footway"",""surface"":""asphalt""}"
"w1249412103","way","1249412103","1","2024-02-12T08:36:58Z","playable","roads_paths","LineString","line","","highway=footway","","","not_started","","","{""crossing"":""traffic_signals"",""footway"":""crossing"",""highway"":""footway"",""surface"":""asphalt""}"
"w1249412104","way","1249412104","1","2024-02-12T08:36:58Z","playable","roads_paths","LineString","line","","highway=footway","","","not_started","","","{""highway"":""footway"",""surface"":""concrete""}"
"w1249412105","way","1249412105","1","2024-02-12T08:36:58Z","playable","roads_paths","LineString","line","","highway=footway","","","not_started","","","{""highway"":""footway"",""surface"":""concrete""}"
"w1249412106","way","1249412106","1","2024-02-12T08:36:58Z","playable","roads_paths","LineString","line","","highway=footway","","","not_started","","","{""highway"":""footway"",""surface"":""concrete""}"
"w1249412107","way","1249412107","1","2024-02-12T08:36:58Z","playable","roads_paths","LineString","line","","highway=footway","","","not_started","","","{""highway"":""footway"",""surface"":""concrete""}"
"w1249412108","way","1249412108","1","2024-02-12T08:36:58Z","playable","roads_paths","LineString","line","","highway=footway","","","not_started","","","{""crossing"":""uncontrolled"",""footway"":""crossing"",""highway"":""footway"",""surface"":""concrete""}"
"w1249412109","way","1249412109","1","2024-02-12T08:36:58Z","playable","roads_paths","LineString","line","","highway=footway","","","not_started","","","{""crossing"":""uncontrolled"",""footway"":""crossing"",""highway"":""footway"",""surface"":""concrete""}"
"w1249412110","way","1249412110","2","2025-03-23T16:25:59Z","playable","roads_paths","LineString","line","","highway=footway","","","not_started","","","{""crossing"":""uncontrolled"",""footway"":""crossing"",""highway"":""footway"",""surface"":""concrete""}"
"w1249412111","way","1249412111","1","2024-02-12T08:36:58Z","playable","roads_paths","LineString","line","","highway=footway","","","not_started","","","{""highway"":""footway"",""surface"":""concrete""}"
"w1249412112","way","1249412112","2","2025-09-08T21:18:15Z","playable","roads_paths","LineString","line","","highway=footway","","","not_started","","","{""crossing"":""traffic_signals"",""crossing:markings"":""zebra"",""crossing:signals"":""yes"",""footway"":""crossing"",""highway"":""footway"",""surface"":""asphalt""}"
"w1249412113","way","1249412113","3","2025-03-23T16:25:59Z","playable","roads_paths","LineString","line","","highway=footway","","","not_started","","","{""footway"":""sidewalk"",""highway"":""footway"",""surface"":""concrete""}"
"w1249412114","way","1249412114","1","2024-02-12T08:36:58Z","playable","roads_paths","LineString","line","","highway=footway","","","not_started","","","{""footway"":""sidewalk"",""highway"":""footway"",""surface"":""concrete""}"
"w1249412115","way","1249412115","1","2024-02-12T08:36:58Z","playable","roads_paths","LineString","line","","highway=footway","","","not_started","","","{""footway"":""sidewalk"",""highway"":""footway"",""surface"":""concrete""}"
"w1249412116","way","1249412116","1","2024-02-12T08:36:58Z","playable","roads_paths","LineString","line","","highway=footway","","","not_started","","","{""footway"":""sidewalk"",""highway"":""footway"",""surface"":""concrete""}"
"w1249412117","way","1249412117","1","2024-02-12T08:36:58Z","playable","roads_paths","LineString","line","","highway=footway","","","not_started","","","{""footway"":""sidewalk"",""highway"":""footway"",""surface"":""concrete""}"
"w1249412118","way","1249412118","2","2025-09-08T21:18:15Z","playable","roads_paths","LineString","line","","highway=footway","","","not_started","","","{""crossing"":""traffic_signals"",""crossing:markings"":""zebra"",""crossing:signals"":""yes"",""footway"":""crossing"",""highway"":""footway"",""surface"":""asphalt""}"
"w1249412119","way","1249412119","2","2025-09-08T21:18:15Z","playable","roads_paths","LineString","line","","highway=footway","","","not_started","","","{""crossing"":""traffic_signals"",""crossing:markings"":""zebra"",""crossing:signals"":""yes"",""footway"":""crossing"",""highway"":""footway"",""surface"":""asphalt""}"
"w1249412120","way","1249412120","2","2025-09-08T21:18:15Z","playable","roads_paths","LineString","line","","highway=footway","","","not_started","","","{""crossing"":""traffic_signals"",""crossing:markings"":""zebra"",""crossing:signals"":""yes"",""footway"":""crossing"",""highway"":""footway"",""surface"":""asphalt""}"
"w1249412121","way","1249412121","2","2025-09-08T21:18:15Z","playable","roads_paths","LineString","line","","highway=footway","","","not_started","","","{""footway"":""sidewalk"",""highway"":""footway"",""surface"":""concrete""}"
"w1249412122","way","1249412122","2","2025-09-08T21:18:15Z","playable","roads_paths","LineString","line","","highway=footway","","","not_started","","","{""footway"":""sidewalk"",""highway"":""footway"",""surface"":""concrete""}"
"w1249412123","way","1249412123","2","2025-09-08T21:18:15Z","playable","roads_paths","LineString","line","","highway=footway","","","not_started","","","{""footway"":""sidewalk"",""highway"":""footway"",""surface"":""concrete""}"
"w1249412124","way","1249412124","2","2025-09-08T21:18:15Z","playable","roads_paths","LineString","line","","highway=footway","","","not_started","","","{""footway"":""sidewalk"",""highway"":""footway"",""surface"":""asphalt""}"
"w1249412125","way","1249412125","2","2025-09-08T21:18:15Z","playable","roads_paths","LineString","line","","highway=footway","","","not_started","","","{""crossing"":""traffic_signals"",""crossing:markings"":""zebra"",""crossing:signals"":""yes"",""footway"":""crossing"",""highway"":""footway"",""surface"":""asphalt""}"
"w1249412126","way","1249412126","2","2025-09-08T21:18:15Z","playable","roads_paths","LineString","line","","highway=footway","","","not_started","","","{""crossing"":""traffic_signals"",""crossing:markings"":""zebra"",""crossing:signals"":""yes"",""footway"":""crossing"",""highway"":""footway"",""surface"":""asphalt""}"
"w1249797943","way","1249797943","1","2024-02-13T05:43:58Z","playable","roads_paths","LineString","line","Treasure Island Road","highway=tertiary","","","not_started","","","{""cycleway:right"":""separate"",""highway"":""tertiary"",""lanes"":""1"",""maxspeed"":""25 mph"",""name"":""Treasure Island Road"",""oneway"":""yes"",""surface"":""asphalt"",""tiger:cfcc"":""A41"",""tiger:county"":""San Francisco, CA"",""tiger:name_base"":""Treasure Island"",""tiger:name_type"":""Rd""}"
"w1249797944","way","1249797944","2","2025-03-23T16:25:59Z","playable","roads_paths","LineString","line","Treasure Island Road","highway=tertiary","","","not_started","","","{""bus:lanes:backward"":""|designated"",""cycleway:left"":""no"",""cycleway:right"":""lane"",""highway"":""tertiary"",""lanes"":""3"",""lanes:backward"":""2"",""lanes:forward"":""1"",""name"":""Treasure Island Road"",""placement:forward"":""left_of:1"",""tiger:cfcc"":""A41"",""tiger:county"":""San Francisco, CA"",""tiger:name_base"":""Avenue of the Palms""}"
"w1249797945","way","1249797945","2","2025-03-23T16:25:59Z","playable","roads_paths","LineString","line","Treasure Island Road","highway=tertiary","","","not_started","","","{""cycleway:left"":""no"",""cycleway:right"":""lane"",""highway"":""tertiary"",""lanes"":""2"",""name"":""Treasure Island Road"",""tiger:cfcc"":""A41"",""tiger:county"":""San Francisco, CA"",""tiger:name_base"":""Avenue of the Palms""}"
"w1249797946","way","1249797946","2","2026-02-01T00:54:18Z","playable","roads_paths","LineString","line","Trade Winds Avenue","highway=tertiary","","","not_started","","","{""cycleway:left"":""separate"",""cycleway:right"":""lane"",""highway"":""tertiary"",""lanes"":""3"",""lanes:backward"":""1"",""lanes:forward"":""2"",""maxspeed"":""25 mph"",""name"":""Trade Winds Avenue"",""tiger:cfcc"":""A41"",""tiger:county"":""San Francisco, CA"",""tiger:name_base"":""California"",""tiger:name_type"":""Ave"",""turn:lanes:forward"":""left|""}"
"w1252737727","way","1252737727","3","2026-02-01T00:54:18Z","playable","roads_paths","LineString","line","Avenue H","highway=tertiary","","","not_started","","","{""access"":""no"",""highway"":""tertiary"",""name"":""Avenue H"",""tiger:cfcc"":""A41"",""tiger:county"":""San Francisco, CA"",""tiger:name_base"":""Avenue H""}"
"w1252737728","way","1252737728","1","2024-02-20T05:25:18Z","playable","roads_paths","LineString","line","Avenue I","highway=service","","","not_started","","","{""highway"":""service"",""name"":""Avenue I"",""service"":""driveway""}"
"w1252737729","way","1252737729","2","2024-02-20T05:32:37Z","playable","roads_paths","LineString","line","California Avenue","highway=residential","","","not_started","","","{""highway"":""residential"",""name"":""California Avenue"",""surface"":""asphalt"",""tiger:cfcc"":""A41"",""tiger:county"":""San Francisco, CA"",""tiger:name_base"":""California"",""tiger:name_type"":""Ave""}"
"w1252737730","way","1252737730","1","2024-02-20T05:25:18Z","playable","roads_paths","LineString","line","","highway=footway","","","not_started","","","{""footway"":""sidewalk"",""highway"":""footway""}"
"w1252737731","way","1252737731","2","2026-02-01T00:54:18Z","playable","roads_paths","LineString","line","","highway=service","","","not_started","","","{""access"":""private"",""highway"":""service"",""surface"":""asphalt""}"
"w1252737735","way","1252737735","3","2026-02-01T00:54:18Z","playable","roads_paths","LineString","line","5th Street","highway=residential","","","not_started","","","{""access"":""private"",""highway"":""residential"",""name"":""5th Street"",""tiger:cfcc"":""A41"",""tiger:county"":""San Francisco, CA"",""tiger:name_base"":""5th"",""tiger:name_type"":""St""}"
"w1252737736","way","1252737736","1","2024-02-20T05:25:18Z","playable","roads_paths","LineString","line","","highway=service","","","not_started","","","{""highway"":""service"",""service"":""parking_aisle""}"
"w1252737737","way","1252737737","1","2024-02-20T05:25:18Z","playable","roads_paths","LineString","line","","highway=service","","","not_started","","","{""highway"":""service"",""service"":""parking_aisle""}"
"w1252737753","way","1252737753","2","2026-02-01T00:54:18Z","playable","roads_paths","LineString","line","","highway=service","","","not_started","","","{""access"":""private"",""highway"":""service""}"
"w1252738864","way","1252738864","1","2024-02-20T05:32:37Z","playable","roads_paths","LineString","line","4th Street","highway=residential","","","not_started","","","{""access"":""private"",""highway"":""residential"",""maxspeed"":""10 mph"",""name"":""4th Street"",""oneway"":""yes"",""tiger:cfcc"":""A41"",""tiger:county"":""San Francisco, CA"",""tiger:name_base"":""4th"",""tiger:name_type"":""St""}"
"w1252738865","way","1252738865","3","2026-02-01T00:54:18Z","playable","roads_paths","LineString","line","4th Street","highway=residential","","","not_started","","","{""access"":""private"",""highway"":""residential"",""maxspeed"":""10 mph"",""name"":""4th Street"",""oneway"":""yes"",""surface"":""asphalt"",""tiger:cfcc"":""A41"",""tiger:county"":""San Francisco, CA"",""tiger:name_base"":""4th"",""tiger:name_type"":""St""}"
"w1252738866","way","1252738866","3","2026-02-01T00:54:18Z","playable","roads_paths","LineString","line","5th Street","highway=residential","","","not_started","","","{""highway"":""residential"",""name"":""5th Street"",""tiger:cfcc"":""A41"",""tiger:county"":""San Francisco, CA"",""tiger:name_base"":""5th"",""tiger:name_type"":""St""}"
"w1307987453","way","1307987453","1","2024-08-15T16:08:02Z","playable","roads_paths","LineString","line","","highway=footway","","","not_started","","","{""crossing"":""marked"",""crossing:island"":""no"",""crossing:markings"":""lines"",""footway"":""crossing"",""highway"":""footway""}"
"w1369812234","way","1369812234","2","2025-03-23T16:25:59Z","playable","roads_paths","LineString","line","","highway=footway","","","not_started","","","{""bicycle"":""yes"",""highway"":""footway"",""surface"":""asphalt""}"
"w1370667321","way","1370667321","1","2025-03-23T16:25:59Z","playable","roads_paths","LineString","line","","highway=footway","","","not_started","","","{""crossing"":""traffic_signals"",""crossing:markings"":""zebra"",""footway"":""crossing"",""highway"":""footway"",""surface"":""asphalt""}"
"w1370667322","way","1370667322","1","2025-03-23T16:25:59Z","playable","roads_paths","LineString","line","","highway=service","","","not_started","","","{""highway"":""service"",""service"":""driveway"",""surface"":""concrete""}"
"w1370667325","way","1370667325","3","2026-06-18T14:15:13Z","playable","roads_paths","LineString","line","","highway=footway","","","not_started","","","{""highway"":""footway"",""surface"":""concrete""}"
"w1370667326","way","1370667326","2","2025-04-06T04:37:54Z","playable","roads_paths","LineString","line","","highway=footway","","","not_started","","","{""footway"":""sidewalk"",""highway"":""footway"",""surface"":""concrete""}"
"w1370667327","way","1370667327","2","2025-04-06T04:37:54Z","playable","roads_paths","LineString","line","","highway=footway","","","not_started","","","{""crossing"":""unmarked"",""crossing:markings"":""no"",""footway"":""crossing"",""highway"":""footway"",""surface"":""concrete""}"
"w1370667328","way","1370667328","1","2025-03-23T16:25:59Z","playable","roads_paths","LineString","line","","highway=footway","","","not_started","","","{""footway"":""sidewalk"",""highway"":""footway"",""surface"":""concrete""}"
"w1370667329","way","1370667329","1","2025-03-23T16:25:59Z","playable","roads_paths","LineString","line","","highway=footway","","","not_started","","","{""highway"":""footway"",""surface"":""concrete""}"
"w1370667330","way","1370667330","1","2025-03-23T16:25:59Z","playable","roads_paths","LineString","line","","highway=footway","","","not_started","","","{""highway"":""footway"",""surface"":""concrete""}"
"w1370667331","way","1370667331","1","2025-03-23T16:25:59Z","playable","roads_paths","LineString","line","","highway=footway","","","not_started","","","{""highway"":""footway"",""surface"":""concrete""}"
"w1370667332","way","1370667332","1","2025-03-23T16:25:59Z","playable","roads_paths","LineString","line","","highway=footway","","","not_started","","","{""highway"":""footway"",""surface"":""concrete""}"
"w1370667333","way","1370667333","1","2025-03-23T16:25:59Z","playable","roads_paths","LineString","line","","highway=footway","","","not_started","","","{""crossing"":""uncontrolled"",""crossing:island"":""no"",""crossing:markings"":""zebra"",""footway"":""crossing"",""highway"":""footway"",""surface"":""asphalt""}"
"w1370667334","way","1370667334","1","2025-03-23T16:25:59Z","playable","roads_paths","LineString","line","","highway=footway","","","not_started","","","{""crossing"":""uncontrolled"",""crossing:island"":""no"",""crossing:markings"":""zebra"",""footway"":""crossing"",""highway"":""footway"",""surface"":""asphalt""}"
"w1370667335","way","1370667335","1","2025-03-23T16:25:59Z","playable","roads_paths","LineString","line","","highway=cycleway","","","not_started","","","{""bicycle"":""designated"",""foot"":""designated"",""highway"":""cycleway"",""smoothness"":""excellent"",""surface"":""asphalt""}"
"w1370667337","way","1370667337","1","2025-03-23T16:25:59Z","playable","roads_paths","LineString","line","","highway=footway","","","not_started","","","{""highway"":""footway"",""surface"":""concrete""}"
"w1370667338","way","1370667338","1","2025-03-23T16:25:59Z","playable","roads_paths","LineString","line","","highway=footway","","","not_started","","","{""highway"":""footway"",""surface"":""concrete""}"
"w1370667339","way","1370667339","1","2025-03-23T16:25:59Z","playable","roads_paths","LineString","line","","highway=footway","","","not_started","","","{""highway"":""footway"",""surface"":""concrete""}"
"w1370667340","way","1370667340","1","2025-03-23T16:25:59Z","playable","roads_paths","LineString","line","","highway=footway","","","not_started","","","{""highway"":""footway"",""surface"":""concrete""}"
"w1370667341","way","1370667341","1","2025-03-23T16:25:59Z","playable","roads_paths","LineString","line","","highway=footway","","","not_started","","","{""highway"":""footway"",""surface"":""concrete""}"
"w1370667342","way","1370667342","1","2025-03-23T16:25:59Z","playable","roads_paths","LineString","line","","highway=footway","","","not_started","","","{""highway"":""footway"",""surface"":""concrete""}"
"w1370667343","way","1370667343","1","2025-03-23T16:25:59Z","playable","roads_paths","LineString","line","","highway=footway","","","not_started","","","{""highway"":""footway"",""surface"":""concrete""}"
"w1375156122","way","1375156122","1","2025-04-06T04:37:54Z","playable","roads_paths","LineString","line","","highway=footway","","","not_started","","","{""crossing"":""unmarked"",""crossing:markings"":""no"",""footway"":""crossing"",""highway"":""footway"",""surface"":""concrete""}"
"w1375156123","way","1375156123","1","2025-04-06T04:37:54Z","playable","roads_paths","LineString","line","","highway=footway","","","not_started","","","{""footway"":""sidewalk"",""highway"":""footway"",""surface"":""concrete""}"
"w1375156124","way","1375156124","1","2025-04-06T04:37:54Z","playable","roads_paths","LineString","line","","highway=footway","","","not_started","","","{""crossing"":""uncontrolled"",""crossing:island"":""no"",""crossing:markings"":""zebra"",""footway"":""crossing"",""highway"":""footway"",""surface"":""concrete""}"
"w1375156125","way","1375156125","1","2025-04-06T04:37:54Z","playable","roads_paths","LineString","line","","highway=footway","","","not_started","","","{""crossing"":""uncontrolled"",""crossing:island"":""no"",""crossing:markings"":""zebra"",""footway"":""crossing"",""highway"":""footway"",""surface"":""concrete""}"
"w1375156126","way","1375156126","1","2025-04-06T04:37:54Z","playable","roads_paths","LineString","line","","highway=footway","","","not_started","","","{""highway"":""footway"",""surface"":""concrete""}"
"w1375156127","way","1375156127","1","2025-04-06T04:37:54Z","playable","roads_paths","LineString","line","","highway=footway","","","not_started","","","{""highway"":""footway"",""surface"":""concrete""}"
"w1375156128","way","1375156128","1","2025-04-06T04:37:54Z","playable","roads_paths","LineString","line","","highway=footway","","","not_started","","","{""highway"":""footway"",""surface"":""concrete""}"
"w1375156129","way","1375156129","1","2025-04-06T04:37:54Z","playable","roads_paths","LineString","line","","highway=footway","","","not_started","","","{""highway"":""footway"",""surface"":""concrete""}"
"w1375156130","way","1375156130","1","2025-04-06T04:37:54Z","playable","roads_paths","LineString","line","","highway=footway","","","not_started","","","{""footway"":""sidewalk"",""highway"":""footway"",""surface"":""concrete""}"
"w1375156131","way","1375156131","1","2025-04-06T04:37:54Z","playable","roads_paths","LineString","line","","highway=footway","","","not_started","","","{""crossing"":""unmarked"",""crossing:markings"":""no"",""footway"":""crossing"",""highway"":""footway"",""surface"":""concrete""}"
"w1375156132","way","1375156132","1","2025-04-06T04:37:54Z","playable","roads_paths","LineString","line","","highway=footway","","","not_started","","","{""highway"":""footway"",""surface"":""concrete""}"
"w1375156133","way","1375156133","1","2025-04-06T04:37:54Z","playable","roads_paths","LineString","line","","highway=footway","","","not_started","","","{""crossing"":""uncontrolled"",""crossing:markings"":""zebra"",""footway"":""crossing"",""highway"":""footway"",""surface"":""asphalt""}"
"w1375156134","way","1375156134","1","2025-04-06T04:37:54Z","playable","roads_paths","LineString","line","","highway=footway","","","not_started","","","{""footway"":""sidewalk"",""highway"":""footway"",""surface"":""concrete""}"
"w1375156135","way","1375156135","1","2025-04-06T04:37:54Z","playable","roads_paths","LineString","line","","highway=footway","","","not_started","","","{""crossing"":""uncontrolled"",""crossing:markings"":""zebra"",""footway"":""crossing"",""highway"":""footway"",""surface"":""asphalt""}"
"w1375156136","way","1375156136","1","2025-04-06T04:37:54Z","playable","roads_paths","LineString","line","","highway=footway","","","not_started","","","{""crossing"":""uncontrolled"",""crossing:markings"":""zebra"",""footway"":""crossing"",""highway"":""footway"",""surface"":""asphalt""}"
"w1375156137","way","1375156137","1","2025-04-06T04:37:54Z","playable","roads_paths","LineString","line","","highway=footway","","","not_started","","","{""highway"":""footway"",""surface"":""concrete""}"
"w1375156138","way","1375156138","1","2025-04-06T04:37:54Z","playable","roads_paths","LineString","line","","highway=footway","","","not_started","","","{""highway"":""footway"",""surface"":""concrete""}"
"w1375156139","way","1375156139","1","2025-04-06T04:37:54Z","playable","roads_paths","LineString","line","","highway=footway","","","not_started","","","{""footway"":""sidewalk"",""highway"":""footway"",""surface"":""concrete""}"
"w1375156140","way","1375156140","1","2025-04-06T04:37:54Z","playable","roads_paths","LineString","line","","highway=footway","","","not_started","","","{""crossing"":""unmarked"",""crossing:markings"":""no"",""footway"":""crossing"",""highway"":""footway"",""surface"":""concrete""}"
"w1375156141","way","1375156141","1","2025-04-06T04:37:54Z","playable","roads_paths","LineString","line","","highway=footway","","","not_started","","","{""crossing"":""uncontrolled"",""crossing:markings"":""zebra"",""footway"":""crossing"",""highway"":""footway"",""surface"":""asphalt""}"
"w1375156142","way","1375156142","1","2025-04-06T04:37:54Z","playable","roads_paths","LineString","line","","highway=footway","","","not_started","","","{""crossing"":""uncontrolled"",""crossing:markings"":""zebra"",""footway"":""crossing"",""highway"":""footway"",""surface"":""asphalt""}"
"w1375156143","way","1375156143","1","2025-04-06T04:37:54Z","playable","roads_paths","LineString","line","","highway=footway","","","not_started","","","{""crossing"":""unmarked"",""crossing:markings"":""no"",""footway"":""crossing"",""highway"":""footway"",""surface"":""concrete""}"
"w1375156144","way","1375156144","1","2025-04-06T04:37:54Z","playable","roads_paths","LineString","line","","highway=footway","","","not_started","","","{""footway"":""sidewalk"",""highway"":""footway"",""surface"":""concrete""}"
"w1375156145","way","1375156145","1","2025-04-06T04:37:54Z","playable","roads_paths","LineString","line","","highway=footway","","","not_started","","","{""crossing"":""uncontrolled"",""crossing:markings"":""zebra"",""footway"":""crossing"",""highway"":""footway"",""surface"":""concrete""}"
"w1375156146","way","1375156146","1","2025-04-06T04:37:54Z","playable","roads_paths","LineString","line","","highway=footway","","","not_started","","","{""crossing"":""uncontrolled"",""crossing:markings"":""zebra"",""footway"":""crossing"",""highway"":""footway"",""surface"":""concrete""}"
"w1375156147","way","1375156147","1","2025-04-06T04:37:54Z","playable","roads_paths","LineString","line","","highway=footway","","","not_started","","","{""highway"":""footway"",""surface"":""concrete""}"
"w1375156148","way","1375156148","1","2025-04-06T04:37:54Z","playable","roads_paths","LineString","line","","highway=footway","","","not_started","","","{""highway"":""footway"",""surface"":""concrete""}"
"w1375156149","way","1375156149","1","2025-04-06T04:37:54Z","playable","roads_paths","LineString","line","","highway=footway","","","not_started","","","{""highway"":""footway"",""surface"":""concrete""}"
"w1375156150","way","1375156150","1","2025-04-06T04:37:54Z","playable","roads_paths","LineString","line","","highway=footway","","","not_started","","","{""highway"":""footway"",""surface"":""concrete""}"
"w1375156151","way","1375156151","1","2025-04-06T04:37:54Z","playable","roads_paths","LineString","line","","highway=footway","","","not_started","","","{""crossing"":""uncontrolled"",""crossing:markings"":""zebra"",""footway"":""crossing"",""highway"":""footway"",""surface"":""asphalt""}"
"w1375156152","way","1375156152","1","2025-04-06T04:37:54Z","playable","roads_paths","LineString","line","","highway=footway","","","not_started","","","{""highway"":""footway"",""surface"":""concrete""}"
"w1375156153","way","1375156153","1","2025-04-06T04:37:54Z","playable","roads_paths","LineString","line","","highway=footway","","","not_started","","","{""highway"":""footway"",""surface"":""concrete""}"
"w1375156154","way","1375156154","1","2025-04-06T04:37:54Z","playable","roads_paths","LineString","line","","highway=footway","","","not_started","","","{""crossing"":""uncontrolled"",""crossing:markings"":""yes"",""footway"":""crossing"",""highway"":""footway"",""surface"":""concrete""}"
"w1375156155","way","1375156155","1","2025-04-06T04:37:54Z","playable","roads_paths","LineString","line","","highway=footway","","","not_started","","","{""highway"":""footway"",""surface"":""concrete""}"
"w1375156156","way","1375156156","1","2025-04-06T04:37:54Z","playable","roads_paths","LineString","line","","highway=footway","","","not_started","","","{""crossing"":""uncontrolled"",""crossing:markings"":""zebra"",""footway"":""crossing"",""highway"":""footway"",""surface"":""asphalt""}"
"w1375156157","way","1375156157","1","2025-04-06T04:37:54Z","playable","roads_paths","LineString","line","","highway=footway","","","not_started","","","{""highway"":""footway"",""surface"":""concrete""}"
"w1375156158","way","1375156158","1","2025-04-06T04:37:54Z","playable","roads_paths","LineString|MultiPolygon","line","","highway=platform","","","not_started","","","{""bus"":""yes"",""highway"":""platform"",""public_transport"":""platform""}"
"w1375156159","way","1375156159","1","2025-04-06T04:37:54Z","playable","roads_paths","LineString","line","","highway=footway","","","not_started","","","{""crossing"":""uncontrolled"",""crossing:markings"":""zebra"",""footway"":""crossing"",""highway"":""footway"",""surface"":""asphalt""}"
"w1375156160","way","1375156160","1","2025-04-06T04:37:54Z","playable","roads_paths","LineString","line","","highway=footway","","","not_started","","","{""crossing"":""uncontrolled"",""crossing:markings"":""zebra"",""footway"":""crossing"",""highway"":""footway"",""surface"":""asphalt""}"
"w1375156161","way","1375156161","1","2025-04-06T04:37:54Z","playable","roads_paths","LineString","line","","highway=footway","","","not_started","","","{""highway"":""footway"",""surface"":""concrete""}"
"w1375156162","way","1375156162","1","2025-04-06T04:37:54Z","playable","roads_paths","LineString","line","","highway=footway","","","not_started","","","{""highway"":""footway"",""surface"":""concrete""}"
"w1428130463","way","1428130463","1","2025-09-08T21:18:15Z","playable","roads_paths","LineString","line","Waterfront Plaza","highway=footway","","","not_started","","","{""footway"":""sidewalk"",""highway"":""footway"",""name"":""Waterfront Plaza"",""surface"":""concrete""}"
"w1428130464","way","1428130464","1","2025-09-08T21:18:15Z","playable","roads_paths","LineString","line","","highway=cycleway","","","not_started","","","{""crossing"":""traffic_signals"",""crossing:markings"":""dots;pictograms"",""crossing:signals"":""yes"",""cycleway"":""crossing"",""highway"":""cycleway"",""oneway"":""no"",""surface"":""asphalt""}"
"w1472754371","way","1472754371","2","2026-06-14T21:05:10Z","playable","roads_paths","LineString","line","","highway=path","","","not_started","","","{""highway"":""path"",""surface"":""unpaved""}"
"w1473022590","way","1473022590","3","2026-06-18T14:24:27Z","playable","roads_paths","LineString","line","","highway=pedestrian","","","not_started","","","{""highway"":""pedestrian""}"
"w1473022591","way","1473022591","3","2026-06-18T14:24:27Z","playable","roads_paths","LineString","line","","highway=pedestrian","","","not_started","","","{""highway"":""pedestrian""}"
"w1473022592","way","1473022592","1","2026-01-31T18:57:13Z","playable","roads_paths","LineString","line","","highway=footway","","","not_started","","","{""highway"":""footway""}"
"w1473022593","way","1473022593","1","2026-01-31T18:57:13Z","playable","roads_paths","LineString","line","Westside Drive","highway=track","","","not_started","","","{""highway"":""track"",""lit"":""no"",""name"":""Westside Drive"",""surface"":""dirt"",""tiger:cfcc"":""A41"",""tiger:county"":""San Francisco, CA"",""tiger:name_base"":""Westside"",""tiger:name_type"":""Dr""}"
"w1473022594","way","1473022594","1","2026-01-31T18:57:13Z","playable","roads_paths","LineString","line","Westside Drive","highway=residential","","","not_started","","","{""highway"":""residential"",""name"":""Westside Drive"",""tiger:cfcc"":""A41"",""tiger:county"":""San Francisco, CA"",""tiger:name_base"":""Westside"",""tiger:name_type"":""Dr""}"
"w1473022595","way","1473022595","1","2026-01-31T18:57:13Z","playable","roads_paths","LineString","line","Lester Court","highway=residential","","","not_started","","","{""highway"":""residential"",""name"":""Lester Court"",""tiger:cfcc"":""A41"",""tiger:county"":""San Francisco, CA"",""tiger:name_base"":""Lester"",""tiger:name_type"":""Ct"",""tiger:reviewed"":""no""}"
"w1473022597","way","1473022597","1","2026-01-31T18:57:13Z","playable","roads_paths","LineString","line","","highway=service","","","not_started","","","{""foot"":""yes"",""highway"":""service"",""leisure"":""slipway"",""service"":""slipway""}"
"w1473022598","way","1473022598","1","2026-01-31T18:57:13Z","playable","roads_paths","LineString","line","","highway=service","","","not_started","","","{""access"":""private"",""highway"":""service""}"
"w1473022599","way","1473022599","1","2026-01-31T18:57:13Z","playable","roads_paths","LineString","line","","highway=service","","","not_started","","","{""access"":""no"",""highway"":""service""}"
"w1473022600","way","1473022600","1","2026-01-31T18:57:13Z","playable","roads_paths","LineString","line","","highway=service","","","not_started","","","{""highway"":""service""}"
"w1473022601","way","1473022601","1","2026-01-31T18:57:13Z","playable","roads_paths","LineString","line","","highway=service","","","not_started","","","{""highway"":""service""}"
"w1473022603","way","1473022603","2","2026-04-02T01:25:36Z","playable","roads_paths","LineString","line","","highway=service","","","not_started","","","{""highway"":""service""}"
"w1473022604","way","1473022604","1","2026-01-31T18:57:13Z","playable","roads_paths","LineString","line","","highway=service","","","not_started","","","{""highway"":""service""}"
"w1473022605","way","1473022605","1","2026-01-31T18:57:13Z","playable","roads_paths","LineString","line","","highway=service","","","not_started","","","{""highway"":""service""}"
"w1473022606","way","1473022606","1","2026-01-31T18:57:13Z","playable","roads_paths","LineString","line","","highway=footway","","","not_started","","","{""highway"":""footway""}"
"w1473022607","way","1473022607","1","2026-01-31T18:57:13Z","playable","roads_paths","LineString","line","","highway=service","","","not_started","","","{""highway"":""service"",""service"":""parking_aisle""}"
"w1473022608","way","1473022608","1","2026-01-31T18:57:13Z","playable","roads_paths","LineString","line","Bigelow Court","highway=residential","","","not_started","","","{""access"":""private"",""highway"":""residential"",""name"":""Bigelow Court"",""oneway"":""no"",""tiger:cfcc"":""A41"",""tiger:county"":""San Francisco, CA"",""tiger:name_base"":""Halyburton"",""tiger:name_type"":""Ct"",""tiger:reviewed"":""no""}"
"w1473022609","way","1473022609","1","2026-01-31T18:57:13Z","playable","roads_paths","LineString","line","13th Street","highway=residential","","","not_started","","","{""access"":""private"",""highway"":""residential"",""name"":""13th Street"",""tiger:cfcc"":""A41"",""tiger:county"":""San Francisco, CA"",""tiger:name_base"":""13th;Halyburton"",""tiger:name_type"":""St;Ct"",""tiger:reviewed"":""no""}"
"w1473022610","way","1473022610","1","2026-01-31T18:57:13Z","playable","roads_paths","LineString","line","","highway=service","","","not_started","","","{""highway"":""service""}"
"w1473022611","way","1473022611","1","2026-01-31T18:57:13Z","playable","roads_paths","LineString","line","","highway=service","","","not_started","","","{""access"":""private"",""highway"":""service""}"
"w1473022612","way","1473022612","1","2026-01-31T18:57:13Z","playable","roads_paths","LineString","line","","highway=service","","","not_started","","","{""access"":""private"",""highway"":""service""}"
"w1473022613","way","1473022613","1","2026-01-31T18:57:13Z","playable","roads_paths","LineString","line","","highway=service","","","not_started","","","{""access"":""private"",""highway"":""service""}"
"w1473022614","way","1473022614","1","2026-01-31T18:57:13Z","playable","roads_paths","LineString","line","","highway=service","","","not_started","","","{""access"":""private"",""highway"":""service""}"
"w1473022615","way","1473022615","1","2026-01-31T18:57:13Z","playable","roads_paths","LineString","line","","highway=service","","","not_started","","","{""access"":""private"",""highway"":""service""}"
"w1473022616","way","1473022616","1","2026-01-31T18:57:13Z","playable","roads_paths","LineString","line","","highway=service","","","not_started","","","{""access"":""private"",""highway"":""service""}"
"w1473022617","way","1473022617","1","2026-01-31T18:57:13Z","playable","roads_paths","LineString","line","","highway=service","","","not_started","","","{""access"":""private"",""highway"":""service""}"
"w1473022618","way","1473022618","1","2026-01-31T18:57:13Z","playable","roads_paths","LineString","line","","highway=service","","","not_started","","","{""highway"":""service""}"
"w1473022619","way","1473022619","1","2026-01-31T18:57:13Z","playable","roads_paths","LineString","line","","highway=service","","","not_started","","","{""access"":""private"",""highway"":""service""}"
"w1473022620","way","1473022620","1","2026-01-31T18:57:13Z","playable","roads_paths","LineString","line","","highway=service","","","not_started","","","{""access"":""private"",""highway"":""service""}"
"w1473022621","way","1473022621","1","2026-01-31T18:57:13Z","playable","roads_paths","LineString","line","","highway=service","","","not_started","","","{""access"":""private"",""highway"":""service""}"
"w1473022622","way","1473022622","1","2026-01-31T18:57:13Z","playable","roads_paths","LineString","line","","highway=service","","","not_started","","","{""highway"":""service"",""service"":""parking_aisle""}"
"w1473253272","way","1473253272","1","2026-02-01T00:54:18Z","playable","roads_paths","LineString","line","","highway=service","","","not_started","","","{""highway"":""service""}"
"w1473253273","way","1473253273","1","2026-02-01T00:54:18Z","playable","roads_paths","LineString","line","","highway=service","","","not_started","","","{""highway"":""service""}"
"w1473253274","way","1473253274","2","2026-05-11T11:22:38Z","playable","roads_paths","LineString","line","","highway=service","","","not_started","","","{""highway"":""service""}"
"w1473253275","way","1473253275","1","2026-02-01T00:54:18Z","playable","roads_paths","LineString","line","4th Street","highway=residential","","","not_started","","","{""access"":""no"",""highway"":""residential"",""maxspeed"":""10 mph"",""name"":""4th Street"",""surface"":""asphalt"",""tiger:cfcc"":""A41"",""tiger:county"":""San Francisco, CA"",""tiger:name_base"":""4th"",""tiger:name_type"":""St""}"
"w1473253277","way","1473253277","1","2026-02-01T00:54:18Z","playable","roads_paths","LineString","line","Avenue D","highway=residential","","","not_started","","","{""highway"":""residential"",""name"":""Avenue D"",""surface"":""asphalt"",""tiger:cfcc"":""A41"",""tiger:county"":""San Francisco, CA"",""tiger:name_base"":""Avenue D""}"
"w1473253278","way","1473253278","1","2026-02-01T00:54:18Z","playable","roads_paths","LineString","line","Avenue D","highway=residential","","","not_started","","","{""highway"":""residential"",""name"":""Avenue D"",""oneway"":""yes"",""surface"":""asphalt"",""tiger:cfcc"":""A41"",""tiger:county"":""San Francisco, CA"",""tiger:name_base"":""Avenue D""}"
"w1473253279","way","1473253279","1","2026-02-01T00:54:18Z","playable","roads_paths","LineString","line","Avenue D","highway=residential","","","not_started","","","{""access"":""private"",""highway"":""residential"",""name"":""Avenue D"",""oneway"":""yes"",""surface"":""asphalt"",""tiger:cfcc"":""A41"",""tiger:county"":""San Francisco, CA"",""tiger:name_base"":""Avenue D""}"
"w1473253280","way","1473253280","1","2026-02-01T00:54:18Z","playable","roads_paths","LineString","line","Avenue D","highway=residential","","","not_started","","","{""highway"":""residential"",""name"":""Avenue D"",""oneway"":""yes"",""surface"":""asphalt"",""tiger:cfcc"":""A41"",""tiger:county"":""San Francisco, CA"",""tiger:name_base"":""Avenue D""}"
"w1473253281","way","1473253281","1","2026-02-01T00:54:18Z","playable","roads_paths","LineString","line","Avenue D","highway=residential","","","not_started","","","{""access"":""private"",""highway"":""residential"",""name"":""Avenue D"",""oneway"":""yes"",""surface"":""asphalt"",""tiger:cfcc"":""A41"",""tiger:county"":""San Francisco, CA"",""tiger:name_base"":""Avenue D""}"
"w1473253282","way","1473253282","1","2026-02-01T00:54:18Z","playable","roads_paths","LineString","line","","highway=service","","","not_started","","","{""highway"":""service"",""service"":""parking_aisle""}"
"w1473253283","way","1473253283","1","2026-02-01T00:54:18Z","playable","roads_paths","LineString","line","","highway=service","","","not_started","","","{""access"":""private"",""highway"":""service""}"
"w1473253284","way","1473253284","1","2026-02-01T00:54:18Z","playable","roads_paths","LineString","line","","highway=service","","","not_started","","","{""access"":""private"",""highway"":""service""}"
"w1473253285","way","1473253285","1","2026-02-01T00:54:18Z","playable","roads_paths","LineString","line","","highway=service","","","not_started","","","{""highway"":""service""}"
"w1512043163","way","1512043163","1","2026-05-11T11:22:38Z","playable","roads_paths","LineString","line","","highway=service","","","not_started","","","{""highway"":""service""}"
"w1512043164","way","1512043164","1","2026-05-11T11:22:38Z","playable","roads_paths","LineString","line","","highway=service","","","not_started","","","{""highway"":""service""}"
"w1512043165","way","1512043165","1","2026-05-11T11:22:38Z","playable","roads_paths","LineString","line","","highway=service","","","not_started","","","{""highway"":""service""}"
"w1530613461","way","1530613461","1","2026-06-18T14:15:13Z","playable","roads_paths","LineString","line","Perimeter Path","highway=footway","","","not_started","","","{""access"":""no"",""bicycle"":""no"",""foot"":""yes"",""highway"":""footway"",""name"":""Perimeter Path"",""smoothness"":""good"",""surface"":""asphalt""}"
"w1530613463","way","1530613463","1","2026-06-18T14:15:13Z","playable","roads_paths","LineString","line","","highway=footway","","","not_started","","","{""footway"":""sidewalk"",""highway"":""footway"",""surface"":""concrete""}"
"w1530613464","way","1530613464","1","2026-06-18T14:15:13Z","playable","roads_paths","LineString","line","","highway=cycleway","","","not_started","","","{""bicycle"":""designated"",""foot"":""designated"",""highway"":""cycleway"",""smoothness"":""excellent"",""surface"":""concrete""}"
"w1530613465","way","1530613465","1","2026-06-18T14:15:13Z","playable","roads_paths","LineString","line","","highway=footway","","","not_started","","","{""bicycle"":""permissive"",""cycleway"":""lane"",""highway"":""footway"",""motor_vehicle"":""no"",""surface"":""asphalt"",""tiger:cfcc"":""A41"",""tiger:county"":""San Francisco, CA"",""tiger:name_base"":""Avenue of the Palms""}"
"w1530613466","way","1530613466","1","2026-06-18T14:15:13Z","playable","roads_paths","LineString","line","Perimeter Path","highway=footway","","","not_started","","","{""access"":""no"",""bicycle"":""yes"",""foot"":""yes"",""highway"":""footway"",""name"":""Perimeter Path"",""smoothness"":""good"",""surface"":""asphalt""}"
"w1530615890","way","1530615890","1","2026-06-18T14:24:27Z","playable","roads_paths","LineString","line","","highway=cycleway","","","not_started","","","{""bicycle"":""yes"",""highway"":""cycleway"",""surface"":""paved""}"
"r17241151","relation","17241151","1","2024-02-20T05:25:18Z","playable","major_area","MultiPolygon","area","","landuse=residential","","","not_started","","","{""landuse"":""residential""}"
"r17241152","relation","17241152","1","2024-02-20T05:25:18Z","playable","major_area","MultiPolygon","area","","landuse=construction","","","not_started","","","{""access"":""no"",""description"":""Rough outline of the area fenced off due to environment pollution / radiation"",""fixme"":""still accurate?"",""hazard"":""radiation"",""landuse"":""construction"",""note"":""Area under environmental investigation""}"
"r19585233","relation","19585233","2","2025-10-08T21:35:57Z","playable","major_area","MultiPolygon","area","Marina Plaza","leisure=park","","","not_started","","","{""layer"":""0"",""leisure"":""park"",""name"":""Marina Plaza""}"
"w28353177","way","28353177","5","2024-02-20T05:25:18Z","playable","major_area","LineString|MultiPolygon","area","Tepper Little League Field #1","leisure=sports_centre","","","not_started","","","{""addr:housenumber"":""849"",""addr:street"":""4th Street"",""leisure"":""sports_centre"",""location"":""outdoor"",""name"":""Tepper Little League Field #1"",""sport"":""baseball""}"
"w28356842","way","28356842","3","2023-04-23T10:35:16Z","playable","major_area","LineString|MultiPolygon","area","","leisure=pitch","","","not_started","","","{""hoops"":""2"",""leisure"":""pitch"",""sport"":""basketball""}"
"w28356874","way","28356874","7","2024-02-20T05:25:18Z","playable","major_area","LineString|MultiPolygon","area","","amenity=parking","","","not_started","","","{""amenity"":""parking"",""parking"":""surface""}"
"w28356892","way","28356892","7","2020-02-23T20:35:16Z","playable","major_area","LineString|MultiPolygon","area","","amenity=parking","","","not_started","","","{""amenity"":""parking"",""parking"":""surface""}"
"w34313521","way","34313521","4","2018-01-25T17:34:27Z","playable","major_area|building","LineString|MultiPolygon","area","US Dept of Labor Job Corps Food Service Building 368","amenity=restaurant","6","","not_started","","","{""addr:housenumber"":""575"",""addr:street"":""Avenue D"",""amenity"":""restaurant"",""building"":""yes"",""height"":""6"",""name"":""US Dept of Labor Job Corps Food Service Building 368"",""source"":""Yahoo""}"
"w34313547","way","34313547","6","2024-02-20T01:39:43Z","playable","major_area|building","LineString|MultiPolygon","area","Treasure Island Community YMCA","leisure=sports_centre","9","","not_started","","","{""brand"":""YMCA"",""brand:wikidata"":""Q157169"",""building"":""yes"",""check_date"":""2024-02-19"",""height"":""9"",""leisure"":""sports_centre"",""name"":""Treasure Island Community YMCA"",""source"":""Yahoo""}"
"w52721884","way","52721884","2","2011-01-25T02:44:57Z","playable","major_area","LineString|MultiPolygon","area","","leisure=common","","","not_started","","","{""leisure"":""common""}"
"w95934095","way","95934095","2","2019-10-01T11:08:19Z","playable","major_area","LineString|MultiPolygon","area","","amenity=parking","","","not_started","","","{""amenity"":""parking"",""parking"":""surface""}"
"w95934109","way","95934109","2","2019-10-01T11:08:19Z","playable","major_area","LineString|MultiPolygon","area","","amenity=parking","","","not_started","","","{""amenity"":""parking"",""parking"":""surface""}"
"w95934133","way","95934133","2","2019-10-01T11:08:19Z","playable","major_area","LineString|MultiPolygon","area","","amenity=parking","","","not_started","","","{""amenity"":""parking"",""parking"":""surface""}"
"w95934134","way","95934134","2","2019-10-01T11:08:19Z","playable","major_area","LineString|MultiPolygon","area","","amenity=parking","","","not_started","","","{""amenity"":""parking"",""parking"":""surface""}"
"w95934141","way","95934141","2","2019-10-01T11:08:19Z","playable","major_area","LineString|MultiPolygon","area","","amenity=parking","","","not_started","","","{""amenity"":""parking"",""parking"":""surface""}"
"w96665888","way","96665888","3","2023-04-23T10:35:16Z","playable","major_area","LineString|MultiPolygon","area","","leisure=pitch","","","not_started","","","{""hoops"":""2"",""leisure"":""pitch"",""sport"":""basketball""}"
"w96665901","way","96665901","4","2025-02-03T10:07:38Z","playable","major_area","LineString|MultiPolygon","area","","amenity=parking","","","not_started","","","{""amenity"":""parking"",""parking"":""street_side""}"
"w96665914","way","96665914","5","2025-10-08T21:35:57Z","playable","major_area","LineString|MultiPolygon","area","","amenity=parking","","","not_started","","","{""amenity"":""parking"",""parking"":""surface""}"
"w96665934","way","96665934","3","2023-04-23T10:35:16Z","playable","major_area","LineString|MultiPolygon","area","","leisure=pitch","","","not_started","","","{""hoops"":""2"",""leisure"":""pitch"",""sport"":""basketball""}"
"w96698621","way","96698621","4","2020-01-18T01:58:25Z","playable","major_area","LineString|MultiPolygon","area","","amenity=parking","","","not_started","","","{""amenity"":""parking"",""parking"":""surface""}"
"w96698661","way","96698661","2","2019-10-01T11:08:19Z","playable","major_area","LineString|MultiPolygon","area","","amenity=parking","","","not_started","","","{""amenity"":""parking"",""parking"":""surface""}"
"w96698665","way","96698665","2","2019-10-01T11:08:19Z","playable","major_area","LineString|MultiPolygon","area","","amenity=parking","","","not_started","","","{""amenity"":""parking"",""parking"":""surface""}"
"w99060801","way","99060801","2","2014-12-29T14:41:02Z","playable","major_area","LineString|MultiPolygon","area","Gaelic Athletic Association Field B","leisure=pitch","","","not_started","","","{""barrier"":""fence"",""leisure"":""pitch"",""name"":""Gaelic Athletic Association Field B""}"
"w99060807","way","99060807","2","2014-12-29T14:41:02Z","playable","major_area","LineString|MultiPolygon","area","Gaelic Athletic Association Field A","leisure=pitch","","","not_started","","","{""addr:street"":""Avenue E"",""alt_name"":""Pairc na nGael"",""leisure"":""pitch"",""name"":""Gaelic Athletic Association Field A""}"
"w109022547","way","109022547","5","2023-08-07T14:32:53Z","playable","major_area","LineString|MultiPolygon","area","Ketcham Little League Field #2","leisure=sports_centre","","","not_started","","","{""addr:street"":""8th Street"",""leisure"":""sports_centre"",""location"":""outdoor"",""name"":""Ketcham Little League Field #2""}"
"w109022552","way","109022552","1","2011-04-18T00:31:46Z","playable","major_area","LineString|MultiPolygon","area","","amenity=parking","","","not_started","","","{""amenity"":""parking"",""parking"":""surface""}"
"w133809962","way","133809962","1","2011-10-19T05:24:14Z","playable","major_area","LineString|MultiPolygon","area","","leisure=pitch","","","not_started","","","{""leisure"":""pitch"",""sport"":""baseball""}"
"w133809964","way","133809964","3","2024-02-20T05:25:18Z","playable","major_area","LineString|MultiPolygon","area","","leisure=pitch","","","not_started","","","{""leisure"":""pitch"",""sport"":""baseball""}"
"w269856850","way","269856850","5","2024-02-20T05:25:18Z","playable","major_area","LineString|MultiPolygon","area","","landuse=industrial","","","not_started","","","{""landuse"":""industrial""}"
"w291189336","way","291189336","3","2017-12-08T04:11:03Z","playable","major_area|building","LineString|MultiPolygon","area","Navy Chapel Building 187","amenity=place_of_worship","10","","not_started","","","{""addr:housenumber"":""51"",""addr:street"":""California Avenue"",""amenity"":""place_of_worship"",""building"":""yes"",""description"":""non-denominational wedding chapel"",""height"":""10"",""name"":""Navy Chapel Building 187""}"
"w291189918","way","291189918","2","2025-11-07T19:02:35Z","playable","major_area|building","LineString|MultiPolygon","area","Oasis - pizzeria & event venue","amenity=restaurant","","","not_started","","","{""addr:housenumber"":""401"",""addr:postcode"":""94130"",""addr:street"":""California Avenue"",""amenity"":""restaurant"",""building"":""yes"",""cuisine"":""pizza"",""internet_access"":""no"",""name"":""Oasis - pizzeria & event venue"",""opening_hours"":""11:00-21:00"",""phone"":""+1-415-765-1900"",""website"":""treasureislandevent.com""}"
"w545387425","way","545387425","3","2024-05-17T01:31:50Z","playable","major_area","LineString|MultiPolygon","area","Treasure Island Playground","leisure=playground","","","not_started","","","{""leisure"":""playground"",""name"":""Treasure Island Playground""}"
"w545387428","way","545387428","1","2017-12-08T04:11:03Z","playable","major_area","LineString|MultiPolygon","area","","leisure=pitch","","","not_started","","","{""leisure"":""pitch"",""sport"":""boules""}"
"w764313741","way","764313741","4","2022-03-25T17:56:41Z","playable","major_area|building","LineString|MultiPolygon","area","San Francisco Fire Station 48","amenity=fire_station","","","not_started","","","{""addr:city"":""San Francisco"",""addr:country"":""US"",""addr:state"":""CA"",""amenity"":""fire_station"",""building"":""yes"",""name"":""San Francisco Fire Station 48"",""operator"":""San Francisco Fire Department"",""operator:wikidata"":""Q7414030"",""operator:wikipedia"":""en:San Francisco Fire Department""}"
"w775796578","way","775796578","2","2022-09-28T04:35:17Z","playable","major_area","LineString|MultiPolygon","area","","leisure=park","","","not_started","","","{""leisure"":""park""}"
"w775820810","way","775820810","3","2026-07-02T04:09:31Z","playable","major_area","LineString|MultiPolygon","area","","landuse=construction","","","not_started","","","{""landuse"":""construction""}"
"w775820811","way","775820811","2","2026-02-01T00:54:18Z","playable","major_area","LineString|MultiPolygon","area","","landuse=construction","","","not_started","","","{""landuse"":""construction""}"
"w850003199","way","850003199","1","2020-09-22T05:16:07Z","playable","major_area","LineString|MultiPolygon","area","","amenity=parking","","","not_started","","","{""amenity"":""parking""}"
"w899364786","way","899364786","2","2026-02-01T00:54:18Z","playable","major_area","LineString|MultiPolygon","area","","landuse=construction","","","not_started","","","{""landuse"":""construction""}"
"w899364787","way","899364787","1","2021-01-24T04:49:05Z","playable","major_area","LineString|MultiPolygon","area","","landuse=construction","","","not_started","","","{""landuse"":""construction""}"
"w1043836449","way","1043836449","2","2026-01-31T18:57:13Z","playable","major_area","LineString|MultiPolygon","area","San Francisco Fire Department Treasure Island Training Facility","amenity=school","","","not_started","","","{""amenity"":""school"",""name"":""San Francisco Fire Department Treasure Island Training Facility"",""old_name"":""US Naval Station Treasure Island Shipboard Firefighting School""}"
"w1061513876","way","1061513876","1","2022-05-18T19:55:38Z","playable","major_area","LineString|MultiPolygon","area","Treasure Island Skate Park","leisure=pitch","","","not_started","","","{""alt_name"":""Skate Park Treasure Island"",""contact:instagram"":""https://www.instagram.com/sk8park_ti/"",""leisure"":""pitch"",""name"":""Treasure Island Skate Park"",""short_name"":""S.P.T.I."",""sport"":""skateboard"",""surface"":""concrete""}"
"w1098437822","way","1098437822","1","2022-09-28T04:35:17Z","playable","major_area","LineString|MultiPolygon","area","","landuse=grass","","","not_started","","","{""landuse"":""grass""}"
"w1098437829","way","1098437829","1","2022-09-28T04:35:17Z","playable","major_area","LineString|MultiPolygon","area","","landuse=grass","","","not_started","","","{""landuse"":""grass""}"
"w1098437839","way","1098437839","1","2022-09-28T04:35:17Z","playable","major_area","LineString|MultiPolygon","area","","landuse=grass","","","not_started","","","{""landuse"":""grass""}"
"w1098437845","way","1098437845","1","2022-09-28T04:35:17Z","playable","major_area","LineString|MultiPolygon","area","","landuse=grass","","","not_started","","","{""landuse"":""grass""}"
"w1098437846","way","1098437846","1","2022-09-28T04:35:17Z","playable","major_area","LineString|MultiPolygon","area","","landuse=grass","","","not_started","","","{""landuse"":""grass""}"
"w1098437861","way","1098437861","1","2022-09-28T04:35:17Z","playable","major_area","LineString|MultiPolygon","area","","landuse=grass","","","not_started","","","{""landuse"":""grass""}"
"w1098437862","way","1098437862","1","2022-09-28T04:35:17Z","playable","major_area","LineString|MultiPolygon","area","","landuse=grass","","","not_started","","","{""landuse"":""grass""}"
"w1098437863","way","1098437863","1","2022-09-28T04:35:17Z","playable","major_area","LineString|MultiPolygon","area","","landuse=grass","","","not_started","","","{""landuse"":""grass""}"
"w1098437864","way","1098437864","1","2022-09-28T04:35:17Z","playable","major_area","LineString|MultiPolygon","area","","landuse=grass","","","not_started","","","{""landuse"":""grass""}"
"w1098437865","way","1098437865","1","2022-09-28T04:35:17Z","playable","major_area","LineString|MultiPolygon","area","","landuse=grass","","","not_started","","","{""landuse"":""grass""}"
"w1098437866","way","1098437866","1","2022-09-28T04:35:17Z","playable","major_area","LineString|MultiPolygon","area","","landuse=grass","","","not_started","","","{""landuse"":""grass""}"
"w1098437867","way","1098437867","1","2022-09-28T04:35:17Z","playable","major_area","LineString|MultiPolygon","area","","landuse=grass","","","not_started","","","{""landuse"":""grass""}"
"w1098437868","way","1098437868","1","2022-09-28T04:35:17Z","playable","major_area","LineString|MultiPolygon","area","","landuse=grass","","","not_started","","","{""landuse"":""grass""}"
"w1098437869","way","1098437869","1","2022-09-28T04:35:17Z","playable","major_area","LineString|MultiPolygon","area","","landuse=grass","","","not_started","","","{""landuse"":""grass""}"
"w1098437870","way","1098437870","1","2022-09-28T04:35:17Z","playable","major_area","LineString|MultiPolygon","area","","landuse=grass","","","not_started","","","{""landuse"":""grass""}"
"w1098437871","way","1098437871","1","2022-09-28T04:35:17Z","playable","major_area","LineString|MultiPolygon","area","","landuse=grass","","","not_started","","","{""landuse"":""grass""}"
"w1098437872","way","1098437872","1","2022-09-28T04:35:17Z","playable","major_area","LineString|MultiPolygon","area","","landuse=grass","","","not_started","","","{""landuse"":""grass""}"
"w1098437879","way","1098437879","1","2022-09-28T04:35:17Z","playable","major_area","LineString|MultiPolygon","area","","landuse=grass","","","not_started","","","{""landuse"":""grass""}"
"w1102656842","way","1102656842","2","2023-04-25T22:07:13Z","playable","major_area","LineString|MultiPolygon","area","","leisure=pitch","","","not_started","","","{""leisure"":""pitch"",""source"":""Yahoo"",""sport"":""tennis""}"
"w1102659944","way","1102659944","1","2022-10-10T16:41:13Z","playable","major_area","LineString|MultiPolygon","area","","amenity=parking","","","not_started","","","{""amenity"":""parking""}"
"w1163035324","way","1163035324","1","2023-04-16T14:34:05Z","playable","major_area","LineString|MultiPolygon","area","","leisure=pitch","","","not_started","","","{""hoops"":""2"",""leisure"":""pitch"",""sport"":""basketball""}"
"w1252737732","way","1252737732","3","2025-03-23T16:25:59Z","playable","major_area","LineString|MultiPolygon","area","","landuse=construction","","","not_started","","","{""landuse"":""construction""}"
"w1252737734","way","1252737734","1","2024-02-20T05:25:18Z","playable","major_area","LineString|MultiPolygon","area","","landuse=construction","","","not_started","","","{""barrier"":""fence"",""landuse"":""construction""}"
"w1252737739","way","1252737739","1","2024-02-20T05:25:18Z","playable","major_area","LineString|MultiPolygon","area","","amenity=parking","","","not_started","","","{""amenity"":""parking"",""orientation"":""perpendicular"",""parking"":""street_side"",""surface"":""asphalt""}"
"w1252737750","way","1252737750","3","2026-02-01T00:54:18Z","playable","major_area","LineString|MultiPolygon","area","Treasure Island Job Corps Center","amenity=college","","","not_started","","","{""amenity"":""college"",""barrier"":""fence"",""name"":""Treasure Island Job Corps Center"",""operator"":""United States Department of Labor"",""operator:type"":""public"",""operator:wikidata"":""Q6206647"",""website"":""https://info.joinjobcorps.com/""}"
"w1252737754","way","1252737754","1","2024-02-20T05:25:18Z","playable","major_area","LineString|MultiPolygon","area","","landuse=construction","","","not_started","","","{""landuse"":""construction""}"
"w1307988013","way","1307988013","1","2024-08-15T16:11:55Z","playable","major_area","LineString|MultiPolygon","area","","leisure=pitch","","","not_started","","","{""hoops"":""1"",""leisure"":""pitch"",""location"":""outdoor"",""sport"":""basketball""}"
"w1428380753","way","1428380753","1","2025-09-09T21:04:05Z","playable","major_area","LineString|MultiPolygon","area","Cityside Park","leisure=park","","","not_started","","","{""leisure"":""park"",""name"":""Cityside Park""}"
"w1428380754","way","1428380754","1","2025-09-09T21:04:05Z","playable","major_area","LineString|MultiPolygon","area","Waterfront Plaza","leisure=park","","","not_started","","","{""leisure"":""park"",""name"":""Waterfront Plaza""}"
"w1428380755","way","1428380755","1","2025-09-09T21:04:05Z","playable","major_area","LineString|MultiPolygon","area","Causeway Park","leisure=park","","","not_started","","","{""leisure"":""park"",""name"":""Causeway Park""}"
"w1428380762","way","1428380762","1","2025-09-09T21:04:05Z","playable","major_area","LineString|MultiPolygon","area","Cultural Park","leisure=park","","","not_started","","","{""leisure"":""park"",""name"":""Cultural Park""}"
"w1428380764","way","1428380764","1","2025-09-09T21:04:05Z","playable","major_area","LineString|MultiPolygon","area","Clipper Cove","leisure=park","","","not_started","","","{""leisure"":""park"",""name"":""Clipper Cove""}"
"w1436064757","way","1436064757","1","2025-10-07T00:47:30Z","playable","major_area|building","LineString|MultiPolygon","area","","amenity=shelter","","","not_started","","","{""amenity"":""shelter"",""building"":""yes"",""shelter_type"":""gazebo""}"
"w1473022596","way","1473022596","1","2026-01-31T18:57:13Z","playable","major_area","LineString|MultiPolygon","area","","amenity=parking","","","not_started","","","{""amenity"":""parking""}"
"r133347","relation","133347","2","2017-04-25T16:17:43Z","playable","building","MultiPolygon","area","Treasure Island Personnel Support Detachment","building=abandoned","","2","not_started","","","{""addr:housenumber"":""550"",""addr:street"":""4th Street"",""building"":""abandoned"",""building:levels"":""2"",""name"":""Treasure Island Personnel Support Detachment""}"
"r133351","relation","133351","4","2018-08-12T03:51:33Z","playable","building","MultiPolygon","area","","building=retail","","1","not_started","","","{""building"":""retail"",""building:levels"":""1"",""roof:levels"":""0""}"
"r16681702","relation","16681702","6","2026-08-21T23:22:40Z","playable","building","MultiPolygon","area","Treasure Island Museum","building=yes","20","","not_started","","","{""addr:state"":""CA"",""architect"":""William P. Day and George Kelham"",""building"":""yes"",""description"":""Building 1 is one of the last three intact remnants of the 1939 Golden Gate International Exposition held to celebrate construction of the Golden Gate and Bay bridges, and to help bring the United States out of the Great Depression."",""ele"":""4"",""fee"":""no"",""gnis:feature_id"":""1656915"",""height"":""20"",""heritage"":""2"",""heritage:operator"":""nrhp"",""heritage:website"":""https://www.nps.gov/subjects/nationalregister/index.htm"",""historic"":""naval"",""layer"":""1"",""museum"":""history"",""name"":""Treasure Island Museum"",""nrhp:criteria"":""A;C"",""nrhp:inscription_date"":""2008-02-26"",""old_name:1940-1996"":""Administration"",""protection_title"":""Treasure Island Development Authorit"",""ref:nrhp"":""08000081"",""source"":""USGS Geonames"",""source_ref"":""https://catalog.archives.gov/id/123861023"",""start_date"":""1938"",""tourism"":""museum"",""website"":""https://www.treasureislandmuseum.org/"",""wikidata"":""Q87579685""}"
"r19685981","relation","19685981","1","2025-10-07T00:49:31Z","playable","building","MultiPolygon","area","Maceo May","building=apartments","","6","not_started","","","{""building"":""apartments"",""building:levels"":""6"",""name"":""Maceo May""}"
"w24274434","way","24274434","12","2026-08-21T23:22:40Z","playable","building","LineString|MultiPolygon","area","Building 2","building=hangar","20","2","not_started","","","{""addr:housenumber"":""300"",""addr:state"":""CA"",""addr:street"":""California Avenue"",""aeroway"":""hangar"",""architect"":""William P. Day and George Kelham"",""building"":""hangar"",""building:levels"":""2"",""description"":""Building 2 is one of the last three intact remnants of the 1939 Golden Gate International Exposition held to celebrate construction of the Golden Gate and Bay bridges, and to help bring the United States out of the Great Depression."",""height"":""20"",""heritage"":""2"",""heritage:operator"":""nrhp"",""heritage:website"":""https://www.nps.gov/subjects/nationalregister/index.htm"",""historic"":""naval"",""name"":""Building 2"",""nrhp:criteria"":""A;C"",""nrhp:inscription_date"":""2008-02-26"",""old_name:1938-1940"":""Hall of Transportation"",""protection_title"":""Treasure Island Development Authorit"",""ref:nrhp"":""08000081"",""source_ref"":""https://catalog.archives.gov/id/123861023"",""start_date"":""1938"",""wikidata"":""Q5642717""}"
"w34313512","way","34313512","5","2018-01-22T18:55:34Z","playable","building","LineString|MultiPolygon","area","","building=abandoned","10","2","not_started","","","{""addr:housenumber"":""449"",""addr:street"":""Avenue H"",""building"":""abandoned"",""building:levels"":""2"",""height"":""10""}"
"w34313513","way","34313513","9","2019-10-01T11:08:19Z","playable","building","LineString|MultiPolygon","area","Harvey Milk Memorial Administration Building, Job Corps Center","building=public","9","2","not_started","","","{""addr:housenumber"":""655"",""addr:street"":""Avenue H"",""building"":""public"",""building:levels"":""2"",""height"":""9"",""name"":""Harvey Milk Memorial Administration Building, Job Corps Center"",""source"":""Yahoo""}"
"w34313514","way","34313514","3","2011-05-01T10:26:03Z","playable","building","LineString|MultiPolygon","area","Advanced Culinary Dormitory","building=residential","","","not_started","","","{""addr:housenumber"":""487-489"",""addr:street"":""4th Street"",""building"":""residential"",""name"":""Advanced Culinary Dormitory"",""note"":""I may have misread what the sign said from the distance ;)"",""source"":""Yahoo""}"
"w34313515","way","34313515","3","2018-01-25T17:34:27Z","playable","building","LineString|MultiPolygon","area","","building=yes","11","","not_started","","","{""building"":""yes"",""height"":""11"",""source"":""Yahoo""}"
"w34313520","way","34313520","3","2018-01-22T18:56:09Z","playable","building","LineString|MultiPolygon","area","","building=yes","11","","not_started","","","{""building"":""yes"",""height"":""11"",""source"":""Yahoo""}"
"w34313523","way","34313523","4","2011-05-01T10:26:03Z","playable","building","LineString|MultiPolygon","area","Education Center Building 29B","building=abandoned","","1","not_started","","","{""addr:housenumber"":""768"",""addr:street"":""Avenue H"",""building"":""abandoned"",""building:levels"":""1"",""name"":""Education Center Building 29B"",""source"":""Yahoo""}"
"w34313525","way","34313525","4","2018-01-22T18:55:35Z","playable","building","LineString|MultiPolygon","area","","building=yes","5","1","not_started","","","{""building"":""yes"",""building:levels"":""1"",""height"":""5"",""source"":""Yahoo""}"
"w34313528","way","34313528","6","2024-02-20T05:25:18Z","playable","building","LineString|MultiPolygon","area","","building=abandoned","4","1","not_started","","","{""building"":""abandoned"",""building:levels"":""1"",""height"":""4"",""source"":""Yahoo""}"
"w34313535","way","34313535","3","2018-01-22T19:04:21Z","playable","building","LineString|MultiPolygon","area","","building=yes","6","","not_started","","","{""building"":""yes"",""height"":""6"",""source"":""Yahoo""}"
"w34313540","way","34313540","13","2026-08-21T23:22:40Z","playable","building","LineString|MultiPolygon","area","Building 3","building=hangar","20","3","not_started","","","{""addr:housenumber"":""600"",""addr:state"":""CA"",""addr:street"":""California Avenue"",""aeroway"":""hangar"",""architect"":""William P. Day and George Kelham"",""building"":""hangar"",""building:colour"":""white"",""building:levels"":""3"",""description"":""Building 3 is one of the last three intact remnants of the 1939 Golden Gate International Exposition held to celebrate construction of the Golden Gate and Bay bridges, and to help bring the United States out of the Great Depression."",""height"":""20"",""heritage"":""2"",""heritage:operator"":""nrhp"",""heritage:website"":""https://www.nps.gov/subjects/nationalregister/index.htm"",""historic"":""naval"",""name"":""Building 3"",""nrhp:criteria"":""A;C"",""nrhp:inscription_date"":""2008-02-26"",""old_name:1938-1940"":""Palace of Fine Arts"",""protection_title"":""Treasure Island Development Authorit"",""ref:nrhp"":""08000081"",""source"":""Yahoo"",""source_ref"":""https://catalog.archives.gov/id/123861023"",""start_date"":""1938""}"
"w34313544","way","34313544","9","2023-09-15T13:41:50Z","playable","building","LineString|MultiPolygon","area","Naval Station Treasure Island","building=yes","7","","not_started","","","{""addr:housenumber"":""450"",""addr:street"":""4th Street"",""building"":""yes"",""height"":""7"",""name"":""Naval Station Treasure Island"",""source"":""Yahoo"",""wikidata"":""Q15261196""}"
"w34313545","way","34313545","7","2022-03-25T17:56:41Z","playable","building","LineString|MultiPolygon","area","","building=yes","5","1","not_started","","","{""addr:city"":""San Francisco"",""addr:housenumber"":""800"",""addr:state"":""CA"",""addr:street"":""Avenue I"",""building"":""yes"",""building:levels"":""1"",""height"":""5""}"
"w34313546","way","34313546","5","2018-01-22T18:55:35Z","playable","building","LineString|MultiPolygon","area","","building=yes","4","1","not_started","","","{""addr:housenumber"":""850"",""addr:street"":""Avenue H"",""building"":""yes"",""building:levels"":""1"",""height"":""4"",""source"":""Yahoo""}"
"w34313548","way","34313548","6","2026-05-21T20:17:25Z","playable","building","LineString|MultiPolygon","area","San Francisco Fire Dept Treasure Island Training Facility Building 600","building=yes","6","","not_started","","","{""addr:housenumber"":""750"",""addr:street"":""Avenue M"",""building"":""yes"",""height"":""6"",""name"":""San Francisco Fire Dept Treasure Island Training Facility Building 600"",""old_name"":""US Naval Station Treasure Island Shipboard Firefighting School"",""source"":""Yahoo""}"
"w34313549","way","34313549","4","2018-01-22T18:58:53Z","playable","building","LineString|MultiPolygon","area","","building=yes","6","","not_started","","","{""building"":""yes"",""height"":""6"",""source"":""Yahoo""}"
"w34313550","way","34313550","1","2009-05-10T22:17:22Z","playable","building","LineString|MultiPolygon","area","","building=yes","","","not_started","","","{""building"":""yes"",""source"":""Yahoo""}"
"w34313554","way","34313554","3","2018-01-22T18:58:53Z","playable","building","LineString|MultiPolygon","area","","building=yes","4","","not_started","","","{""building"":""yes"",""height"":""4"",""source"":""Yahoo""}"
"w34313555","way","34313555","3","2018-01-22T18:58:54Z","playable","building","LineString|MultiPolygon","area","","building=yes","4","","not_started","","","{""building"":""yes"",""height"":""4"",""source"":""Yahoo""}"
"w34313556","way","34313556","1","2009-05-10T22:17:23Z","playable","building","LineString|MultiPolygon","area","","building=yes","","","not_started","","","{""building"":""yes"",""source"":""Yahoo""}"
"w34313557","way","34313557","1","2009-05-10T22:17:23Z","playable","building","LineString|MultiPolygon","area","","building=yes","","","not_started","","","{""building"":""yes"",""source"":""Yahoo""}"
"w34313558","way","34313558","1","2009-05-10T22:17:23Z","playable","building","LineString|MultiPolygon","area","","building=yes","","","not_started","","","{""building"":""yes"",""source"":""Yahoo""}"
"w34313560","way","34313560","1","2009-05-10T22:17:23Z","playable","building","LineString|MultiPolygon","area","","building=yes","","","not_started","","","{""building"":""yes"",""source"":""Yahoo""}"
"w34313564","way","34313564","3","2018-01-22T18:58:54Z","playable","building","LineString|MultiPolygon","area","","building=yes","5","","not_started","","","{""building"":""yes"",""height"":""5"",""source"":""Yahoo""}"
"w34313569","way","34313569","5","2018-01-22T18:58:54Z","playable","building","LineString|MultiPolygon","area","Bldg 461","building=yes","8","","not_started","","","{""building"":""yes"",""height"":""8"",""name"":""Bldg 461"",""source"":""Yahoo""}"
"w95934092","way","95934092","5","2020-07-09T13:50:42Z","playable","building","LineString|MultiPolygon","area","","building=residential","6","2","not_started","","","{""addr:housenumber"":""1318"",""addr:street"":""Gateview Avenue"",""building"":""residential"",""building:levels"":""2"",""height"":""6""}"
"w95934093","way","95934093","4","2020-07-09T13:50:42Z","playable","building","LineString|MultiPolygon","area","","building=yes","6","","not_started","","","{""addr:housenumber"":""1432"",""addr:street"":""Halibut Court"",""building"":""yes"",""height"":""6""}"
"w95934096","way","95934096","4","2020-07-09T13:50:42Z","playable","building","LineString|MultiPolygon","area","","building=yes","6","","not_started","","","{""addr:housenumber"":""1412"",""addr:street"":""Flounder Court"",""building"":""yes"",""height"":""6""}"
"w95934097","way","95934097","4","2020-07-09T13:50:42Z","playable","building","LineString|MultiPolygon","area","","building=yes","6","","not_started","","","{""addr:housenumber"":""1404"",""addr:street"":""Sturgeon Street"",""building"":""yes"",""height"":""6""}"
"w95934098","way","95934098","4","2020-07-09T13:50:42Z","playable","building","LineString|MultiPolygon","area","","building=yes","6","","not_started","","","{""addr:housenumber"":""1435"",""addr:street"":""Halibut Court"",""building"":""yes"",""height"":""6""}"
"w95934099","way","95934099","4","2020-07-09T13:50:42Z","playable","building","LineString|MultiPolygon","area","","building=yes","6","","not_started","","","{""addr:housenumber"":""1433"",""addr:street"":""Halibut Court"",""building"":""yes"",""height"":""6""}"
"w95934100","way","95934100","5","2020-07-09T13:50:42Z","playable","building","LineString|MultiPolygon","area","","building=apartments","6","","not_started","","","{""addr:housenumber"":""1430"",""addr:street"":""Halibut Court"",""building"":""apartments"",""height"":""6""}"
"w95934101","way","95934101","4","2020-07-09T13:50:42Z","playable","building","LineString|MultiPolygon","area","","building=yes","6","","not_started","","","{""addr:housenumber"":""1409"",""addr:street"":""Flounder Court"",""building"":""yes"",""height"":""6""}"
"w95934102","way","95934102","5","2018-01-22T18:56:10Z","playable","building","LineString|MultiPolygon","area","","building=residential","6","2","not_started","","","{""addr:housenumber"":""1306"",""building"":""residential"",""building:levels"":""2"",""height"":""6""}"
"w95934103","way","95934103","5","2018-08-12T03:45:07Z","playable","building","LineString|MultiPolygon","area","","building=apartments","6","","not_started","","","{""addr:housenumber"":""1307"",""building"":""apartments"",""height"":""6""}"
"w95934104","way","95934104","4","2020-07-09T13:50:42Z","playable","building","LineString|MultiPolygon","area","","building=yes","6","","not_started","","","{""addr:housenumber"":""1403"",""addr:street"":""Sturgeon Street"",""building"":""yes"",""height"":""6""}"
"w95934105","way","95934105","5","2018-08-12T13:53:19Z","playable","building","LineString|MultiPolygon","area","","building=apartments","6","2","not_started","","","{""addr:housenumber"":""1441"",""addr:street"":""Chinook Court"",""building"":""apartments"",""building:levels"":""2"",""height"":""6""}"
"w95934106","way","95934106","6","2018-08-12T03:45:35Z","playable","building","LineString|MultiPolygon","area","","building=apartments","6","","not_started","","","{""addr:housenumber"":""1305"",""addr:street"":""Gateview Avenue"",""building"":""apartments"",""height"":""6""}"
"w95934107","way","95934107","4","2020-07-09T13:50:42Z","playable","building","LineString|MultiPolygon","area","","building=yes","6","","not_started","","","{""addr:housenumber"":""1420"",""addr:street"":""Striped Bass Street"",""building"":""yes"",""height"":""6""}"
"w95934108","way","95934108","4","2020-07-09T13:50:42Z","playable","building","LineString|MultiPolygon","area","","building=yes","6","","not_started","","","{""addr:housenumber"":""1405"",""addr:street"":""Sturgeon Street"",""building"":""yes"",""height"":""6""}"
"w95934110","way","95934110","4","2020-07-09T13:50:42Z","playable","building","LineString|MultiPolygon","area","","building=yes","6","","not_started","","","{""addr:housenumber"":""1411"",""addr:street"":""Flounder Court"",""building"":""yes"",""height"":""6""}"
"w95934112","way","95934112","4","2020-07-09T13:50:42Z","playable","building","LineString|MultiPolygon","area","","building=yes","6","","not_started","","","{""addr:housenumber"":""1418"",""addr:street"":""Striped Bass Street"",""building"":""yes"",""height"":""6""}"
"w95934113","way","95934113","5","2018-08-12T13:53:27Z","playable","building","LineString|MultiPolygon","area","","building=apartments","6","2","not_started","","","{""addr:housenumber"":""1437"",""addr:street"":""Chinook Court"",""building"":""apartments"",""building:levels"":""2"",""height"":""6""}"
"w95934115","way","95934115","4","2020-07-09T13:50:42Z","playable","building","LineString|MultiPolygon","area","","building=yes","6","","not_started","","","{""addr:housenumber"":""1413"",""addr:street"":""Flounder Court"",""building"":""yes"",""height"":""6""}"
"w95934116","way","95934116","7","2022-03-25T17:46:52Z","playable","building","LineString|MultiPolygon","area","","building=residential","6","2","not_started","","","{""addr:housenumber"":""905F"",""addr:postcode"":""94130"",""addr:street"":""Avenue B"",""building"":""residential"",""building:levels"":""2"",""height"":""6""}"
"w95934117","way","95934117","5","2020-07-09T13:50:42Z","playable","building","LineString|MultiPolygon","area","","building=apartments","6","","not_started","","","{""addr:housenumber"":""1444"",""addr:street"":""Croaker Court"",""building"":""apartments"",""height"":""6""}"
"w95934118","way","95934118","4","2020-07-09T13:50:42Z","playable","building","LineString|MultiPolygon","area","","building=yes","6","","not_started","","","{""addr:housenumber"":""1419"",""addr:street"":""Striped Bass Street"",""building"":""yes"",""height"":""6""}"
"w95934119","way","95934119","5","2026-04-23T18:34:33Z","playable","building","LineString|MultiPolygon","area","","building=yes","5","","not_started","","","{""addr:housenumber"":""148"",""addr:street"":""12th Street"",""building"":""yes"",""height"":""5""}"
"w95934120","way","95934120","4","2020-07-09T13:50:42Z","playable","building","LineString|MultiPolygon","area","","building=yes","6","","not_started","","","{""addr:housenumber"":""1449"",""addr:street"":""Croaker Court"",""building"":""yes"",""height"":""6""}"
"w95934121","way","95934121","5","2018-08-12T13:53:10Z","playable","building","LineString|MultiPolygon","area","","building=apartments","6","2","not_started","","","{""addr:housenumber"":""1445"",""addr:street"":""Chinook Court"",""building"":""apartments"",""building:levels"":""2"",""height"":""6""}"
"w95934122","way","95934122","4","2020-07-09T13:50:42Z","playable","building","LineString|MultiPolygon","area","","building=yes","6","","not_started","","","{""addr:housenumber"":""1434"",""addr:street"":""Halibut Court"",""building"":""yes"",""height"":""6""}"
"w95934123","way","95934123","5","2018-01-22T18:56:12Z","playable","building","LineString|MultiPolygon","area","","building=residential","6","2","not_started","","","{""addr:housenumber"":""1308"",""building"":""residential"",""building:levels"":""2"",""height"":""6""}"
"w95934124","way","95934124","4","2020-07-09T13:50:42Z","playable","building","LineString|MultiPolygon","area","","building=yes","6","","not_started","","","{""addr:housenumber"":""1410"",""addr:street"":""Flounder Court"",""building"":""yes"",""height"":""6""}"
"w95934125","way","95934125","5","2020-07-09T13:50:42Z","playable","building","LineString|MultiPolygon","area","","building=abandoned","6","2","not_started","","","{""addr:housenumber"":""1317"",""addr:street"":""Gateview Avenue"",""building"":""abandoned"",""building:levels"":""2"",""height"":""6""}"
"w95934126","way","95934126","4","2020-07-09T13:50:42Z","playable","building","LineString|MultiPolygon","area","","building=yes","6","","not_started","","","{""addr:housenumber"":""1400"",""addr:street"":""Sturgeon Street"",""building"":""yes"",""height"":""6""}"
"w95934128","way","95934128","4","2020-07-09T13:50:42Z","playable","building","LineString|MultiPolygon","area","","building=yes","6","","not_started","","","{""addr:housenumber"":""1406"",""addr:street"":""Sturgeon Street"",""building"":""yes"",""height"":""6""}"
"w95934129","way","95934129","4","2018-01-22T18:56:12Z","playable","building","LineString|MultiPolygon","area","","building=yes","6","2","not_started","","","{""addr:housenumber"":""1440"",""addr:street"":""Chinook Court"",""building"":""yes"",""building:levels"":""2"",""height"":""6""}"
"w95934130","way","95934130","3","2018-01-22T18:56:12Z","playable","building","LineString|MultiPolygon","area","","building=yes","6","","not_started","","","{""building"":""yes"",""height"":""6""}"
"w95934131","way","95934131","4","2018-01-22T18:56:12Z","playable","building","LineString|MultiPolygon","area","","building=yes","6","2","not_started","","","{""addr:housenumber"":""1438"",""addr:street"":""Chinook Court"",""building"":""yes"",""building:levels"":""2"",""height"":""6""}"
"w95934132","way","95934132","5","2020-07-09T13:50:42Z","playable","building","LineString|MultiPolygon","area","","building=residential","6","2","not_started","","","{""addr:housenumber"":""1314"",""addr:street"":""Gateview Avenue"",""building"":""residential"",""building:levels"":""2"",""height"":""6""}"
"w95934135","way","95934135","4","2020-07-09T13:50:42Z","playable","building","LineString|MultiPolygon","area","","building=yes","6","","not_started","","","{""addr:housenumber"":""1431"",""addr:street"":""Halibut Court"",""building"":""yes"",""height"":""6""}"
"w95934136","way","95934136","6","2018-08-12T03:45:25Z","playable","building","LineString|MultiPolygon","area","","building=apartments","6","","not_started","","","{""addr:housenumber"":""1301"",""addr:street"":""Gateview Avenue"",""building"":""apartments"",""height"":""6""}"
"w95934137","way","95934137","5","2018-08-12T13:53:31Z","playable","building","LineString|MultiPolygon","area","","building=apartments","6","2","not_started","","","{""addr:housenumber"":""1436"",""addr:street"":""Chinook Court"",""building"":""apartments"",""building:levels"":""2"",""height"":""6""}"
"w95934139","way","95934139","6","2018-08-12T03:45:30Z","playable","building","LineString|MultiPolygon","area","","building=apartments","6","","not_started","","","{""addr:housenumber"":""1303"",""addr:street"":""Gateview Avenue"",""building"":""apartments"",""height"":""6""}"
"w95934140","way","95934140","4","2020-07-09T13:50:42Z","playable","building","LineString|MultiPolygon","area","","building=yes","6","","not_started","","","{""addr:housenumber"":""1408"",""addr:street"":""Sturgeon Street"",""building"":""yes"",""height"":""6""}"
"w95934142","way","95934142","4","2020-07-09T13:50:42Z","playable","building","LineString|MultiPolygon","area","","building=yes","6","","not_started","","","{""addr:housenumber"":""1402"",""addr:street"":""Sturgeon Street"",""building"":""yes"",""height"":""6""}"
"w95934143","way","95934143","5","2018-08-12T13:53:13Z","playable","building","LineString|MultiPolygon","area","","building=apartments","6","2","not_started","","","{""addr:housenumber"":""1443"",""addr:street"":""Chinook Court"",""building"":""apartments"",""building:levels"":""2"",""height"":""6""}"
"w95934144","way","95934144","5","2018-08-12T13:53:23Z","playable","building","LineString|MultiPolygon","area","","building=apartments","6","2","not_started","","","{""addr:housenumber"":""1439"",""addr:street"":""Chinook Court"",""building"":""apartments"",""building:levels"":""2"",""height"":""6""}"
"w96215645","way","96215645","4","2020-07-09T13:50:42Z","playable","building","LineString|MultiPolygon","area","","building=yes","6","","not_started","","","{""addr:housenumber"":""1122"",""addr:street"":""Reeves Court"",""building"":""yes"",""height"":""6""}"
"w96215646","way","96215646","6","2018-01-25T19:29:04Z","playable","building","LineString|MultiPolygon","area","","building=residential","6","2","not_started","","","{""addr:housenumber"":""1230"",""building"":""residential"",""building:levels"":""2"",""height"":""6""}"
"w96215648","way","96215648","5","2020-07-09T13:50:42Z","playable","building","LineString|MultiPolygon","area","","building=residential","6","2","not_started","","","{""addr:housenumber"":""1316"",""addr:street"":""Gateview Avenue"",""building"":""residential"",""building:levels"":""2"",""height"":""6""}"
"w96215649","way","96215649","5","2018-01-25T19:29:04Z","playable","building","LineString|MultiPolygon","area","","building=residential","6","2","not_started","","","{""addr:housenumber"":""1212"",""addr:street"":""Mariner Drive"",""building"":""residential"",""building:levels"":""2"",""height"":""6""}"
"w96215651","way","96215651","5","2018-01-25T19:29:04Z","playable","building","LineString|MultiPolygon","area","","building=residential","6","2","not_started","","","{""addr:housenumber"":""1202"",""addr:street"":""Mariner Drive"",""building"":""residential"",""building:levels"":""2"",""height"":""6""}"
"w96215652","way","96215652","5","2018-01-25T19:29:05Z","playable","building","LineString|MultiPolygon","area","","building=residential","6","2","not_started","","","{""addr:housenumber"":""1220"",""addr:street"":""Bayside Drive"",""building"":""residential"",""building:levels"":""2"",""height"":""6""}"
"w96215653","way","96215653","5","2020-05-26T19:59:19Z","playable","building","LineString|MultiPolygon","area","","building=residential","6","2","not_started","","","{""addr:housenumber"":""1227"",""addr:street"":""Northpoint Drive"",""building"":""residential"",""building:levels"":""2"",""height"":""6""}"
"w96215655","way","96215655","5","2020-07-09T13:50:42Z","playable","building","LineString|MultiPolygon","area","","building=residential","6","2","not_started","","","{""addr:housenumber"":""1312"",""addr:street"":""Gateview Avenue"",""building"":""residential"",""building:levels"":""2"",""height"":""6""}"
"w96215656","way","96215656","5","2018-01-25T19:29:05Z","playable","building","LineString|MultiPolygon","area","","building=residential","6","2","not_started","","","{""addr:housenumber"":""1224"",""addr:street"":""Bayside Drive"",""building"":""residential"",""building:levels"":""2"",""height"":""6""}"
"w96215657","way","96215657","5","2020-07-09T13:50:42Z","playable","building","LineString|MultiPolygon","area","","building=apartments","6","","not_started","","","{""addr:housenumber"":""1307"",""addr:street"":""Gateview Avenue"",""building"":""apartments"",""height"":""6""}"
"w96215658","way","96215658","5","2020-05-26T19:59:19Z","playable","building","LineString|MultiPolygon","area","","building=residential","6","2","not_started","","","{""addr:housenumber"":""1239"",""addr:street"":""Northpoint Drive"",""building"":""residential"",""building:levels"":""2"",""height"":""6""}"
"w96215659","way","96215659","5","2020-05-26T19:59:19Z","playable","building","LineString|MultiPolygon","area","","building=residential","6","2","not_started","","","{""addr:housenumber"":""1234"",""addr:street"":""Northpoint Drive"",""building"":""residential"",""building:levels"":""2"",""height"":""6""}"
"w96215660","way","96215660","5","2020-05-26T19:59:19Z","playable","building","LineString|MultiPolygon","area","","building=residential","6","2","not_started","","","{""addr:housenumber"":""1225"",""addr:street"":""Northpoint Drive"",""building"":""residential"",""building:levels"":""2"",""height"":""6""}"
"w96215661","way","96215661","5","2018-01-22T18:57:18Z","playable","building","LineString|MultiPolygon","area","","building=residential","6","2","not_started","","","{""addr:housenumber"":""1222"",""addr:street"":""Bayside Drive"",""building"":""residential"",""building:levels"":""2"",""height"":""6""}"
"w96215662","way","96215662","5","2020-07-09T13:50:42Z","playable","building","LineString|MultiPolygon","area","","building=residential","6","2","not_started","","","{""addr:housenumber"":""1139"",""addr:street"":""Ozbourn Court"",""building"":""residential"",""building:levels"":""2"",""height"":""6""}"
"w96215666","way","96215666","5","2018-01-25T19:29:06Z","playable","building","LineString|MultiPolygon","area","","building=residential","6","2","not_started","","","{""addr:housenumber"":""1215"",""addr:street"":""Bayside Drive"",""building"":""residential"",""building:levels"":""2"",""height"":""6""}"
"w96215667","way","96215667","5","2018-01-25T19:29:06Z","playable","building","LineString|MultiPolygon","area","","building=residential","6","2","not_started","","","{""addr:housenumber"":""1248/1395"",""addr:street"":""Gateview Court"",""building"":""residential"",""building:levels"":""2"",""height"":""6""}"
"w96215668","way","96215668","6","2020-05-26T19:59:19Z","playable","building","LineString|MultiPolygon","area","","building=abandoned","6","2","not_started","","","{""addr:housenumber"":""1236"",""addr:street"":""Northpoint Drive"",""building"":""abandoned"",""building:levels"":""2"",""height"":""6""}"
"w96215669","way","96215669","5","2020-05-26T19:59:19Z","playable","building","LineString|MultiPolygon","area","","building=residential","6","2","not_started","","","{""addr:housenumber"":""1238"",""addr:street"":""Northpoint Drive"",""building"":""residential"",""building:levels"":""2"",""height"":""6""}"
"w96215670","way","96215670","5","2018-01-25T19:29:06Z","playable","building","LineString|MultiPolygon","area","","building=residential","6","2","not_started","","","{""addr:housenumber"":""1246/1397"",""addr:street"":""Gateview Court"",""building"":""residential"",""building:levels"":""2"",""height"":""6""}"
"w96215671","way","96215671","5","2020-05-26T19:59:19Z","playable","building","LineString|MultiPolygon","area","","building=residential","6","2","not_started","","","{""addr:housenumber"":""1244"",""addr:street"":""Northpoint Drive"",""building"":""residential"",""building:levels"":""2"",""height"":""6""}"
"w96215672","way","96215672","5","2018-01-22T18:57:18Z","playable","building","LineString|MultiPolygon","area","","building=residential","6","2","not_started","","","{""addr:housenumber"":""1201"",""addr:street"":""Bayside Drive"",""building"":""residential"",""building:levels"":""2"",""height"":""6""}"
"w96215673","way","96215673","5","2020-05-26T19:59:19Z","playable","building","LineString|MultiPolygon","area","","building=residential","6","2","not_started","","","{""addr:housenumber"":""1232"",""addr:street"":""Northpoint Drive"",""building"":""residential"",""building:levels"":""2"",""height"":""6""}"
"w96215674","way","96215674","5","2020-05-26T19:59:19Z","playable","building","LineString|MultiPolygon","area","","building=residential","6","2","not_started","","","{""addr:housenumber"":""1241"",""addr:street"":""Northpoint Drive"",""building"":""residential"",""building:levels"":""2"",""height"":""6""}"
"w96215676","way","96215676","5","2020-07-09T13:50:42Z","playable","building","LineString|MultiPolygon","area","","building=residential","6","2","not_started","","","{""addr:housenumber"":""1143"",""addr:street"":""Ozbourn Court"",""building"":""residential"",""building:levels"":""2"",""height"":""6""}"
"w96215677","way","96215677","5","2018-01-25T19:29:07Z","playable","building","LineString|MultiPolygon","area","","building=residential","6","2","not_started","","","{""addr:housenumber"":""1206"",""addr:street"":""Mariner Drive"",""building"":""residential"",""building:levels"":""2"",""height"":""6""}"
"w96215678","way","96215678","5","2018-01-22T18:57:19Z","playable","building","LineString|MultiPolygon","area","","building=residential","6","2","not_started","","","{""addr:housenumber"":""1205"",""addr:street"":""Bayside Drive"",""building"":""residential"",""building:levels"":""2"",""height"":""6""}"
"w96215680","way","96215680","5","2018-01-25T19:29:07Z","playable","building","LineString|MultiPolygon","area","","building=residential","6","2","not_started","","","{""addr:housenumber"":""1219"",""addr:street"":""Mariner Drive"",""building"":""residential"",""building:levels"":""2"",""height"":""6""}"
"w96215682","way","96215682","5","2018-01-25T19:29:08Z","playable","building","LineString|MultiPolygon","area","","building=residential","6","2","not_started","","","{""addr:housenumber"":""1221"",""addr:street"":""Mariner Drive"",""building"":""residential"",""building:levels"":""2"",""height"":""6""}"
"w96215685","way","96215685","5","2018-01-25T19:29:08Z","playable","building","LineString|MultiPolygon","area","","building=residential","6","2","not_started","","","{""addr:housenumber"":""1226"",""addr:street"":""Bayside Drive"",""building"":""residential"",""building:levels"":""2"",""height"":""6""}"
"w96215688","way","96215688","5","2020-05-26T19:59:19Z","playable","building","LineString|MultiPolygon","area","","building=residential","6","2","not_started","","","{""addr:housenumber"":""1240"",""addr:street"":""Northpoint Drive"",""building"":""residential"",""building:levels"":""2"",""height"":""6""}"
"w96215690","way","96215690","5","2020-07-09T13:50:42Z","playable","building","LineString|MultiPolygon","area","","building=residential","6","2","not_started","","","{""addr:housenumber"":""1141"",""addr:street"":""Ozbourn Court"",""building"":""residential"",""building:levels"":""2"",""height"":""6""}"
"w96215691","way","96215691","5","2018-01-25T19:29:08Z","playable","building","LineString|MultiPolygon","area","","building=residential","6","2","not_started","","","{""addr:housenumber"":""1204"",""addr:street"":""Mariner Drive"",""building"":""residential"",""building:levels"":""2"",""height"":""6""}"
"w96215693","way","96215693","5","2018-01-25T19:29:08Z","playable","building","LineString|MultiPolygon","area","","building=residential","7","2","not_started","","","{""addr:housenumber"":""1208"",""addr:street"":""Mariner Drive"",""building"":""residential"",""building:levels"":""2"",""height"":""7""}"
"w96215694","way","96215694","5","2018-01-25T19:29:08Z","playable","building","LineString|MultiPolygon","area","","building=residential","6","2","not_started","","","{""addr:housenumber"":""1251"",""building"":""residential"",""building:levels"":""2"",""height"":""6""}"
"w96215698","way","96215698","6","2018-01-25T19:29:08Z","playable","building","LineString|MultiPolygon","area","","building=residential","6","2","not_started","","","{""addr:housenumber"":""1228"",""building"":""residential"",""building:levels"":""2"",""height"":""6""}"
"w96665883","way","96665883","3","2018-01-25T19:29:09Z","playable","building","LineString|MultiPolygon","area","","building=yes","4","","not_started","","","{""building"":""yes"",""height"":""4""}"
"w96665884","way","96665884","5","2020-07-09T13:50:42Z","playable","building","LineString|MultiPolygon","area","","building=residential","6","2","not_started","","","{""addr:housenumber"":""1145"",""addr:street"":""Ozbourn Court"",""building"":""residential"",""building:levels"":""2"",""height"":""6""}"
"w96665885","way","96665885","5","2020-07-09T13:50:42Z","playable","building","LineString|MultiPolygon","area","","building=residential","6","2","not_started","","","{""addr:housenumber"":""1118"",""addr:street"":""Hutchins Court"",""building"":""residential"",""building:levels"":""2"",""height"":""6""}"
"w96665886","way","96665886","4","2018-01-22T18:56:14Z","playable","building","LineString|MultiPolygon","area","","building=yes","6","2","not_started","","","{""addr:housenumber"":""1447"",""addr:street"":""Chinook Court"",""building"":""yes"",""building:levels"":""2"",""height"":""6""}"
"w96665887","way","96665887","5","2020-07-09T13:50:42Z","playable","building","LineString|MultiPolygon","area","","building=residential","6","2","not_started","","","{""addr:housenumber"":""1115"",""addr:street"":""Keppler Court"",""building"":""residential"",""building:levels"":""2"",""height"":""6""}"
"w96665889","way","96665889","3","2018-01-25T19:29:09Z","playable","building","LineString|MultiPolygon","area","","building=yes","4","","not_started","","","{""building"":""yes"",""height"":""4""}"
"w96665890","way","96665890","5","2020-07-09T13:50:42Z","playable","building","LineString|MultiPolygon","area","","building=residential","6","2","not_started","","","{""addr:housenumber"":""1111"",""addr:street"":""Keppler Court"",""building"":""residential"",""building:levels"":""2"",""height"":""6""}"
"w96665892","way","96665892","5","2020-07-09T13:50:42Z","playable","building","LineString|MultiPolygon","area","","building=residential","6","2","not_started","","","{""addr:housenumber"":""1137"",""addr:street"":""Mason Court"",""building"":""residential"",""building:levels"":""2"",""height"":""6""}"
"w96665893","way","96665893","5","2018-01-25T19:29:09Z","playable","building","LineString|MultiPolygon","area","","building=residential","6","2","not_started","","","{""addr:housenumber"":""1210"",""addr:street"":""Mariner Drive"",""building"":""residential"",""building:levels"":""2"",""height"":""6""}"
"w96665897","way","96665897","5","2020-07-09T13:50:42Z","playable","building","LineString|MultiPolygon","area","","building=residential","6","2","not_started","","","{""addr:housenumber"":""1112"",""addr:street"":""Hutchins Court"",""building"":""residential"",""building:levels"":""2"",""height"":""6""}"
"w96665899","way","96665899","3","2018-01-25T19:29:09Z","playable","building","LineString|MultiPolygon","area","","building=yes","6","","not_started","","","{""building"":""yes"",""height"":""6""}"
"w96665900","way","96665900","4","2020-07-09T13:50:42Z","playable","building","LineString|MultiPolygon","area","","building=yes","6","","not_started","","","{""addr:housenumber"":""1442"",""addr:street"":""Chinook Court"",""building"":""yes"",""height"":""6""}"
"w96665902","way","96665902","3","2018-01-22T18:55:36Z","playable","building","LineString|MultiPolygon","area","","building=yes","4","","not_started","","","{""building"":""yes"",""height"":""4""}"
"w96665903","way","96665903","4","2020-07-09T13:50:42Z","playable","building","LineString|MultiPolygon","area","","building=yes","6","","not_started","","","{""addr:housenumber"":""1124"",""addr:street"":""Reeves Court"",""building"":""yes"",""height"":""6""}"
"w96665904","way","96665904","6","2021-03-29T07:50:30Z","playable","building","LineString|MultiPolygon","area","","building=residential","6","2","not_started","","","{""addr:housenumber"":""1237"",""addr:street"":""Northpoint Drive"",""building"":""residential"",""building:levels"":""2"",""height"":""6""}"
"w96665906","way","96665906","5","2020-07-09T13:50:42Z","playable","building","LineString|MultiPolygon","area","","building=residential","6","2","not_started","","","{""addr:housenumber"":""1147"",""addr:street"":""Ozbourn Court"",""building"":""residential"",""building:levels"":""2"",""height"":""6""}"
"w96665907","way","96665907","5","2020-07-09T13:50:42Z","playable","building","LineString|MultiPolygon","area","","building=residential","6","2","not_started","","","{""addr:housenumber"":""1129"",""addr:street"":""Mason Court"",""building"":""residential"",""building:levels"":""2"",""height"":""6""}"
"w96665908","way","96665908","5","2018-01-22T18:57:19Z","playable","building","LineString|MultiPolygon","area","","building=residential","6","2","not_started","","","{""addr:housenumber"":""1203"",""addr:street"":""Bayside Drive"",""building"":""residential"",""building:levels"":""2"",""height"":""6""}"
"w96665909","way","96665909","5","2020-07-09T13:50:42Z","playable","building","LineString|MultiPolygon","area","","building=residential","6","2","not_started","","","{""addr:housenumber"":""1149"",""addr:street"":""Ozbourn Court"",""building"":""residential"",""building:levels"":""2"",""height"":""6""}"
"w96665910","way","96665910","4","2020-07-09T13:50:42Z","playable","building","LineString|MultiPolygon","area","","building=yes","6","","not_started","","","{""addr:housenumber"":""1110"",""addr:street"":""Hutchins Court"",""building"":""yes"",""height"":""6""}"
"w96665911","way","96665911","6","2020-05-26T19:59:19Z","playable","building","LineString|MultiPolygon","area","","building=abandoned","6","2","not_started","","","{""addr:housenumber"":""1229"",""addr:street"":""Northpoint Drive"",""building"":""abandoned"",""building:levels"":""2"",""height"":""6""}"
"w96665912","way","96665912","4","2018-01-22T18:56:14Z","playable","building","LineString|MultiPolygon","area","","building=residential","6","2","not_started","","","{""addr:housenumber"":""901/1304"",""building"":""residential"",""building:levels"":""2"",""height"":""6""}"
"w96665915","way","96665915","5","2020-07-09T13:50:42Z","playable","building","LineString|MultiPolygon","area","","building=residential","6","2","not_started","","","{""addr:housenumber"":""1109"",""addr:street"":""Keppler Court"",""building"":""residential"",""building:levels"":""2"",""height"":""6""}"
"w96665916","way","96665916","5","2020-05-26T19:59:19Z","playable","building","LineString|MultiPolygon","area","","building=residential","6","2","not_started","","","{""addr:housenumber"":""1242"",""addr:street"":""Northpoint Drive"",""building"":""residential"",""building:levels"":""2"",""height"":""6""}"
"w96665918","way","96665918","6","2018-01-22T18:56:14Z","playable","building","LineString|MultiPolygon","area","","building=residential","6","2","not_started","","","{""addr:housenumber"":""1310"",""addr:street"":""Gateview Avenue"",""building"":""residential"",""building:levels"":""2"",""height"":""6""}"
"w96665919","way","96665919","5","2020-07-09T13:50:42Z","playable","building","LineString|MultiPolygon","area","","building=residential","6","2","not_started","","","{""addr:housenumber"":""1116"",""addr:street"":""Hutchins Court"",""building"":""residential"",""building:levels"":""2"",""height"":""6""}"
"w96665920","way","96665920","5","2020-07-09T13:50:42Z","playable","building","LineString|MultiPolygon","area","","building=residential","6","2","not_started","","","{""addr:housenumber"":""1131"",""addr:street"":""Mason Court"",""building"":""residential"",""building:levels"":""2"",""height"":""6""}"
"w96665921","way","96665921","6","2020-07-09T13:50:42Z","playable","building","LineString|MultiPolygon","area","1113 Keppler Court","building=residential","6","2","not_started","","","{""addr:housenumber"":""1113"",""addr:street"":""Keppler Court"",""building"":""residential"",""building:levels"":""2"",""height"":""6"",""name"":""1113 Keppler Court""}"
"w96665922","way","96665922","5","2020-07-09T13:50:42Z","playable","building","LineString|MultiPolygon","area","","building=residential","6","2","not_started","","","{""addr:housenumber"":""1114"",""addr:street"":""Hutchins Court"",""building"":""residential"",""building:levels"":""2"",""height"":""6""}"
"w96665923","way","96665923","4","2020-07-09T13:50:42Z","playable","building","LineString|MultiPolygon","area","","building=yes","6","","not_started","","","{""addr:housenumber"":""1120"",""addr:street"":""Reeves Court"",""building"":""yes"",""height"":""6""}"
"w96665924","way","96665924","6","2020-01-20T07:56:09Z","playable","building","LineString|MultiPolygon","area","","building=yes","","","not_started","","","{""building"":""yes""}"
"w96665925","way","96665925","5","2020-07-09T13:50:42Z","playable","building","LineString|MultiPolygon","area","","building=abandoned","6","2","not_started","","","{""access"":""no"",""addr:housenumber"":""1107"",""addr:street"":""Bigelow Court"",""building"":""abandoned"",""building:levels"":""2"",""height"":""6""}"
"w96665928","way","96665928","5","2020-07-09T13:50:42Z","playable","building","LineString|MultiPolygon","area","","building=residential","7","2","not_started","","","{""addr:housenumber"":""1117"",""addr:street"":""Keppler Court"",""building"":""residential"",""building:levels"":""2"",""height"":""7""}"
"w96665933","way","96665933","4","2020-07-09T13:50:42Z","playable","building","LineString|MultiPolygon","area","","building=yes","6","","not_started","","","{""addr:housenumber"":""1105"",""addr:street"":""Bigelow Court"",""building"":""yes"",""height"":""6""}"
"w96665935","way","96665935","5","2020-07-09T13:50:42Z","playable","building","LineString|MultiPolygon","area","","building=residential","6","2","not_started","","","{""addr:housenumber"":""1135"",""addr:street"":""Mason Court"",""building"":""residential"",""building:levels"":""2"",""height"":""6""}"
"w96665936","way","96665936","4","2020-07-09T13:50:42Z","playable","building","LineString|MultiPolygon","area","","building=yes","6","","not_started","","","{""addr:housenumber"":""1128"",""addr:street"":""Reeves Court"",""building"":""yes"",""height"":""6""}"
"w96698611","way","96698611","2","2023-09-30T18:30:38Z","playable","building","LineString|MultiPolygon","area","","building=yes","","","not_started","","","{""building"":""yes""}"
"w96698619","way","96698619","5","2018-01-25T19:29:11Z","playable","building","LineString|MultiPolygon","area","","building=residential","6","2","not_started","","","{""addr:housenumber"":""1254"",""building"":""residential"",""building:levels"":""2"",""height"":""6""}"
"w96698627","way","96698627","6","2018-01-25T19:29:11Z","playable","building","LineString|MultiPolygon","area","","building=residential","6","2","not_started","","","{""addr:housenumber"":""1216/1430"",""addr:street"":""Gateview Court"",""building"":""residential"",""building:levels"":""2"",""height"":""6""}"
"w96698634","way","96698634","5","2018-01-22T18:58:54Z","playable","building","LineString|MultiPolygon","area","","building=residential","6","2","not_started","","","{""addr:housenumber"":""1253"",""building"":""residential"",""building:levels"":""2"",""height"":""6""}"
"w96698641","way","96698641","4","2018-01-22T18:56:15Z","playable","building","LineString|MultiPolygon","area","","building=yes","4","1","not_started","","","{""building"":""yes"",""building:levels"":""1"",""height"":""4""}"
"w96698643","way","96698643","5","2018-01-25T19:29:11Z","playable","building","LineString|MultiPolygon","area","","building=residential","6","2","not_started","","","{""addr:housenumber"":""1249"",""building"":""residential"",""building:levels"":""2"",""height"":""6""}"
"w96698645","way","96698645","6","2018-01-25T19:29:11Z","playable","building","LineString|MultiPolygon","area","","building=residential","6","2","not_started","","","{""addr:housenumber"":""1214/1420"",""addr:street"":""Gateview Court"",""building"":""residential"",""building:levels"":""2"",""height"":""6""}"
"w96698648","way","96698648","5","2018-01-25T19:29:11Z","playable","building","LineString|MultiPolygon","area","","building=residential","6","2","not_started","","","{""addr:housenumber"":""1252"",""building"":""residential"",""building:levels"":""2"",""height"":""6""}"
"w96698650","way","96698650","4","2018-01-22T18:55:36Z","playable","building","LineString|MultiPolygon","area","","building=abandoned","4","","not_started","","","{""building"":""abandoned"",""height"":""4""}"
"w96698651","way","96698651","5","2020-07-09T13:50:42Z","playable","building","LineString|MultiPolygon","area","","building=residential","6","2","not_started","","","{""addr:housenumber"":""1315"",""addr:street"":""Gateview Avenue"",""building"":""residential"",""building:levels"":""2"",""height"":""6""}"
"w96698652","way","96698652","5","2018-01-25T19:29:11Z","playable","building","LineString|MultiPolygon","area","","building=residential","6","2","not_started","","","{""addr:housenumber"":""1223"",""addr:street"":""Mariner Drive"",""building"":""residential"",""building:levels"":""2"",""height"":""6""}"
"w96698653","way","96698653","4","2018-01-22T18:56:15Z","playable","building","LineString|MultiPolygon","area","","building=yes","4","1","not_started","","","{""building"":""yes"",""building:levels"":""1"",""height"":""4""}"
"w96698654","way","96698654","4","2018-01-22T18:56:15Z","playable","building","LineString|MultiPolygon","area","","building=yes","4","1","not_started","","","{""building"":""yes"",""building:levels"":""1"",""height"":""4""}"
"w96698658","way","96698658","5","2026-04-23T18:34:33Z","playable","building","LineString|MultiPolygon","area","","building=residential","6","2","not_started","","","{""addr:housenumber"":""1250"",""building"":""residential"",""building:levels"":""2"",""height"":""6""}"
"w96698660","way","96698660","4","2018-01-22T18:56:15Z","playable","building","LineString|MultiPolygon","area","","building=yes","4","1","not_started","","","{""addr:housenumber"":""810"",""addr:street"":""Avenue D"",""building"":""yes"",""building:levels"":""1"",""height"":""4""}"
"w96698662","way","96698662","2","2011-05-01T10:26:00Z","playable","building","LineString|MultiPolygon","area","","building=residential","","","not_started","","","{""building"":""residential""}"
"w96698663","way","96698663","5","2020-05-26T19:59:19Z","playable","building","LineString|MultiPolygon","area","","building=residential","7","2","not_started","","","{""addr:housenumber"":""1243"",""addr:street"":""Northpoint Drive"",""building"":""residential"",""building:levels"":""2"",""height"":""7""}"
"w96698667","way","96698667","6","2018-01-25T19:29:12Z","playable","building","LineString|MultiPolygon","area","","building=residential","6","2","not_started","","","{""addr:housenumber"":""1218/1440"",""addr:street"":""Gateview Court"",""building"":""residential"",""building:levels"":""2"",""height"":""6""}"
"w96698672","way","96698672","5","2020-05-26T19:59:19Z","playable","building","LineString|MultiPolygon","area","","building=residential","6","2","not_started","","","{""addr:housenumber"":""1245"",""addr:street"":""Northpoint Drive"",""building"":""residential"",""building:levels"":""2"",""height"":""6""}"
"w96698673","way","96698673","6","2026-04-23T18:34:33Z","playable","building","LineString|MultiPolygon","area","","building=residential","6","2","not_started","","","{""addr:housenumber"":""1247"",""building"":""residential"",""building:levels"":""2"",""height"":""6""}"
"w109905031","way","109905031","2","2011-04-25T07:08:37Z","playable","building","LineString|MultiPolygon","area","Education Center Building 29A","building=abandoned","","1","not_started","","","{""addr:housenumber"":""550"",""addr:street"":""Avenue H"",""building"":""abandoned"",""building:levels"":""1"",""name"":""Education Center Building 29A"",""source"":""Yahoo""}"
"w109905037","way","109905037","2","2011-04-25T07:08:41Z","playable","building","LineString|MultiPolygon","area","Education Center Building 29C","building=abandoned","","1","not_started","","","{""addr:housenumber"":""550"",""addr:street"":""Avenue H"",""building"":""abandoned"",""building:levels"":""1"",""name"":""Education Center Building 29C"",""source"":""Yahoo""}"
"w109905040","way","109905040","2","2011-04-25T07:08:39Z","playable","building","LineString|MultiPolygon","area","Education Center Building 29E","building=abandoned","","1","not_started","","","{""addr:housenumber"":""550"",""addr:street"":""Avenue H"",""building"":""abandoned"",""building:levels"":""1"",""name"":""Education Center Building 29E"",""source"":""Yahoo""}"
"w109905044","way","109905044","2","2011-04-25T07:08:40Z","playable","building","LineString|MultiPolygon","area","Education Center Building 29D","building=abandoned","","1","not_started","","","{""addr:housenumber"":""550"",""addr:street"":""Avenue H"",""building"":""abandoned"",""building:levels"":""1"",""name"":""Education Center Building 29D"",""source"":""Yahoo""}"
"w110188516","way","110188516","4","2018-01-22T18:55:36Z","playable","building","LineString|MultiPolygon","area","","building=abandoned","4","2","not_started","","","{""addr:street"":""Avenue H"",""building"":""abandoned"",""building:levels"":""2"",""height"":""4""}"
"w111322535","way","111322535","3","2018-01-22T18:55:36Z","playable","building","LineString|MultiPolygon","area","","building=service","7","","not_started","","","{""building"":""service"",""height"":""7""}"
"w291189926","way","291189926","3","2024-02-20T05:25:18Z","playable","building","LineString|MultiPolygon","area","US Dept of Labor Job Corps Dormitory Building 369","building=dormitory","","","not_started","","","{""addr:housenumber"":""275"",""addr:street"":""California Avenue"",""building"":""dormitory"",""name"":""US Dept of Labor Job Corps Dormitory Building 369""}"
"w291193741","way","291193741","3","2018-01-22T18:55:37Z","playable","building","LineString|MultiPolygon","area","","building=yes","5","","not_started","","","{""building"":""yes"",""height"":""5""}"
"w291193744","way","291193744","3","2018-01-22T18:55:37Z","playable","building","LineString|MultiPolygon","area","","building=yes","3","","not_started","","","{""building"":""yes"",""height"":""3""}"
"w291193754","way","291193754","4","2020-11-24T14:08:24Z","playable","building","LineString|MultiPolygon","area","","building=yes","8","","not_started","","","{""building"":""yes"",""height"":""8""}"
"w291193760","way","291193760","3","2018-01-22T18:58:54Z","playable","building","LineString|MultiPolygon","area","","building=yes","15","","not_started","","","{""building"":""yes"",""height"":""15""}"
"w291193766","way","291193766","3","2018-01-22T18:55:37Z","playable","building","LineString|MultiPolygon","area","","building=yes","10","","not_started","","","{""building"":""yes"",""height"":""10""}"
"w291193770","way","291193770","3","2018-01-22T18:55:37Z","playable","building","LineString|MultiPolygon","area","","building=yes","9","","not_started","","","{""building"":""yes"",""height"":""9""}"
"w291196366","way","291196366","3","2018-01-22T18:58:55Z","playable","building","LineString|MultiPolygon","area","","building=yes","5","","not_started","","","{""building"":""yes"",""height"":""5""}"
"w291196367","way","291196367","3","2018-01-22T18:58:55Z","playable","building","LineString|MultiPolygon","area","","building=yes","6","","not_started","","","{""building"":""yes"",""height"":""6""}"
"w291196369","way","291196369","3","2018-01-22T18:58:55Z","playable","building","LineString|MultiPolygon","area","","building=yes","2","","not_started","","","{""building"":""yes"",""height"":""2""}"
"w291196370","way","291196370","3","2018-01-22T18:58:55Z","playable","building","LineString|MultiPolygon","area","","building=yes","6","","not_started","","","{""building"":""yes"",""height"":""6""}"
"w291196371","way","291196371","3","2018-01-22T18:58:55Z","playable","building","LineString|MultiPolygon","area","","building=yes","11","","not_started","","","{""building"":""yes"",""height"":""11""}"
"w291196372","way","291196372","3","2018-01-22T18:58:56Z","playable","building","LineString|MultiPolygon","area","","building=yes","5","","not_started","","","{""building"":""yes"",""height"":""5""}"
"w291196373","way","291196373","3","2018-01-22T18:58:56Z","playable","building","LineString|MultiPolygon","area","","building=yes","3","","not_started","","","{""building"":""yes"",""height"":""3""}"
"w291196374","way","291196374","3","2018-01-22T18:58:56Z","playable","building","LineString|MultiPolygon","area","","building=yes","5","","not_started","","","{""building"":""yes"",""height"":""5""}"
"w291196375","way","291196375","3","2018-01-22T18:58:56Z","playable","building","LineString|MultiPolygon","area","","building=yes","4","","not_started","","","{""building"":""yes"",""height"":""4""}"
"w291196377","way","291196377","4","2018-08-12T03:50:35Z","playable","building","LineString|MultiPolygon","area","","building=service","4","","not_started","","","{""building"":""service"",""height"":""4""}"
"w291196379","way","291196379","3","2018-01-22T18:58:56Z","playable","building","LineString|MultiPolygon","area","","building=yes","2","","not_started","","","{""building"":""yes"",""height"":""2""}"
"w291196381","way","291196381","3","2018-01-22T18:58:56Z","playable","building","LineString|MultiPolygon","area","","building=yes","2","","not_started","","","{""building"":""yes"",""height"":""2""}"
"w291196382","way","291196382","3","2018-01-22T18:58:56Z","playable","building","LineString|MultiPolygon","area","","building=yes","1","","not_started","","","{""building"":""yes"",""height"":""1""}"
"w291196386","way","291196386","1","2014-07-03T14:56:50Z","playable","building","LineString|MultiPolygon","area","","building=yes","","","not_started","","","{""building"":""yes""}"
"w545387426","way","545387426","1","2017-12-08T04:11:03Z","playable","building","LineString|MultiPolygon","area","","building=yes","","","not_started","","","{""building"":""yes""}"
"w1001544698","way","1001544698","1","2021-11-11T19:57:30Z","playable","building","LineString|MultiPolygon","area","","building=yes","","","not_started","","","{""building"":""yes""}"
"w1043836450","way","1043836450","1","2022-03-25T17:56:41Z","playable","building","LineString|MultiPolygon","area","","building=yes","","","not_started","","","{""building"":""yes""}"
"w1098437841","way","1098437841","1","2022-09-28T04:35:17Z","playable","building","LineString|MultiPolygon","area","","building=yes","","","not_started","","","{""building"":""yes""}"
"w1212173437","way","1212173437","4","2025-04-06T04:37:54Z","playable","building","LineString|MultiPolygon","area","Star View Court","building=apartments","","7","not_started","","","{""building"":""apartments"",""building:levels"":""7"",""name"":""Star View Court""}"
"w1222514685","way","1222514685","1","2023-11-10T14:12:47Z","playable","building","LineString|MultiPolygon","area","","building=yes","","","not_started","","","{""building"":""yes""}"
"w1222514686","way","1222514686","1","2023-11-10T14:12:47Z","playable","building","LineString|MultiPolygon","area","","building=yes","","","not_started","","","{""building"":""yes""}"
"w1222514695","way","1222514695","2","2025-03-23T16:25:59Z","playable","building","LineString|MultiPolygon","area","","building=shelter","","","not_started","","","{""building"":""shelter""}"
"w1222720021","way","1222720021","1","2023-11-11T11:40:09Z","playable","building","LineString|MultiPolygon","area","","man_made=tower","","","not_started","","","{""building"":""yes"",""layer"":""1"",""man_made"":""tower"",""tower:type"":""observation""}"
"w1249412093","way","1249412093","3","2025-04-06T04:37:54Z","playable","building","LineString|MultiPolygon","area","Hawkins","building=apartments","","","not_started","","","{""building"":""apartments"",""name"":""Hawkins""}"
"w1249412094","way","1249412094","6","2026-01-22T21:45:19Z","playable","building","LineString|MultiPolygon","area","Isle House","building=apartments","67","22","not_started","","","{""addr:city"":""San Francisco"",""addr:housenumber"":""39"",""addr:postcode"":""94130"",""addr:state"":""CA"",""addr:street"":""Bruton Street"",""building"":""apartments"",""building:levels"":""22"",""check_date"":""2025-11-15"",""email"":""islehousesf@greystar.com"",""height"":""67"",""name"":""Isle House"",""operator"":""Greystar"",""operator:wikidata"":""Q60749135"",""pets_allowed"":""yes"",""phone"":""+1 888-893-5161"",""website"":""https://www.islehousesf.com/""}"
"w1272162518","way","1272162518","3","2025-11-16T03:53:10Z","playable","building","LineString|MultiPolygon","area","490 Avenue of the Palms","building=condominium","","5","not_started","","","{""addr:city"":""San Francisco"",""addr:housenumber"":""490"",""addr:postcode"":""94130"",""addr:state"":""CA"",""addr:street"":""Avenue of the Palms"",""building"":""condominium"",""building:levels"":""5"",""name"":""490 Avenue of the Palms""}"
"w1308007112","way","1308007112","1","2024-08-15T18:33:16Z","playable","building","LineString|MultiPolygon","area","","building=yes","","","not_started","","","{""building"":""yes""}"
"w1308007113","way","1308007113","1","2024-08-15T18:33:16Z","playable","building","LineString|MultiPolygon","area","","building=yes","","","not_started","","","{""building"":""yes""}"
"w1308007114","way","1308007114","1","2024-08-15T18:33:16Z","playable","building","LineString|MultiPolygon","area","","building=yes","","","not_started","","","{""building"":""yes""}"
"w1473253276","way","1473253276","1","2026-02-01T00:54:18Z","playable","building","LineString|MultiPolygon","area","","building=yes","","","not_started","","","{""building"":""yes"",""office"":""security""}"
"w1282547786","way","1282547786","1","2024-05-13T18:00:17Z","playable","building_part","LineString|MultiPolygon","area","","building:part=yes","67","22","not_started","","Resolve overlap with parent building without losing either source ID","{""building:levels"":""22"",""building:part"":""yes"",""height"":""67""}"
"w1282547787","way","1282547787","1","2024-05-13T18:00:17Z","playable","building_part","LineString|MultiPolygon","area","","building:part=yes","","5","not_started","","Resolve overlap with parent building without losing either source ID","{""building:levels"":""5"",""building:part"":""yes""}"
