Godot Engine v4.7.2.stable.official.ed1daf0bf - https://godotengine.org

[   0% ] [90m[1mfirst_scan_filesystem[22m | Started Project initialization (5 steps)[39m[0m
[   0% ] [90m[1mfirst_scan_filesystem[22m | Scanning file structure...[39m[0m
[  16% ] [90m[1mfirst_scan_filesystem[22m | Loading global class names...[39m[0m
[  33% ] [90m[1mfirst_scan_filesystem[22m | Verifying GDExtensions...[39m[0m
[  50% ] [90m[1mfirst_scan_filesystem[22m | Creating autoload scripts...[39m[0m
[  66% ] [90m[1mfirst_scan_filesystem[22m | Initializing plugins...[39m[0m
[  83% ] [90m[1mfirst_scan_filesystem[22m | Starting file scan...[39m[0m
[92m[ DONE ][39m [1mfirst_scan_filesystem[22m
[0m
WARNING: Missing .uid file for path "res://game/scripts/world/facades/northpoint_1232_asset.gd". The file was re-created from cache.
     at: _process_file_system (editor/file_system/editor_file_system.cpp:1391)
WARNING: Missing .uid file for path "res://game/tests/building_1_wing_window_reveal_candidate_capture.gd". The file was re-created from cache.
     at: _process_file_system (editor/file_system/editor_file_system.cpp:1391)
WARNING: Missing .uid file for path "res://game/tests/headless_building_1_wing_returns_v2_current_package_contract.gd". The file was re-created from cache.
     at: _process_file_system (editor/file_system/editor_file_system.cpp:1391)
WARNING: Missing .uid file for path "res://game/tests/headless_building_1_wing_window_reveal_candidate_evidence_contract.gd". The file was re-created from cache.
     at: _process_file_system (editor/file_system/editor_file_system.cpp:1391)
WARNING: Missing .uid file for path "res://game/tests/headless_building_1_wing_window_reveal_candidate_package_contract.gd". The file was re-created from cache.
     at: _process_file_system (editor/file_system/editor_file_system.cpp:1391)
WARNING: Missing .uid file for path "res://game/tests/housing_asset_reuse_demo.gd". The file was re-created from cache.
     at: _process_file_system (editor/file_system/editor_file_system.cpp:1391)
WARNING: Missing .uid file for path "res://game/tests/housing_row_family_demo.gd". The file was re-created from cache.
     at: _process_file_system (editor/file_system/editor_file_system.cpp:1391)
[   0% ] [90m[1mupdate_scripts_classes[22m | Started Registering global classes... (9 steps)[39m[0m
[   0% ] [90m[1mupdate_scripts_classes[22m | FacadeRuntimeRegistryLoader[39m[0m
[  10% ] [90m[1mupdate_scripts_classes[22m | [39m[0m
[  20% ] [90m[1mupdate_scripts_classes[22m | [39m[0m
[  30% ] [90m[1mupdate_scripts_classes[22m | WorldLoader[39m[0m
[  40% ] [90m[1mupdate_scripts_classes[22m | GameMain[39m[0m
[  50% ] [90m[1mupdate_scripts_classes[22m | [39m[0m
[  60% ] [90m[1mupdate_scripts_classes[22m | [39m[0m
[  70% ] [90m[1mupdate_scripts_classes[22m | [39m[0m
[  80% ] [90m[1mupdate_scripts_classes[22m | [39m[0m
[92m[ DONE ][39m [1mupdate_scripts_classes[22m
[0m
[   0% ] [90m[1mexport[22m | Started Exporting for macOS (3 steps)[39m[0m
[   0% ] [90m[1mexport[22m | Creating app bundle[39m[0m
[  25% ] [90m[1mexport[22m | Making PKG[39m[0m
[   0% ] [90m[1msavepack[22m | Started Packing (102 steps)[39m[0m
[   1% ] [90m[1msavepack[22m | Storing File: res://generated/world/chunks/x_-1__z_-1.json[39m[0m
[   1% ] [90m[1msavepack[22m | Storing File: res://generated/world/chunks/x_-1__z_-2.json[39m[0m
[   1% ] [90m[1msavepack[22m | Storing File: res://generated/world/chunks/x_-1__z_-3.json[39m[0m
[   1% ] [90m[1msavepack[22m | Storing File: res://generated/world/chunks/x_-1__z_-4.json[39m[0m
[   1% ] [90m[1msavepack[22m | Storing File: res://generated/world/chunks/x_-1__z_0.json[39m[0m
[   1% ] [90m[1msavepack[22m | Storing File: res://generated/world/chunks/x_-1__z_1.json[39m[0m
[   1% ] [90m[1msavepack[22m | Storing File: res://generated/world/chunks/x_-1__z_2.json[39m[0m
[   1% ] [90m[1msavepack[22m | Storing File: res://generated/world/chunks/x_-1__z_3.json[39m[0m
[   1% ] [90m[1msavepack[22m | Storing File: res://generated/world/chunks/x_-2__z_-1.json[39m[0m
[   1% ] [90m[1msavepack[22m | Storing File: res://generated/world/chunks/x_-2__z_-2.json[39m[0m
[   1% ] [90m[1msavepack[22m | Storing File: res://generated/world/chunks/x_-2__z_-3.json[39m[0m
[   1% ] [90m[1msavepack[22m | Storing File: res://generated/world/chunks/x_-2__z_-4.json[39m[0m
[   1% ] [90m[1msavepack[22m | Storing File: res://generated/world/chunks/x_-2__z_0.json[39m[0m
[   1% ] [90m[1msavepack[22m | Storing File: res://generated/world/chunks/x_-2__z_1.json[39m[0m
[   1% ] [90m[1msavepack[22m | Storing File: res://generated/world/chunks/x_-2__z_2.json[39m[0m
[   1% ] [90m[1msavepack[22m | Storing File: res://generated/world/chunks/x_-3__z_-1.json[39m[0m
[   1% ] [90m[1msavepack[22m | Storing File: res://generated/world/chunks/x_-3__z_-2.json[39m[0m
[   1% ] [90m[1msavepack[22m | Storing File: res://generated/world/chunks/x_-3__z_-3.json[39m[0m
[   1% ] [90m[1msavepack[22m | Storing File: res://generated/world/chunks/x_-3__z_-4.json[39m[0m
[   1% ] [90m[1msavepack[22m | Storing File: res://generated/world/chunks/x_-3__z_0.json[39m[0m
[   1% ] [90m[1msavepack[22m | Storing File: res://generated/world/chunks/x_0__z_-1.json[39m[0m
[   1% ] [90m[1msavepack[22m | Storing File: res://generated/world/chunks/x_0__z_-2.json[39m[0m
[   1% ] [90m[1msavepack[22m | Storing File: res://generated/world/chunks/x_0__z_-3.json[39m[0m
[   1% ] [90m[1msavepack[22m | Storing File: res://generated/world/chunks/x_0__z_-4.json[39m[0m
[   1% ] [90m[1msavepack[22m | Storing File: res://generated/world/chunks/x_0__z_0.json[39m[0m
[   1% ] [90m[1msavepack[22m | Storing File: res://generated/world/chunks/x_0__z_1.json[39m[0m
[   1% ] [90m[1msavepack[22m | Storing File: res://generated/world/chunks/x_0__z_2.json[39m[0m
[   1% ] [90m[1msavepack[22m | Storing File: res://generated/world/chunks/x_0__z_3.json[39m[0m
[   1% ] [90m[1msavepack[22m | Storing File: res://generated/world/chunks/x_1__z_-1.json[39m[0m
[   1% ] [90m[1msavepack[22m | Storing File: res://generated/world/chunks/x_1__z_-2.json[39m[0m
[   1% ] [90m[1msavepack[22m | Storing File: res://generated/world/chunks/x_1__z_-3.json[39m[0m
[   1% ] [90m[1msavepack[22m | Storing File: res://generated/world/chunks/x_1__z_0.json[39m[0m
[   1% ] [90m[1msavepack[22m | Storing File: res://generated/world/chunks/x_1__z_1.json[39m[0m
[   1% ] [90m[1msavepack[22m | Storing File: res://generated/world/chunks/x_1__z_2.json[39m[0m
[   1% ] [90m[1msavepack[22m | Storing File: res://generated/world/chunks/x_2__z_-1.json[39m[0m
[   1% ] [90m[1msavepack[22m | Storing File: res://generated/world/chunks/x_2__z_0.json[39m[0m
[   1% ] [90m[1msavepack[22m | Storing File: res://generated/world/chunks/x_2__z_1.json[39m[0m
[   1% ] [90m[1msavepack[22m | Storing File: res://generated/world/chunks/x_2__z_2.json[39m[0m
[   1% ] [90m[1msavepack[22m | Storing File: res://generated/world/context.json[39m[0m
[   1% ] [90m[1msavepack[22m | Storing File: res://generated/world/coverage-ledger.csv[39m[0m
[   1% ] [90m[1msavepack[22m | Storing File: res://generated/world/coverage-summary.json[39m[0m
[   1% ] [90m[1msavepack[22m | Storing File: res://generated/world/logical-objects.json[39m[0m
[   1% ] [90m[1msavepack[22m | Storing File: res://generated/world/manifest.json[39m[0m
[   1% ] [90m[1msavepack[22m | Storing File: res://generated/world/qa/pavement-skin.json[39m[0m
[   1% ] [90m[1msavepack[22m | Storing File: res://generated/world/qa/validation-report.json[39m[0m
[   1% ] [90m[1msavepack[22m | Storing File: res://generated/world/terrain.json[39m[0m
[   1% ] [90m[1msavepack[22m | Storing File: res://generated/world/vegetation.json[39m[0m
[   1% ] [90m[1msavepack[22m | Storing File: res://game/tests/w291196370_module_calibration_capture.gdc[39m[0m
[   1% ] [90m[1msavepack[22m | Storing File: res://game/tests/ymca_exact_run_trial_capture.gdc[39m[0m
[   1% ] [90m[1msavepack[22m | Storing File: res://game/resources/facades/d1_current/repairs/d1_b225_nnw_long_cladding_repair_v1.json[39m[0m
[   1% ] [90m[1msavepack[22m | Storing File: res://game/resources/facades/d1_current/d1_b201_live_attachment.json[39m[0m
[   1% ] [90m[1msavepack[22m | Storing File: res://game/resources/facades/d1_current/d1_b201_public_wsw.json[39m[0m
[   1% ] [90m[1msavepack[22m | Storing File: res://game/resources/facades/d1_current/d1_b225_live_attachment.json[39m[0m
[   1% ] [90m[1msavepack[22m | Storing File: res://game/resources/facades/d1_current/d1_b225_nnw_long.json[39m[0m
[   2% ] [90m[1msavepack[22m | Storing File: res://game/resources/facades/d1_current/d1_current_standalone_pair.json[39m[0m
[   2% ] [90m[1msavepack[22m | Storing File: res://game/resources/facades/batch_02_material_registry.json[39m[0m
[   2% ] [90m[1msavepack[22m | Storing File: res://game/resources/facades/batch_03_material_registry.json[39m[0m
[   2% ] [90m[1msavepack[22m | Storing File: res://game/resources/facades/batch_04_material_registry.json[39m[0m
[   2% ] [90m[1msavepack[22m | Storing File: res://game/resources/facades/batch_06_prototype_registry.json[39m[0m
[   2% ] [90m[1msavepack[22m | Storing File: res://game/resources/facades/bayside_1215_study.json[39m[0m
[   3% ] [90m[1msavepack[22m | Storing File: res://game/resources/facades/bayside_1220_study.json[39m[0m
[   3% ] [90m[1msavepack[22m | Storing File: res://game/resources/facades/bayside_1222_study.json[39m[0m
[   3% ] [90m[1msavepack[22m | Storing File: res://game/resources/facades/bayside_1226_study.json[39m[0m
[   3% ] [90m[1msavepack[22m | Storing File: res://game/resources/facades/building_1_exact_receiver_calibration.json[39m[0m
[   3% ] [90m[1msavepack[22m | Storing File: res://game/resources/facades/building_1_hero_model.json[39m[0m
[   3% ] [90m[1msavepack[22m | Storing File: res://game/resources/facades/building_1_public_front_believability.json[39m[0m
[   4% ] [90m[1msavepack[22m | Storing File: res://game/resources/facades/building_1_recognizability_placements.json[39m[0m
[   4% ] [90m[1msavepack[22m | Storing File: res://game/resources/facades/building_1_standalone_prototypes.json[39m[0m
[   4% ] [90m[1msavepack[22m | Storing File: res://game/resources/facades/building_3_600_california_ene_layout.json[39m[0m
[   4% ] [90m[1msavepack[22m | Storing File: res://game/resources/facades/building_3_hero_massing.json[39m[0m
[   4% ] [90m[1msavepack[22m | Storing File: res://game/resources/facades/d2_1439_chinook_quality_v2_live_replacement.json[39m[0m
[   4% ] [90m[1msavepack[22m | Storing File: res://game/resources/facades/d2_1439_chinook_quality_v2_prototype.json[39m[0m
[   5% ] [90m[1msavepack[22m | Storing File: res://game/resources/facades/d2_1439_chinook_standalone_hero_prototype.json[39m[0m
[   5% ] [90m[1msavepack[22m | Storing File: res://game/resources/facades/d2_1441_chinook_live_replacement.json[39m[0m
[   5% ] [90m[1msavepack[22m | Storing File: res://game/resources/facades/d2_1441_chinook_standalone_hero_prototype.json[39m[0m
[   5% ] [90m[1msavepack[22m | Storing File: res://game/resources/facades/d2_1444_croaker_quality_v2_live_replacement.json[39m[0m
[   5% ] [90m[1msavepack[22m | Storing File: res://game/resources/facades/d2_1444_croaker_quality_v2_prototype.json[39m[0m
[   5% ] [90m[1msavepack[22m | Storing File: res://game/resources/facades/d2_1444_croaker_standalone_hero_prototype.json[39m[0m
[   6% ] [90m[1msavepack[22m | Storing File: res://game/resources/facades/d5_1308_gateview_live_factory.json[39m[0m
[   6% ] [90m[1msavepack[22m | Storing File: res://game/resources/facades/d5_1308_gateview_live_replacement.json[39m[0m
[   6% ] [90m[1msavepack[22m | Storing File: res://game/resources/facades/d5_1308_lawn_tone.gdshader[39m[0m
[   6% ] [90m[1msavepack[22m | Storing File: res://game/resources/facades/d5_1308_siding_marks.gdshader[39m[0m
[   6% ] [90m[1msavepack[22m | Storing File: res://game/resources/facades/d5_1317_gateview_live_replacement.json[39m[0m
[   6% ] [90m[1msavepack[22m | Storing File: res://game/resources/facades/d5_1317_gateview_quality_study.json[39m[0m
[   7% ] [90m[1msavepack[22m | Storing File: res://game/resources/facades/d5_1317_quality_study_geometry.json[39m[0m
[   7% ] [90m[1msavepack[22m | Storing File: res://game/resources/facades/d5_1317_siding_marks.gdshader[39m[0m
[   7% ] [90m[1msavepack[22m | Storing File: res://game/resources/facades/d5_1317_surface_tone.gdshader[39m[0m
[   7% ] [90m[1msavepack[22m | Storing File: res://game/resources/facades/d5_1394_gateview_live_factory.json[39m[0m
[   7% ] [90m[1msavepack[22m | Storing File: res://game/resources/facades/d5_1394_gateview_live_replacement.json[39m[0m
[   7% ] [90m[1msavepack[22m | Storing File: res://game/resources/facades/d5_1394_lawn_tone.gdshader[39m[0m
[   8% ] [90m[1msavepack[22m | Storing File: res://game/resources/facades/d5_1394_siding_marks.gdshader[39m[0m
[   8% ] [90m[1msavepack[22m | Storing File: res://game/resources/facades/dormitory_369_standalone_hero_prototype.json[39m[0m
[   8% ] [90m[1msavepack[22m | Storing File: res://game/resources/facades/facade-runtime-adapter-contracts.json[39m[0m
[   8% ] [90m[1msavepack[22m | Storing File: res://game/resources/facades/facade-runtime-registry.json[39m[0m
[   8% ] [90m[1msavepack[22m | Storing File: res://game/resources/facades/fire_station48_live_replacement.json[39m[0m
[   8% ] [90m[1msavepack[22m | Storing File: res://game/resources/facades/fire_station48_quality_study.json[39m[0m
[   9% ] [90m[1msavepack[22m | Storing File: res://game/resources/facades/fire_station48_study_geometry.json[39m[0m
[   9% ] [90m[1msavepack[22m | Storing File: res://game/resources/facades/fire_station48_upper_cladding.gdshader[39m[0m
[   9% ] [90m[1msavepack[22m | Storing File: res://game/resources/facades/gateview_1397_study.json[39m[0m
[   9% ] [90m[1msavepack[22m | Storing File: res://game/resources/facades/hawkins_77_bruton_layout.json[39m[0m
[   9% ] [90m[1msavepack[22m | Storing File: res://game/resources/facades/isle_house_39_bruton_high_se_layout.json[39m[0m
[   9% ] [90m[1msavepack[22m | Storing File: res://game/resources/facades/isle_house_39_bruton_low_facade_prototype.json[39m[0m
[  10% ] [90m[1msavepack[22m | Storing File: res://game/resources/facades/isle_house_composite_repair_standalone_v1.json[39m[0m
[  10% ] [90m[1msavepack[22m | Storing File: res://game/resources/facades/isle_house_composite_repair_variant_c_standalone_v1.json[39m[0m
[  10% ] [90m[1msavepack[22m | Storing File: res://game/resources/facades/maceo_may_live_replacement.json[39m[0m
[  10% ] [90m[1msavepack[22m | Storing File: res://game/resources/facades/maceo_may_public_fields.gdshader[39m[0m
[  10% ] [90m[1msavepack[22m | Storing File: res://game/resources/facades/maceo_may_quality_study.json[39m[0m
[  10% ] [90m[1msavepack[22m | Storing File: res://game/resources/facades/maceo_may_study_geometry.json[39m[0m
[  11% ] [90m[1msavepack[22m | Storing File: res://game/resources/facades/mariner_1202_study.json[39m[0m
[  11% ] [90m[1msavepack[22m | Storing File: res://game/resources/facades/mariner_1206_study.json[39m[0m
[  11% ] [90m[1msavepack[22m | Storing File: res://game/resources/facades/mariner_1212_study.json[39m[0m
[  11% ] [90m[1msavepack[22m | Storing File: res://game/resources/facades/mariner_1219_study.json[39m[0m
[  11% ] [90m[1msavepack[22m | Storing File: res://game/resources/facades/mariner_1221_study_002.json[39m[0m
[  11% ] [90m[1msavepack[22m | Storing File: res://game/resources/facades/navy_chapel_187_standalone_hero_prototype.json[39m[0m
[  12% ] [90m[1msavepack[22m | Storing File: res://game/resources/facades/northern_canopy_free_study.json[39m[0m
[  12% ] [90m[1msavepack[22m | Storing File: res://game/resources/facades/northpoint_1227_study.json[39m[0m
[  12% ] [90m[1msavepack[22m | Storing File: res://game/resources/facades/northpoint_1229_study.json[39m[0m
[  12% ] [90m[1msavepack[22m | Storing File: res://game/resources/facades/northpoint_1232_quality_revision.json[39m[0m
[  12% ] [90m[1msavepack[22m | Storing File: res://game/resources/facades/northpoint_1232_study_003.json[39m[0m
[  12% ] [90m[1msavepack[22m | Storing File: res://game/resources/facades/northpoint_1234_study.json[39m[0m
[  13% ] [90m[1msavepack[22m | Storing File: res://game/resources/facades/northpoint_1237_study.json[39m[0m
[  13% ] [90m[1msavepack[22m | Storing File: res://game/resources/facades/northpoint_1238_study.json[39m[0m
[  13% ] [90m[1msavepack[22m | Storing File: res://game/resources/facades/northpoint_1239_study.json[39m[0m
[  13% ] [90m[1msavepack[22m | Storing File: res://game/resources/facades/northpoint_1240_study.json[39m[0m
[  13% ] [90m[1msavepack[22m | Storing File: res://game/resources/facades/northpoint_1241_quality_revision.json[39m[0m
[  13% ] [90m[1msavepack[22m | Storing File: res://game/resources/facades/northpoint_1241_study_002.json[39m[0m
[  14% ] [90m[1msavepack[22m | Storing File: res://game/resources/facades/w34313515_module_calibration.json[39m[0m
[  14% ] [90m[1msavepack[22m | Storing File: res://game/resources/facades/w34313520_exact_receiver_calibration.json[39m[0m
[  14% ] [90m[1msavepack[22m | Storing File: res://game/resources/facades/w34313520_standalone_prototypes.json[39m[0m
[  14% ] [90m[1msavepack[22m | Storing File: res://game/resources/facades/w34313525_exact_receiver_calibration.json[39m[0m
[  14% ] [90m[1msavepack[22m | Storing File: res://game/resources/facades/w34313525_standalone_prototypes.json[39m[0m
[  14% ] [90m[1msavepack[22m | Storing File: res://game/resources/facades/w34313564_module_calibration.json[39m[0m
[  15% ] [90m[1msavepack[22m | Storing File: res://game/resources/facades/w291196370_module_calibration.json[39m[0m
[  15% ] [90m[1msavepack[22m | Storing File: res://game/resources/housing_family/live_adoption.json[39m[0m
[  15% ] [90m[1msavepack[22m | Storing File: res://game/resources/housing_family/live_instances.json[39m[0m
[  15% ] [90m[1msavepack[22m | Storing File: res://.godot/exported/133200997/export-e1d823db5541e2c0a9b7b8c2648aaaf3-long_row.res[39m[0m
[  15% ] [90m[1msavepack[22m | Storing File: res://game/resources/housing_family/roof.gdshader[39m[0m
[  15% ] [90m[1msavepack[22m | Storing File: res://.godot/exported/133200997/export-6b7fded044cb1abdd96cdd26e22a596b-short_row.res[39m[0m
[  16% ] [90m[1msavepack[22m | Storing File: res://game/resources/housing_family/siding.gdshader[39m[0m
[  16% ] [90m[1msavepack[22m | Storing File: res://game/resources/housing_family/w96215646.json[39m[0m
[  16% ] [90m[1msavepack[22m | Storing File: res://game/resources/housing_family/w96215649.json[39m[0m
[  16% ] [90m[1msavepack[22m | Storing File: res://game/resources/housing_family/w96215651.json[39m[0m
[  16% ] [90m[1msavepack[22m | Storing File: res://game/resources/housing_family/w96215652.json[39m[0m
[  16% ] [90m[1msavepack[22m | Storing File: res://game/resources/housing_family/w96215653.json[39m[0m
[  17% ] [90m[1msavepack[22m | Storing File: res://game/resources/housing_family/w96215656.json[39m[0m
[  17% ] [90m[1msavepack[22m | Storing File: res://game/resources/housing_family/w96215658.json[39m[0m
[  17% ] [90m[1msavepack[22m | Storing File: res://game/resources/housing_family/w96215659.json[39m[0m
[  17% ] [90m[1msavepack[22m | Storing File: res://game/resources/housing_family/w96215661.json[39m[0m
[  17% ] [90m[1msavepack[22m | Storing File: res://game/resources/housing_family/w96215666.json[39m[0m
[  17% ] [90m[1msavepack[22m | Storing File: res://game/resources/housing_family/w96215669.json[39m[0m
[  17% ] [90m[1msavepack[22m | Storing File: res://game/resources/housing_family/w96215670.json[39m[0m
[  18% ] [90m[1msavepack[22m | Storing File: res://game/resources/housing_family/w96215672.json[39m[0m
[  18% ] [90m[1msavepack[22m | Storing File: res://game/resources/housing_family/w96215673.json[39m[0m
[  18% ] [90m[1msavepack[22m | Storing File: res://game/resources/housing_family/w96215674.json[39m[0m
[  18% ] [90m[1msavepack[22m | Storing File: res://game/resources/housing_family/w96215677.json[39m[0m
[  18% ] [90m[1msavepack[22m | Storing File: res://game/resources/housing_family/w96215678.json[39m[0m
[  18% ] [90m[1msavepack[22m | Storing File: res://game/resources/housing_family/w96215680.json[39m[0m
[  19% ] [90m[1msavepack[22m | Storing File: res://game/resources/housing_family/w96215682.json[39m[0m
[  19% ] [90m[1msavepack[22m | Storing File: res://game/resources/housing_family/w96215685.json[39m[0m
[  19% ] [90m[1msavepack[22m | Storing File: res://game/resources/housing_family/w96215688.json[39m[0m
[  19% ] [90m[1msavepack[22m | Storing File: res://game/resources/housing_family/w96215691.json[39m[0m
[  19% ] [90m[1msavepack[22m | Storing File: res://game/resources/housing_family/w96665904.json[39m[0m
[  19% ] [90m[1msavepack[22m | Storing File: res://game/resources/housing_family/w96665911.json[39m[0m
[  20% ] [90m[1msavepack[22m | Storing File: res://.godot/exported/133200997/export-f1b010d22dbe04118443a4059148fd94-449_h_historical_siding.res[39m[0m
[  20% ] [90m[1msavepack[22m | Storing File: res://.godot/exported/133200997/export-1744ff5bd4ab1394f3e9629d72f23cac-449_h_historical_trim.res[39m[0m
[  20% ] [90m[1msavepack[22m | Storing File: res://.godot/exported/133200997/export-3b67195bee92dc511ae0fdddbb758a5d-490_thin_brick.res[39m[0m
[  20% ] [90m[1msavepack[22m | Storing File: res://.godot/exported/133200997/export-79cc3dc69e7b7bfaa4646ccc937dc377-810_d_historical_brown_trim.res[39m[0m
[  20% ] [90m[1msavepack[22m | Storing File: res://.godot/exported/133200997/export-7df4151ed81944710510a552756526ed-810_d_historical_siding.res[39m[0m
[  20% ] [90m[1msavepack[22m | Storing File: res://.godot/exported/133200997/export-ddbb2c668089880c26a13114b41bbe21-850_h_tan_field.res[39m[0m
[  21% ] [90m[1msavepack[22m | Storing File: res://.godot/exported/133200997/export-e407d17157cd279822d908096800f894-850_h_teal_edge.res[39m[0m
[  21% ] [90m[1msavepack[22m | Storing File: res://.godot/exported/133200997/export-40e2b32fcd2771272184feb9d406e73d-1212_mariner_entry_accent.res[39m[0m
[  21% ] [90m[1msavepack[22m | Storing File: res://.godot/exported/133200997/export-d33314a499792c6620aabe718de20a83-1212_mariner_privacy_accent.res[39m[0m
[  21% ] [90m[1msavepack[22m | Storing File: res://.godot/exported/133200997/export-4316604ec51442c434770a3d01921772-1212_mariner_siding.res[39m[0m
[  21% ] [90m[1msavepack[22m | Storing File: res://.godot/exported/133200997/export-c4bf11ff83fd2a30ec3a32b16238c070-1212_mariner_white_trim.res[39m[0m
[  21% ] [90m[1msavepack[22m | Storing File: res://.godot/exported/133200997/export-a31ebdea559b22dceaba5265fcc91700-1318_gateview_siding.res[39m[0m
[  22% ] [90m[1msavepack[22m | Storing File: res://.godot/exported/133200997/export-bf067bbf4fb0ee1222b377ca0162f4c7-1318_gateview_white_trim.res[39m[0m
[  22% ] [90m[1msavepack[22m | Storing File: res://game/resources/materials/world/batch_02/batch_02_homogeneous_field.gdshader[39m[0m
[  22% ] [90m[1msavepack[22m | Storing File: res://game/resources/materials/world/batch_04/batch_04_horizontal_siding_field.gdshader[39m[0m
[  22% ] [90m[1msavepack[22m | Storing File: res://game/resources/materials/world/batch_06/batch_06_wall_tangent_aperiodic_field.gdshader[39m[0m
[  22% ] [90m[1msavepack[22m | Storing File: res://game/resources/materials/world/batch_06/batch_06_wall_tangent_horizontal_siding_field.gdshader[39m[0m
[  22% ] [90m[1msavepack[22m | Storing File: res://.godot/exported/133200997/export-bcdfe921e7553d373cd63e7d765512a8-bldg_461_gray_field.res[39m[0m
[  23% ] [90m[1msavepack[22m | Storing File: res://.godot/exported/133200997/export-01928b494034a44db6cb064a67a96b76-bldg_461_pale_end.res[39m[0m
[  23% ] [90m[1msavepack[22m | Storing File: res://.godot/exported/133200997/export-ae4f839b8c63eb1eee6c4542088bdc49-building_1_bluegrey_glass.res[39m[0m
[  23% ] [90m[1msavepack[22m | Storing File: res://.godot/exported/133200997/export-c41ca16b5c7ee27bd40c669f6692d2fb-building_1_blue_door.res[39m[0m
[  23% ] [90m[1msavepack[22m | Storing File: res://.godot/exported/133200997/export-cc37d1a028f47cb9fecc750c27467dfe-building_1_bronze.res[39m[0m
[  23% ] [90m[1msavepack[22m | Storing File: res://.godot/exported/133200997/export-dae3a0e0c37acb1dd67ead2e9e94fd7e-building_1_canopy_underside.res[39m[0m
[  23% ] [90m[1msavepack[22m | Storing File: res://game/resources/materials/world/building_1/building_1_chain_metres_aperiodic_field.gdshader[39m[0m
[  24% ] [90m[1msavepack[22m | Storing File: res://.godot/exported/133200997/export-c7822c4e1f1ddb13b1d186c0ec672b46-building_1_light_trim.res[39m[0m
[  24% ] [90m[1msavepack[22m | Storing File: res://.godot/exported/133200997/export-3c9812097991d609981c488c65e189e8-building_1_projecting_base_stone.res[39m[0m
[  24% ] [90m[1msavepack[22m | Storing File: res://.godot/exported/133200997/export-f4a8217e375def5b7a0e791ed8c72532-building_1_reveal_shadow.res[39m[0m
[  24% ] [90m[1msavepack[22m | Storing File: res://.godot/exported/133200997/export-6f9bfe479856effddc26dd95d819ff28-building_1_roof_metal.res[39m[0m
[  24% ] [90m[1msavepack[22m | Storing File: res://.godot/exported/133200997/export-b5d108271afbba15a9db52686929fd2b-building_1_rose_base.res[39m[0m
[  24% ] [90m[1msavepack[22m | Storing File: res://.godot/exported/133200997/export-1e3788b1e8131df40698c8e717ac8c93-building_1_warm_ivory.res[39m[0m
[  25% ] [90m[1msavepack[22m | Storing File: res://.godot/exported/133200997/export-f206cc9ee26c11d89c0d101bf98261de-building_1_warm_ivory_exact_trial.res[39m[0m
[  25% ] [90m[1msavepack[22m | Storing File: res://.godot/exported/133200997/export-e170d3122fc5c75a7f6fe6d06fe43b35-building_2_primary.res[39m[0m
[  25% ] [90m[1msavepack[22m | Storing File: res://.godot/exported/133200997/export-6d604f90d84a4d1c2b5cf5fc874dc1df-building_3_shadow_recess.res[39m[0m
[  25% ] [90m[1msavepack[22m | Storing File: res://.godot/exported/133200997/export-317e1ae7d21aaeb271471bc835a1a2ff-building_3_teal_door.res[39m[0m
[  25% ] [90m[1msavepack[22m | Storing File: res://.godot/exported/133200997/export-2b544e4671c31c677985fbb86c34f0ce-building_3_white_primary.res[39m[0m
[  25% ] [90m[1msavepack[22m | Storing File: res://.godot/exported/133200997/export-c9f3962340b9c910d09b4e2e95d7786d-b225_aged_painted_horizontal_cladding_v1.res[39m[0m
[  26% ] [90m[1msavepack[22m | Storing File: res://.godot/exported/133200997/export-58db8ec5fedf54fde29ecc52d0d470ab-b201_green_hierarchy.res[39m[0m
[  26% ] [90m[1msavepack[22m | Storing File: res://.godot/exported/133200997/export-91150745128d6cbe5f647f90c98d18db-b201_muted_rust_post.res[39m[0m
[  26% ] [90m[1msavepack[22m | Storing File: res://.godot/exported/133200997/export-b3db615c4f4118dbf44fc0a205c6fb40-b201_service_leaf.res[39m[0m
[  26% ] [90m[1msavepack[22m | Storing File: res://.godot/exported/133200997/export-dab3f151b1e1045155d05d4aeb7a714c-b201_warm_wall.res[39m[0m
[  26% ] [90m[1msavepack[22m | Storing File: res://.godot/exported/133200997/export-0f2571e95225f8979557333e3365a785-b225_aged_horizontal_cladding.res[39m[0m
[  26% ] [90m[1msavepack[22m | Storing File: res://.godot/exported/133200997/export-37507650ea406fe613346e62d8e827ec-shared_dark_glass.res[39m[0m
[  27% ] [90m[1msavepack[22m | Storing File: res://.godot/exported/133200997/export-dca064c325cb0356bb925ef559eef3bb-shared_deep_reveal.res[39m[0m
[  27% ] [90m[1msavepack[22m | Storing File: res://.godot/exported/133200997/export-a6ebdca9e320eb4c6add121529f63402-shared_pale_frame.res[39m[0m
[  27% ] [90m[1msavepack[22m | Storing File: res://.godot/exported/133200997/export-4c900aa54451e39469b505a59859455b-muted_brown_red_brick_v1.res[39m[0m
[  27% ] [90m[1msavepack[22m | Storing File: res://.godot/exported/133200997/export-c5885cfdc2aabc210ebd997480b51da0-fire_station_48_primary.res[39m[0m
[  27% ] [90m[1msavepack[22m | Storing File: res://.godot/exported/133200997/export-557d63634b88ef9b9f9063c06777eeef-fire_training_primary.res[39m[0m
[  27% ] [90m[1msavepack[22m | Storing File: res://game/tests/w34313525_live_integration_capture.gdc[39m[0m
[  28% ] [90m[1msavepack[22m | Storing File: res://game/tests/w34313525_exact_receiver_calibration_capture.gdc[39m[0m
[  28% ] [90m[1msavepack[22m | Storing File: res://.godot/exported/133200997/export-2d9917fe90a619bc11769742389f2bb8-hawkins_base_ribbed.res[39m[0m
[  28% ] [90m[1msavepack[22m | Storing File: res://.godot/exported/133200997/export-21b7e5ad36289f288947738308552bc1-hawkins_base_smooth.res[39m[0m
[  28% ] [90m[1msavepack[22m | Storing File: res://.godot/exported/133200997/export-5ef8e15ac9f51178f65109974ab03d55-hawkins_frame_charcoal.res[39m[0m
[  28% ] [90m[1msavepack[22m | Storing File: res://.godot/exported/133200997/export-8a651dadabf11ebf1c2fd97a2278f9cc-hawkins_garage_dark.res[39m[0m
[  28% ] [90m[1msavepack[22m | Storing File: res://.godot/exported/133200997/export-27a042f0d553791e5c91a0ac0bba7722-hawkins_glass_proxy.res[39m[0m
[  29% ] [90m[1msavepack[22m | Storing File: res://game/resources/materials/world/hawkins/hawkins_pearl_fluted.gdshader[39m[0m
[  29% ] [90m[1msavepack[22m | Storing File: res://.godot/exported/133200997/export-48d5cb758c52ad92ceaa1af270170d39-hawkins_pearl_fluted.res[39m[0m
[  29% ] [90m[1msavepack[22m | Storing File: res://.godot/exported/133200997/export-49bf8f26771c791aced23262896c103f-hawkins_pearl_plain.res[39m[0m
[  29% ] [90m[1msavepack[22m | Storing File: res://.godot/exported/133200997/export-d1ce9c0b8c0ce4797884626562e6805e-hawkins_sign_letters.res[39m[0m
[  29% ] [90m[1msavepack[22m | Storing File: res://.godot/exported/133200997/export-13883d2166202e88cda013c9d7a83b42-hawkins_spandrel_pale.res[39m[0m
[  29% ] [90m[1msavepack[22m | Storing File: res://.godot/exported/133200997/export-7e286909eb6067afb7e7e2f03c0da14a-isle_house_dark_charcoal.res[39m[0m
[  30% ] [90m[1msavepack[22m | Storing File: res://.godot/exported/133200997/export-7229de27cc12f78a7c4feea8e53b05b4-isle_house_glass_proxy.res[39m[0m
[  30% ] [90m[1msavepack[22m | Storing File: res://.godot/exported/133200997/export-0f44cabc29dd4b500aa5da5262e8c303-isle_house_identifier.res[39m[0m
[  30% ] [90m[1msavepack[22m | Storing File: res://.godot/exported/133200997/export-0842db7144f27993b685751445406193-isle_house_low_brick.res[39m[0m
[  30% ] [90m[1msavepack[22m | Storing File: res://.godot/exported/133200997/export-0bf02054ed3a2d04796cfbd890e2df25-isle_house_low_landscape_proxy.res[39m[0m
[  30% ] [90m[1msavepack[22m | Storing File: res://.godot/exported/133200997/export-05fb69d2600ac957a1318cbc755b37ef-isle_house_low_patio.res[39m[0m
[  30% ] [90m[1msavepack[22m | Storing File: res://.godot/exported/133200997/export-52da7f225bf6ab2e81d265b628f8375f-isle_house_podium_light.res[39m[0m
[  31% ] [90m[1msavepack[22m | Storing File: res://.godot/exported/133200997/export-7ff8c99b648441e38fb2d923a21d5b85-isle_house_podium_mid_warm_v1.res[39m[0m
[  31% ] [90m[1msavepack[22m | Storing File: res://.godot/exported/133200997/export-6b4611429aa4791432c772c0e17f65cd-isle_house_return_quiet_v1.res[39m[0m
[  31% ] [90m[1msavepack[22m | Storing File: res://.godot/exported/133200997/export-96e613e6e569b84eea64243c664909ac-isle_house_support_grey.res[39m[0m
[  31% ] [90m[1msavepack[22m | Storing File: res://.godot/exported/133200997/export-713bc040446d43c4dc775c72f66e05ae-isle_house_tower_accent.res[39m[0m
[  31% ] [90m[1msavepack[22m | Storing File: res://.godot/exported/133200997/export-e0a84c50cd320d69b9ab791aca973851-isle_house_tower_light.res[39m[0m
[  31% ] [90m[1msavepack[22m | Storing File: res://.godot/exported/133200997/export-fd6578eab6bd6ffa5cc59f9daee47834-dormitory_369_inferred_blue_gray.res[39m[0m
[  32% ] [90m[1msavepack[22m | Storing File: res://.godot/exported/133200997/export-ff1f34e8945316ceef4489189d64208d-dormitory_369_inferred_green_trim.res[39m[0m
[  32% ] [90m[1msavepack[22m | Storing File: res://.godot/exported/133200997/export-c010312dbac3d032a976a34fcdb7c172-dormitory_369_neutral_roof.res[39m[0m
[  32% ] [90m[1msavepack[22m | Storing File: res://.godot/exported/133200997/export-10db22c86fe6dbbf62e9336fbe746b42-dormitory_369_opaque_opening.res[39m[0m
[  32% ] [90m[1msavepack[22m | Storing File: res://.godot/exported/133200997/export-320f995e5e72ae2c86a4819701ae9d43-dormitory_369_opening_frame.res[39m[0m
[  32% ] [90m[1msavepack[22m | Storing File: res://.godot/exported/133200997/export-4eb56bd14b1b62c5bc4e39e53e52f73e-dormitory_369_protected_neutral.res[39m[0m
[  32% ] [90m[1msavepack[22m | Storing File: res://.godot/exported/133200997/export-71ce9254aecebb84c486f0b6ae9a64e9-dormitory_b369_blue_end.res[39m[0m
[  33% ] [90m[1msavepack[22m | Storing File: res://.godot/exported/133200997/export-528ec43591c9223684c058b11861e591-dormitory_b369_green_trim.res[39m[0m
[  33% ] [90m[1msavepack[22m | Storing File: res://.godot/exported/133200997/export-232235e255034ae02bbb3838456dd603-dormitory_b369_warm_field.res[39m[0m
[  33% ] [90m[1msavepack[22m | Storing File: res://.godot/exported/133200997/export-a202906934c3ac322af652fba35578ea-maceo_may_sse_rib.res[39m[0m
[  33% ] [90m[1msavepack[22m | Storing File: res://.godot/exported/133200997/export-6ebfb131d60d43d01a4ba8540b67355c-navy_chapel_inferred_cream_structure.res[39m[0m
[  33% ] [90m[1msavepack[22m | Storing File: res://.godot/exported/133200997/export-170168ded68381bcdd3ca04832ba4a40-navy_chapel_neutral_roof.res[39m[0m
[  33% ] [90m[1msavepack[22m | Storing File: res://.godot/exported/133200997/export-68ee6c3cd7c2ba27d0cb605c2b840868-navy_chapel_opaque_opening.res[39m[0m
[  33% ] [90m[1msavepack[22m | Storing File: res://.godot/exported/133200997/export-56f3aeef2f4725e0a5c741c11191a887-navy_chapel_pale_trim.res[39m[0m
[  33% ] [90m[1msavepack[22m | Storing File: res://.godot/exported/133200997/export-8811a4952f1919b562b71a179827bb31-navy_chapel_protected_neutral.res[39m[0m
[  33% ] [90m[1msavepack[22m | Storing File: res://.godot/exported/133200997/export-b6a188354b8891e158f9089b50f004da-navy_chapel_primary.res[39m[0m
[  33% ] [90m[1msavepack[22m | Storing File: res://.godot/exported/133200997/export-68077bf6467ced4fb547695eeb0be3de-psd_outer.res[39m[0m
[  33% ] [90m[1msavepack[22m | Storing File: res://.godot/exported/133200997/export-3eadf1ddd513e87f31cc3c79ef53e436-d2_1439_quality_v2_recess_backing.res[39m[0m
[  33% ] [90m[1msavepack[22m | Storing File: res://.godot/exported/133200997/export-819edb4ac875d4d1dbfd6cabff726593-d2_1444_quality_v2_recess_backing.res[39m[0m
[  33% ] [90m[1msavepack[22m | Storing File: res://.godot/exported/133200997/export-31b645d51fcb4af9f8e4537ae897caf5-site_12_dark_metal.res[39m[0m
[  34% ] [90m[1msavepack[22m | Storing File: res://.godot/exported/133200997/export-c2a1734cf3303229ba491e0d0ff01715-site_12_dark_roof_surrogate.res[39m[0m
[  34% ] [90m[1msavepack[22m | Storing File: res://.godot/exported/133200997/export-b811909144aa0c7f87e05e7b8c01f659-site_12_ochre_tan_stucco.res[39m[0m
[  34% ] [90m[1msavepack[22m | Storing File: res://.godot/exported/133200997/export-9b23b71f07e4c691044fb83609ae794a-site_12_opaque_opening.res[39m[0m
[  34% ] [90m[1msavepack[22m | Storing File: res://.godot/exported/133200997/export-730b0e8406230ce5369c252f21dd7d04-site_12_protected_neutral.res[39m[0m
[  34% ] [90m[1msavepack[22m | Storing File: res://.godot/exported/133200997/export-06c470e3f66d9f464a060522c894c0a8-site_12_void_shadow.res[39m[0m
[  34% ] [90m[1msavepack[22m | Storing File: res://.godot/exported/133200997/export-0df54f48056efa0606bd89b5f3892248-site_12_warm_ivory_stucco.res[39m[0m
[  35% ] [90m[1msavepack[22m | Storing File: res://.godot/exported/133200997/export-1982911d4f8e957178f1a1b24c697dca-star_view_grey_base.res[39m[0m
[  35% ] [90m[1msavepack[22m | Storing File: res://.godot/exported/133200997/export-0c21c09a03b3b5f612cf10048b0cefcc-ti_ymca_primary.res[39m[0m
[  35% ] [90m[1msavepack[22m | Storing File: res://game/resources/materials/world/ti_ymca/ti_ymca_wall_tangent_aperiodic_field.gdshader[39m[0m
[  35% ] [90m[1msavepack[22m | Storing File: res://.godot/exported/133200997/export-ed7af2e0448470414bf432f0a3ca4a2b-w34313515_frame.res[39m[0m
[  35% ] [90m[1msavepack[22m | Storing File: res://.godot/exported/133200997/export-6596c6fbbd8e07c30d2c3853d1b99b6d-w34313515_glass.res[39m[0m
[  35% ] [90m[1msavepack[22m | Storing File: res://.godot/exported/133200997/export-810d5b7d85fb5b1811d7e16281db21c8-w34313515_pale_exact_trial.res[39m[0m
[  36% ] [90m[1msavepack[22m | Storing File: res://.godot/exported/133200997/export-6b63bb5df2da77167270a588a0dcada8-w34313515_pale_field.res[39m[0m
[  36% ] [90m[1msavepack[22m | Storing File: res://.godot/exported/133200997/export-04501dda8bd51f3c5075aeb538e07866-w34313520_bay_frame.res[39m[0m
[  36% ] [90m[1msavepack[22m | Storing File: res://.godot/exported/133200997/export-0463fa42322a3c20159bfc0aff2e395a-w34313520_bay_glass.res[39m[0m
[  36% ] [90m[1msavepack[22m | Storing File: res://.godot/exported/133200997/export-128c5fe6f6e63cb2ff44203f38ccfde4-w34313520_pale_exact_trial.res[39m[0m
[  36% ] [90m[1msavepack[22m | Storing File: res://.godot/exported/133200997/export-51bffc137f6ce0a799b030e7a009123c-w34313520_pale_field.res[39m[0m
[  36% ] [90m[1msavepack[22m | Storing File: res://.godot/exported/133200997/export-618220368a27d4cf85dd33de98974aa0-w34313525_frame.res[39m[0m
[  37% ] [90m[1msavepack[22m | Storing File: res://.godot/exported/133200997/export-b380c88d0c93f6ac8074cd88c4c3f687-w34313525_high_group.res[39m[0m
[  37% ] [90m[1msavepack[22m | Storing File: res://.godot/exported/133200997/export-9829cccc50ec871787e6a298c1c6bde8-w34313525_pale_exact_trial.res[39m[0m
[  37% ] [90m[1msavepack[22m | Storing File: res://.godot/exported/133200997/export-0b0c3ecc94830cd76ffee6bc817f0e68-w34313525_pale_field.res[39m[0m
[  37% ] [90m[1msavepack[22m | Storing File: res://.godot/exported/133200997/export-f50fca5142dd150edde491b8baf7c3c9-w34313525_personnel.res[39m[0m
[  37% ] [90m[1msavepack[22m | Storing File: res://.godot/exported/133200997/export-434ed66617a45a12ba24e8a6f928dd4e-w34313525_rollup_gray.res[39m[0m
[  37% ] [90m[1msavepack[22m | Storing File: res://.godot/exported/133200997/export-6d0bdef03051db8718c349391c43cfc6-w34313525_rollup_pale.res[39m[0m
[  38% ] [90m[1msavepack[22m | Storing File: res://.godot/exported/133200997/export-a9d702944a314429c08f8a7dee3c575e-w34313564_door.res[39m[0m
[  38% ] [90m[1msavepack[22m | Storing File: res://.godot/exported/133200997/export-e02c4475404b73b3d277791d84610d51-w34313564_frame.res[39m[0m
[  38% ] [90m[1msavepack[22m | Storing File: res://.godot/exported/133200997/export-a11941854e78be845549d33fb62c5ba5-w34313564_glass.res[39m[0m
[  38% ] [90m[1msavepack[22m | Storing File: res://.godot/exported/133200997/export-2dafb2f1421055a1b5140709fe093e65-w34313564_pale_exact_trial.res[39m[0m
[  38% ] [90m[1msavepack[22m | Storing File: res://.godot/exported/133200997/export-a0557ea7e315d29accb04fb3826ee893-w34313564_pale_field.res[39m[0m
[  38% ] [90m[1msavepack[22m | Storing File: res://.godot/exported/133200997/export-d37162d7295f8134f697b2b01292e33f-w34313564_plinth_field.res[39m[0m
[  39% ] [90m[1msavepack[22m | Storing File: res://.godot/exported/133200997/export-61a93962fe03ed3458533a1a541a1113-w34313564_tan_exact_trial.res[39m[0m
[  39% ] [90m[1msavepack[22m | Storing File: res://.godot/exported/133200997/export-1938d2b617d5e7dddd8b4cdce78d9f49-w34313564_tan_field.res[39m[0m
[  39% ] [90m[1msavepack[22m | Storing File: res://.godot/exported/133200997/export-a92889a8f4dfe74e121165d6a07341c9-w291196370_entry.res[39m[0m
[  39% ] [90m[1msavepack[22m | Storing File: res://.godot/exported/133200997/export-9de4bd4732f08204d679deb79bcb4cb9-w291196370_glass.res[39m[0m
[  39% ] [90m[1msavepack[22m | Storing File: res://.godot/exported/133200997/export-b94f7e1a286ce6475fc77dcb79b0d5d9-w291196370_service.res[39m[0m
[  39% ] [90m[1msavepack[22m | Storing File: res://.godot/exported/133200997/export-3553c9d6abc62551fd3610bc3603a146-w291196370_siding_exact_trial.res[39m[0m
[  40% ] [90m[1msavepack[22m | Storing File: res://.godot/exported/133200997/export-c7acbcee6df4457bc687caf7ef4013fe-w291196370_siding_field.res[39m[0m
[  40% ] [90m[1msavepack[22m | Storing File: res://.godot/exported/133200997/export-679847a947fad6428885892af21b09cf-w291196370_trim.res[39m[0m
[  40% ] [90m[1msavepack[22m | Storing File: res://game/resources/materials/world/batch_02_04_aperiodic_field.gdshader[39m[0m
[  40% ] [90m[1msavepack[22m | Storing File: res://.godot/imported/baybridge-western-span.glb-c5674ab61f1a5e86a6668168a6909201.scn[39m[0m
[  40% ] [90m[1msavepack[22m | Storing File: res://game/resources/models/context/baybridge-western-span.glb.import[39m[0m
[  40% ] [90m[1msavepack[22m | Storing File: res://.godot/imported/grass.glb-0ad159a9a79fd819e0735ea60a0f4550.scn[39m[0m
[  40% ] [90m[1msavepack[22m | Storing File: res://game/resources/models/vegetation/kenney_nature_kit/grass.glb.import[39m[0m
[  40% ] [90m[1msavepack[22m | Storing File: res://.godot/imported/grass_large.glb-c01eb19d7c21a924f6595b60646c1b7b.scn[39m[0m
[  40% ] [90m[1msavepack[22m | Storing File: res://game/resources/models/vegetation/kenney_nature_kit/grass_large.glb.import[39m[0m
[  41% ] [90m[1msavepack[22m | Storing File: res://.godot/imported/grass_leafsLarge.glb-e3e9176612c0e902a2c2f55a144f4450.scn[39m[0m
[  41% ] [90m[1msavepack[22m | Storing File: res://game/resources/models/vegetation/kenney_nature_kit/grass_leafsLarge.glb.import[39m[0m
[  41% ] [90m[1msavepack[22m | Storing File: res://.godot/imported/plant_bushDetailed.glb-831d98b0a191ba75d52008aee4b74523.scn[39m[0m
[  41% ] [90m[1msavepack[22m | Storing File: res://game/resources/models/vegetation/kenney_nature_kit/plant_bushDetailed.glb.import[39m[0m
[  41% ] [90m[1msavepack[22m | Storing File: res://.godot/imported/plant_bushLarge.glb-53a514cae44e956196d232069bc40c3a.scn[39m[0m
[  41% ] [90m[1msavepack[22m | Storing File: res://game/resources/models/vegetation/kenney_nature_kit/plant_bushLarge.glb.import[39m[0m
[  41% ] [90m[1msavepack[22m | Storing File: res://.godot/imported/plant_bushSmall.glb-ae7eb80163f870489782fa201e3692db.scn[39m[0m
[  41% ] [90m[1msavepack[22m | Storing File: res://game/resources/models/vegetation/kenney_nature_kit/plant_bushSmall.glb.import[39m[0m
[  41% ] [90m[1msavepack[22m | Storing File: res://.godot/imported/tree_detailed.glb-544187b023540295e9ef208c3e47c7bb.scn[39m[0m
[  41% ] [90m[1msavepack[22m | Storing File: res://game/resources/models/vegetation/kenney_nature_kit/tree_detailed.glb.import[39m[0m
[  41% ] [90m[1msavepack[22m | Storing File: res://.godot/imported/tree_oak.glb-8ebaa765f65057dbc3ffeba0b974e009.scn[39m[0m
[  41% ] [90m[1msavepack[22m | Storing File: res://game/resources/models/vegetation/kenney_nature_kit/tree_oak.glb.import[39m[0m
[  42% ] [90m[1msavepack[22m | Storing File: res://.godot/imported/tree_palmBend.glb-a2f0c8fb0a3879a60f4aba4b1061c0b0.scn[39m[0m
[  42% ] [90m[1msavepack[22m | Storing File: res://game/resources/models/vegetation/kenney_nature_kit/tree_palmBend.glb.import[39m[0m
[  42% ] [90m[1msavepack[22m | Storing File: res://.godot/imported/tree_palmDetailedShort.glb-b7ebf09bcf4708cd2dbe5febb8d22a26.scn[39m[0m
[  42% ] [90m[1msavepack[22m | Storing File: res://game/resources/models/vegetation/kenney_nature_kit/tree_palmDetailedShort.glb.import[39m[0m
[  42% ] [90m[1msavepack[22m | Storing File: res://.godot/imported/tree_palmDetailedTall.glb-3ab97b796c92fc4819117784353f6e3a.scn[39m[0m
[  42% ] [90m[1msavepack[22m | Storing File: res://game/resources/models/vegetation/kenney_nature_kit/tree_palmDetailedTall.glb.import[39m[0m
[  42% ] [90m[1msavepack[22m | Storing File: res://.godot/imported/tree_pineTallA_detailed.glb-003bbe7cd6fe7f26d2ad3b26bf9b648d.scn[39m[0m
[  42% ] [90m[1msavepack[22m | Storing File: res://game/resources/models/vegetation/kenney_nature_kit/tree_pineTallA_detailed.glb.import[39m[0m
[  42% ] [90m[1msavepack[22m | Storing File: res://.godot/imported/tree_pineTallB_detailed.glb-1a3cf1b24c3fa3f0e1ac321279c1ed89.scn[39m[0m
[  42% ] [90m[1msavepack[22m | Storing File: res://game/resources/models/vegetation/kenney_nature_kit/tree_pineTallB_detailed.glb.import[39m[0m
[  42% ] [90m[1msavepack[22m | Storing File: res://.godot/imported/tree_plateau.glb-a4d8d6f8c692a366e0c7191fc81277df.scn[39m[0m
[  42% ] [90m[1msavepack[22m | Storing File: res://game/resources/models/vegetation/kenney_nature_kit/tree_plateau.glb.import[39m[0m
[  43% ] [90m[1msavepack[22m | Storing File: res://.godot/imported/tree_thin.glb-28ac1a71e0591bef8f8ede02576afb2b.scn[39m[0m
[  43% ] [90m[1msavepack[22m | Storing File: res://game/resources/models/vegetation/kenney_nature_kit/tree_thin.glb.import[39m[0m
[  43% ] [90m[1msavepack[22m | Storing File: res://.godot/imported/sf_skyline.svg-d0d4627eb45ced9388b172b1b3f507cb.ctex[39m[0m
[  43% ] [90m[1msavepack[22m | Storing File: res://game/resources/textures/context/sf_skyline.svg.import[39m[0m
[  43% ] [90m[1msavepack[22m | Storing File: res://.godot/imported/sf_skyline_owner_outline_final.png-c10cef843d812f44b02d5113bf8c28a7.ctex[39m[0m
[  43% ] [90m[1msavepack[22m | Storing File: res://game/resources/textures/context/sf_skyline_owner_outline_final.png.import[39m[0m
[  43% ] [90m[1msavepack[22m | Storing File: res://.godot/imported/sf_skyline_owner_silhouette_final.png-7dae90868c6463ec9988a547b1e5ccac.ctex[39m[0m
[  43% ] [90m[1msavepack[22m | Storing File: res://game/resources/textures/context/sf_skyline_owner_silhouette_final.png.import[39m[0m
[  43% ] [90m[1msavepack[22m | Storing File: res://.godot/imported/predefined_tag.svg-88e573535c80d7340a27c1fbe5038bb8.ctex[39m[0m
[  43% ] [90m[1msavepack[22m | Storing File: res://game/resources/textures/tag/predefined_tag.svg.import[39m[0m
[  43% ] [90m[1msavepack[22m | Storing File: res://.godot/imported/b225_aged_painted_horizontal_cladding_albedo_v1.png-39facdb7dcc76ee9b98c76bedb70aa4a.ctex[39m[0m
[  43% ] [90m[1msavepack[22m | Storing File: res://game/resources/textures/world/d1_b225_repair_v1/b225_aged_painted_horizontal_cladding_albedo_v1.png.import[39m[0m
[  44% ] [90m[1msavepack[22m | Storing File: res://.godot/imported/muted_brown_red_brick_albedo_v1.png-2a6467d25874ebbcd0ca27371930e965.ctex[39m[0m
[  44% ] [90m[1msavepack[22m | Storing File: res://game/resources/textures/world/facade_shared_v1/muted_brown_red_brick_albedo_v1.png.import[39m[0m
[  44% ] [90m[1msavepack[22m | Storing File: res://game/tests/w34313564_live_module_integration_capture.gdc[39m[0m
[  44% ] [90m[1msavepack[22m | Storing File: res://game/tests/w34313525_standalone_prototype_capture.gdc[39m[0m
[  44% ] [90m[1msavepack[22m | Storing File: res://.godot/imported/bitumen_diff_1k.jpg-20aba10f21704a7d4888f09ec2ebc989.ctex[39m[0m
[  44% ] [90m[1msavepack[22m | Storing File: res://game/resources/textures/world/polyhaven/bitumen/bitumen_diff_1k.jpg.import[39m[0m
[  44% ] [90m[1msavepack[22m | Storing File: res://.godot/imported/bitumen_nor_gl_1k.jpg-0822fef79005ab987ea3ef442fd309e6.ctex[39m[0m
[  44% ] [90m[1msavepack[22m | Storing File: res://game/resources/textures/world/polyhaven/bitumen/bitumen_nor_gl_1k.jpg.import[39m[0m
[  44% ] [90m[1msavepack[22m | Storing File: res://.godot/imported/bitumen_rough_1k.jpg-465ffd68155f353d0e78b525355b286b.ctex[39m[0m
[  44% ] [90m[1msavepack[22m | Storing File: res://game/resources/textures/world/polyhaven/bitumen/bitumen_rough_1k.jpg.import[39m[0m
[  45% ] [90m[1msavepack[22m | Storing File: res://.godot/imported/clean_asphalt_diff_1k.jpg-2ab81e4d5a0d72f93aa9fb915b97353b.ctex[39m[0m
[  45% ] [90m[1msavepack[22m | Storing File: res://game/resources/textures/world/polyhaven/clean_asphalt/clean_asphalt_diff_1k.jpg.import[39m[0m
[  45% ] [90m[1msavepack[22m | Storing File: res://.godot/imported/clean_asphalt_nor_gl_1k.jpg-0d70f58a1d8871409569187f4585ff50.ctex[39m[0m
[  45% ] [90m[1msavepack[22m | Storing File: res://game/resources/textures/world/polyhaven/clean_asphalt/clean_asphalt_nor_gl_1k.jpg.import[39m[0m
[  45% ] [90m[1msavepack[22m | Storing File: res://.godot/imported/clean_asphalt_rough_1k.jpg-0fbe6aacee04388924ce73f44077cb46.ctex[39m[0m
[  45% ] [90m[1msavepack[22m | Storing File: res://game/resources/textures/world/polyhaven/clean_asphalt/clean_asphalt_rough_1k.jpg.import[39m[0m
[  45% ] [90m[1msavepack[22m | Storing File: res://.godot/imported/concrete_floor_03_diff_1k.jpg-5717b9c7cf0b56cc118e74f399f1e46e.ctex[39m[0m
[  45% ] [90m[1msavepack[22m | Storing File: res://game/resources/textures/world/polyhaven/concrete_floor_03/concrete_floor_03_diff_1k.jpg.import[39m[0m
[  45% ] [90m[1msavepack[22m | Storing File: res://.godot/imported/concrete_floor_03_nor_gl_1k.jpg-d3def924293e01f75cf1f41915210812.ctex[39m[0m
[  45% ] [90m[1msavepack[22m | Storing File: res://game/resources/textures/world/polyhaven/concrete_floor_03/concrete_floor_03_nor_gl_1k.jpg.import[39m[0m
[  45% ] [90m[1msavepack[22m | Storing File: res://.godot/imported/concrete_floor_03_rough_1k.jpg-fdb069a96741ee90d92cddc5732dd9cf.ctex[39m[0m
[  45% ] [90m[1msavepack[22m | Storing File: res://game/resources/textures/world/polyhaven/concrete_floor_03/concrete_floor_03_rough_1k.jpg.import[39m[0m
[  46% ] [90m[1msavepack[22m | Storing File: res://.godot/imported/concrete_pavement_diff_1k.jpg-1a875b361d354fa0b4ef5c49b1370f11.ctex[39m[0m
[  46% ] [90m[1msavepack[22m | Storing File: res://game/resources/textures/world/polyhaven/concrete_pavement/concrete_pavement_diff_1k.jpg.import[39m[0m
[  46% ] [90m[1msavepack[22m | Storing File: res://.godot/imported/concrete_pavement_nor_gl_1k.jpg-bb4ce48f6ed7c15fa7b3de2ada8cc391.ctex[39m[0m
[  46% ] [90m[1msavepack[22m | Storing File: res://game/resources/textures/world/polyhaven/concrete_pavement/concrete_pavement_nor_gl_1k.jpg.import[39m[0m
[  46% ] [90m[1msavepack[22m | Storing File: res://.godot/imported/concrete_pavement_rough_1k.jpg-6f4039e1c80f8ae142c276cc62bb5723.ctex[39m[0m
[  46% ] [90m[1msavepack[22m | Storing File: res://game/resources/textures/world/polyhaven/concrete_pavement/concrete_pavement_rough_1k.jpg.import[39m[0m
[  46% ] [90m[1msavepack[22m | Storing File: res://.godot/imported/plaster_grey_04_diff_1k.jpg-e61e624d454a7c8cb1258c5a4a402aeb.ctex[39m[0m
[  46% ] [90m[1msavepack[22m | Storing File: res://game/resources/textures/world/polyhaven/plaster_grey_04/plaster_grey_04_diff_1k.jpg.import[39m[0m
[  46% ] [90m[1msavepack[22m | Storing File: res://.godot/imported/plaster_grey_04_nor_gl_1k.jpg-0feceb155452a85be923d015eba3eaba.ctex[39m[0m
[  46% ] [90m[1msavepack[22m | Storing File: res://game/resources/textures/world/polyhaven/plaster_grey_04/plaster_grey_04_nor_gl_1k.jpg.import[39m[0m
[  46% ] [90m[1msavepack[22m | Storing File: res://.godot/imported/plaster_grey_04_rough_1k.jpg-d053b81c7d621e4b796d6f71c7784adf.ctex[39m[0m
[  46% ] [90m[1msavepack[22m | Storing File: res://game/resources/textures/world/polyhaven/plaster_grey_04/plaster_grey_04_rough_1k.jpg.import[39m[0m
[  47% ] [90m[1msavepack[22m | Storing File: res://.godot/imported/sparse_grass_diff_1k.jpg-f2059418d78ebfbdcb1e00cea29409b8.ctex[39m[0m
[  47% ] [90m[1msavepack[22m | Storing File: res://game/resources/textures/world/polyhaven/sparse_grass/sparse_grass_diff_1k.jpg.import[39m[0m
[  47% ] [90m[1msavepack[22m | Storing File: res://.godot/imported/sparse_grass_nor_gl_1k.jpg-f1f721b6e5fc561a5ddeff9929b72ae5.ctex[39m[0m
[  47% ] [90m[1msavepack[22m | Storing File: res://game/resources/textures/world/polyhaven/sparse_grass/sparse_grass_nor_gl_1k.jpg.import[39m[0m
[  47% ] [90m[1msavepack[22m | Storing File: res://.godot/imported/sparse_grass_rough_1k.jpg-aafe417cc83bdb8e8fdf0b622da023ce.ctex[39m[0m
[  47% ] [90m[1msavepack[22m | Storing File: res://game/resources/textures/world/polyhaven/sparse_grass/sparse_grass_rough_1k.jpg.import[39m[0m
[  47% ] [90m[1msavepack[22m | Storing File: res://.godot/imported/warm_ivory_mineral_albedo_v2.png-fc71738e61026c883357a2b6f18252a5.ctex[39m[0m
[  47% ] [90m[1msavepack[22m | Storing File: res://game/resources/textures/world/site_12_housing/warm_ivory_mineral_albedo_v2.png.import[39m[0m
[  47% ] [90m[1msavepack[22m | Storing File: res://.godot/exported/133200997/export-437cb14951af184369540b14fe3fe0fe-player.scn[39m[0m
[  47% ] [90m[1msavepack[22m | Storing File: res://.godot/exported/133200997/export-5175671d2d0ad3ed463fbd7ead3a5039-hud.scn[39m[0m
[  48% ] [90m[1msavepack[22m | Storing File: res://.godot/exported/133200997/export-ce149ce33b67d55569c0907b1f617110-w34313515_prototype_set.scn[39m[0m
[  48% ] [90m[1msavepack[22m | Storing File: res://.godot/exported/133200997/export-5d1df933c959dbd95c39f4a9aa88d1b3-w34313520_standalone_prototype_set.scn[39m[0m
[  48% ] [90m[1msavepack[22m | Storing File: res://.godot/exported/133200997/export-bf2b0c55c63cba4b5da03c1a704d2995-w34313525_standalone_prototype_set.scn[39m[0m
[  48% ] [90m[1msavepack[22m | Storing File: res://.godot/exported/133200997/export-76d83fca362afb06571de4126e30e95b-w34313564_prototype_set.scn[39m[0m
[  48% ] [90m[1msavepack[22m | Storing File: res://.godot/exported/133200997/export-0fed95c99c0f7ef5fe150d16699e1d6e-w291196370_prototype_set.scn[39m[0m
[  48% ] [90m[1msavepack[22m | Storing File: res://.godot/exported/133200997/export-bd093759e682c5201e5e26bce75bfe0b-building_1_exact_receiver_calibration.scn[39m[0m
[  49% ] [90m[1msavepack[22m | Storing File: res://.godot/exported/133200997/export-a08dc04ccb743eacf28f5a42e39d3b0d-building_1_standalone_prototype_set.scn[39m[0m
[  49% ] [90m[1msavepack[22m | Storing File: res://.godot/exported/133200997/export-722534699ba28f80e8c825cae33c36fc-building_3_600_california_facade.scn[39m[0m
[  49% ] [90m[1msavepack[22m | Storing File: res://.godot/exported/133200997/export-093a7d6a22a5458f08b08635c781ca38-building_3_ene_modules.scn[39m[0m
[  49% ] [90m[1msavepack[22m | Storing File: res://.godot/exported/133200997/export-fb1031aa2a5f9f7f69037ea0b5042930-d1_b225_standalone_cladding_repair_v1.scn[39m[0m
[  49% ] [90m[1msavepack[22m | Storing File: res://.godot/exported/133200997/export-35802fa2555977cf5eb1d9dd0fd9ee2c-d1_current_standalone_prototype_pair.scn[39m[0m
[  49% ] [90m[1msavepack[22m | Storing File: res://.godot/exported/133200997/export-719b7c7399f814d5b5251ff5b7a3111c-hawkins_77_bruton_facade.scn[39m[0m
[  50% ] [90m[1msavepack[22m | Storing File: res://.godot/exported/133200997/export-17896a28bd457f6f4846546d95b98cc3-hawkins_ground_modules.scn[39m[0m
[  50% ] [90m[1msavepack[22m | Storing File: res://.godot/exported/133200997/export-9fd6d746c4361962fca72568a1405f0a-hawkins_upper_modules.scn[39m[0m
[  50% ] [90m[1msavepack[22m | Storing File: res://.godot/exported/133200997/export-6c40f7364bdd4decb5fd3f9232f3f566-isle_house_composite_repair_standalone_v1.scn[39m[0m
[  50% ] [90m[1msavepack[22m | Storing File: res://.godot/exported/133200997/export-e8e5b5b5298a2fea149537110feddfd5-isle_house_composite_repair_variant_c_standalone_v1.scn[39m[0m
[  50% ] [90m[1msavepack[22m | Storing File: res://.godot/exported/133200997/export-5b8f86197d4c3e59e09c50fe36cfd09b-isle_house_high_facade.scn[39m[0m
[  50% ] [90m[1msavepack[22m | Storing File: res://.godot/exported/133200997/export-86d9392fc01fe60ebb11d30397f99080-isle_house_high_modules.scn[39m[0m
[  50% ] [90m[1msavepack[22m | Storing File: res://.godot/exported/133200997/export-2f48117e8a5ef82a9d379a613c43f16b-isle_house_low_facade_prototype.scn[39m[0m
[  51% ] [90m[1msavepack[22m | Storing File: res://.godot/exported/133200997/export-f99eb50d65829009c3db66b8f5259457-dormitory_369_standalone_hero_prototype.scn[39m[0m
[  51% ] [90m[1msavepack[22m | Storing File: res://.godot/exported/133200997/export-655ed7e82641fdab8ed4cc89584615c7-navy_chapel_187_standalone_hero_prototype.scn[39m[0m
[  51% ] [90m[1msavepack[22m | Storing File: res://game/tests/w34313564_module_calibration_correction_capture.gdc[39m[0m
[  51% ] [90m[1msavepack[22m | Storing File: res://game/tests/w34313564_module_calibration_capture.gdc[39m[0m
[  51% ] [90m[1msavepack[22m | Storing File: res://game/tests/w291196370_live_module_integration_capture.gdc[39m[0m
[  51% ] [90m[1msavepack[22m | Storing File: res://.godot/exported/133200997/export-4be1834d1bfb9d43667429e35f1e9c98-world_root.scn[39m[0m
[  52% ] [90m[1msavepack[22m | Storing File: res://.godot/exported/133200997/export-3b56fb062743eda937727145e83ed2c8-main.scn[39m[0m
[  52% ] [90m[1msavepack[22m | Storing File: res://game/scripts/debug/runtime_evidence.gdc[39m[0m
[  52% ] [90m[1msavepack[22m | Storing File: res://game/scripts/interaction/spray_controller.gdc[39m[0m
[  52% ] [90m[1msavepack[22m | Storing File: res://game/scripts/interaction/tag_instance_pool.gdc[39m[0m
[  52% ] [90m[1msavepack[22m | Storing File: res://game/scripts/player/player_camera.gdc[39m[0m
[  52% ] [90m[1msavepack[22m | Storing File: res://game/scripts/player/player_controller.gdc[39m[0m
[  53% ] [90m[1msavepack[22m | Storing File: res://game/scripts/player/recovery_controller.gdc[39m[0m
[  53% ] [90m[1msavepack[22m | Storing File: res://game/scripts/ui/hud.gdc[39m[0m
[  53% ] [90m[1msavepack[22m | Storing File: res://game/scripts/world/facades/accepted_material_run_trials.gdc[39m[0m
[  53% ] [90m[1msavepack[22m | Storing File: res://game/scripts/world/facades/batch_06_prototype_set.gdc[39m[0m
[  53% ] [90m[1msavepack[22m | Storing File: res://game/scripts/world/facades/bayside_1215_live_factory.gdc[39m[0m
[  53% ] [90m[1msavepack[22m | Storing File: res://game/scripts/world/facades/bayside_1215_live_replacement.gdc[39m[0m
[  54% ] [90m[1msavepack[22m | Storing File: res://game/scripts/world/facades/bayside_1220_live_factory.gdc[39m[0m
[  54% ] [90m[1msavepack[22m | Storing File: res://game/scripts/world/facades/bayside_1220_live_replacement.gdc[39m[0m
[  54% ] [90m[1msavepack[22m | Storing File: res://game/scripts/world/facades/bayside_1222_live_factory.gdc[39m[0m
[  54% ] [90m[1msavepack[22m | Storing File: res://game/scripts/world/facades/bayside_1222_live_replacement.gdc[39m[0m
[  54% ] [90m[1msavepack[22m | Storing File: res://game/scripts/world/facades/bayside_1226_live_factory.gdc[39m[0m
[  54% ] [90m[1msavepack[22m | Storing File: res://game/scripts/world/facades/bayside_1226_live_replacement.gdc[39m[0m
[  55% ] [90m[1msavepack[22m | Storing File: res://game/scripts/world/facades/building_1_exact_receiver_calibration_scene.gdc[39m[0m
[  55% ] [90m[1msavepack[22m | Storing File: res://game/scripts/world/facades/building_1_hero_model.gdc[39m[0m
[  55% ] [90m[1msavepack[22m | Storing File: res://game/scripts/world/facades/building_1_live_field.gdc[39m[0m
[  55% ] [90m[1msavepack[22m | Storing File: res://game/scripts/world/facades/building_1_recognizable_facade.gdc[39m[0m
[  55% ] [90m[1msavepack[22m | Storing File: res://game/scripts/world/facades/building_1_standalone_prototypes.gdc[39m[0m
[  55% ] [90m[1msavepack[22m | Storing File: res://game/scripts/world/facades/building_3_600_california_facade.gdc[39m[0m
[  56% ] [90m[1msavepack[22m | Storing File: res://game/scripts/world/facades/d1_b201_live_attachment.gdc[39m[0m
[  56% ] [90m[1msavepack[22m | Storing File: res://game/scripts/world/facades/d1_b225_cumulative_meter_uv_v1.gdc[39m[0m
[  56% ] [90m[1msavepack[22m | Storing File: res://game/scripts/world/facades/d1_b225_live_attachment.gdc[39m[0m
[  56% ] [90m[1msavepack[22m | Storing File: res://game/scripts/world/facades/d1_b225_standalone_cladding_repair_v1.gdc[39m[0m
[  56% ] [90m[1msavepack[22m | Storing File: res://game/scripts/world/facades/d1_current_standalone_prototypes.gdc[39m[0m
[  56% ] [90m[1msavepack[22m | Storing File: res://game/scripts/world/facades/d2_1439_chinook_quality_v2_live_replacement.gdc[39m[0m
[  57% ] [90m[1msavepack[22m | Storing File: res://game/scripts/world/facades/d2_1439_chinook_quality_v2_prototype.gdc[39m[0m
[  57% ] [90m[1msavepack[22m | Storing File: res://game/scripts/world/facades/d2_1439_chinook_standalone_hero_prototype.gdc[39m[0m
[  57% ] [90m[1msavepack[22m | Storing File: res://game/scripts/world/facades/d2_1441_chinook_live_replacement.gdc[39m[0m
[  57% ] [90m[1msavepack[22m | Storing File: res://game/scripts/world/facades/d2_1441_chinook_standalone_hero_prototype.gdc[39m[0m
[  57% ] [90m[1msavepack[22m | Storing File: res://game/scripts/world/facades/d2_1444_croaker_quality_v2_live_replacement.gdc[39m[0m
[  57% ] [90m[1msavepack[22m | Storing File: res://game/scripts/world/facades/d2_1444_croaker_quality_v2_prototype.gdc[39m[0m
[  58% ] [90m[1msavepack[22m | Storing File: res://game/scripts/world/facades/d2_1444_croaker_standalone_hero_prototype.gdc[39m[0m
[  58% ] [90m[1msavepack[22m | Storing File: res://game/scripts/world/facades/d5_1308_gateview_live_factory.gdc[39m[0m
[  58% ] [90m[1msavepack[22m | Storing File: res://game/scripts/world/facades/d5_1308_gateview_live_replacement.gdc[39m[0m
[  58% ] [90m[1msavepack[22m | Storing File: res://game/scripts/world/facades/d5_1317_gateview_live_factory.gdc[39m[0m
[  58% ] [90m[1msavepack[22m | Storing File: res://game/scripts/world/facades/d5_1317_gateview_live_replacement.gdc[39m[0m
[  58% ] [90m[1msavepack[22m | Storing File: res://game/scripts/world/facades/d5_1394_gateview_live_factory.gdc[39m[0m
[  59% ] [90m[1msavepack[22m | Storing File: res://game/scripts/world/facades/d5_1394_gateview_live_replacement.gdc[39m[0m
[  59% ] [90m[1msavepack[22m | Storing File: res://game/scripts/world/facades/dormitory_369_standalone_hero_prototype.gdc[39m[0m
[  59% ] [90m[1msavepack[22m | Storing File: res://game/scripts/world/facades/facade_meter_uv_adapter.gdc[39m[0m
[  59% ] [90m[1msavepack[22m | Storing File: res://game/scripts/world/facades/facade_runtime_registry_loader.gdc[39m[0m
[  59% ] [90m[1msavepack[22m | Storing File: res://game/scripts/world/facades/fire_station48_live_factory.gdc[39m[0m
[  59% ] [90m[1msavepack[22m | Storing File: res://game/scripts/world/facades/fire_station48_live_replacement.gdc[39m[0m
[  60% ] [90m[1msavepack[22m | Storing File: res://game/scripts/world/facades/gateview_1397_live_factory.gdc[39m[0m
[  60% ] [90m[1msavepack[22m | Storing File: res://game/scripts/world/facades/gateview_1397_live_replacement.gdc[39m[0m
[  60% ] [90m[1msavepack[22m | Storing File: res://game/scripts/world/facades/hawkins_77_bruton_facade.gdc[39m[0m
[  60% ] [90m[1msavepack[22m | Storing File: res://game/scripts/world/facades/housing_family_live_attachment.gdc[39m[0m
[  60% ] [90m[1msavepack[22m | Storing File: res://game/scripts/world/facades/housing_family_variant.gdc[39m[0m
[  60% ] [90m[1msavepack[22m | Storing File: res://game/scripts/world/facades/housing_quality_support.gdc[39m[0m
[  61% ] [90m[1msavepack[22m | Storing File: res://game/scripts/world/facades/housing_row_family.gdc[39m[0m
[  61% ] [90m[1msavepack[22m | Storing File: res://game/scripts/world/facades/housing_site_family.gdc[39m[0m
[  61% ] [90m[1msavepack[22m | Storing File: res://game/scripts/world/facades/isle_house_39_bruton_high_facade.gdc[39m[0m
[  61% ] [90m[1msavepack[22m | Storing File: res://game/scripts/world/facades/isle_house_39_bruton_low_facade_prototype.gdc[39m[0m
[  61% ] [90m[1msavepack[22m | Storing File: res://game/scripts/world/facades/isle_house_39_bruton_low_live_attachment.gdc[39m[0m
[  61% ] [90m[1msavepack[22m | Storing File: res://game/scripts/world/facades/isle_house_composite_repair_standalone_v1.gdc[39m[0m
[  62% ] [90m[1msavepack[22m | Storing File: res://game/scripts/world/facades/isle_house_composite_repair_variant_c_live_attachment.gdc[39m[0m
[  62% ] [90m[1msavepack[22m | Storing File: res://game/scripts/world/facades/isle_house_composite_repair_variant_c_repair_only_factory.gdc[39m[0m
[  62% ] [90m[1msavepack[22m | Storing File: res://game/scripts/world/facades/isle_house_composite_repair_variant_c_standalone_v1.gdc[39m[0m
[  62% ] [90m[1msavepack[22m | Storing File: res://game/scripts/world/facades/maceo_may_live_factory.gdc[39m[0m
[  62% ] [90m[1msavepack[22m | Storing File: res://game/scripts/world/facades/maceo_may_live_replacement.gdc[39m[0m
[  62% ] [90m[1msavepack[22m | Storing File: res://game/scripts/world/facades/mariner_1202_live_factory.gdc[39m[0m
[  63% ] [90m[1msavepack[22m | Storing File: res://game/scripts/world/facades/mariner_1202_live_replacement.gdc[39m[0m
[  63% ] [90m[1msavepack[22m | Storing File: res://game/scripts/world/facades/mariner_1206_live_factory.gdc[39m[0m
[  63% ] [90m[1msavepack[22m | Storing File: res://game/scripts/world/facades/mariner_1206_live_replacement.gdc[39m[0m
[  63% ] [90m[1msavepack[22m | Storing File: res://game/scripts/world/facades/mariner_1212_live_factory.gdc[39m[0m
[  63% ] [90m[1msavepack[22m | Storing File: res://game/scripts/world/facades/mariner_1212_live_replacement.gdc[39m[0m
[  63% ] [90m[1msavepack[22m | Storing File: res://game/scripts/world/facades/mariner_1219_live_factory.gdc[39m[0m
[  64% ] [90m[1msavepack[22m | Storing File: res://game/scripts/world/facades/mariner_1219_live_replacement.gdc[39m[0m
[  64% ] [90m[1msavepack[22m | Storing File: res://game/scripts/world/facades/mariner_1221_live_factory.gdc[39m[0m
[  64% ] [90m[1msavepack[22m | Storing File: res://game/scripts/world/facades/mariner_1221_live_replacement.gdc[39m[0m
[  64% ] [90m[1msavepack[22m | Storing File: res://game/scripts/world/facades/navy_chapel_187_live_replacement.gdc[39m[0m
[  64% ] [90m[1msavepack[22m | Storing File: res://game/scripts/world/facades/navy_chapel_187_standalone_hero_prototype.gdc[39m[0m
[  64% ] [90m[1msavepack[22m | Storing File: res://game/scripts/world/facades/northern_canopy_free_live_factory.gdc[39m[0m
[  65% ] [90m[1msavepack[22m | Storing File: res://game/scripts/world/facades/northern_canopy_free_live_replacement.gdc[39m[0m
[  65% ] [90m[1msavepack[22m | Storing File: res://game/scripts/world/facades/northern_canopy_free_study.gdc[39m[0m
[  65% ] [90m[1msavepack[22m | Storing File: res://game/scripts/world/facades/northpoint_1227_live_factory.gdc[39m[0m
[  65% ] [90m[1msavepack[22m | Storing File: res://game/scripts/world/facades/northpoint_1227_live_replacement.gdc[39m[0m
[  65% ] [90m[1msavepack[22m | Storing File: res://game/scripts/world/facades/northpoint_1229_study.gdc[39m[0m
[  65% ] [90m[1msavepack[22m | Storing File: res://game/scripts/world/facades/northpoint_1232_asset.gdc[39m[0m
[  66% ] [90m[1msavepack[22m | Storing File: res://game/scripts/world/facades/northpoint_1232_live_factory.gdc[39m[0m
[  66% ] [90m[1msavepack[22m | Storing File: res://game/scripts/world/facades/northpoint_1232_live_replacement.gdc[39m[0m
[  66% ] [90m[1msavepack[22m | Storing File: res://game/scripts/world/facades/northpoint_1232_quality_model.gdc[39m[0m
[  66% ] [90m[1msavepack[22m | Storing File: res://game/scripts/world/facades/northpoint_1234_live_factory.gdc[39m[0m
[  66% ] [90m[1msavepack[22m | Storing File: res://game/scripts/world/facades/northpoint_1234_live_replacement.gdc[39m[0m
[  66% ] [90m[1msavepack[22m | Storing File: res://game/scripts/world/facades/northpoint_1237_study.gdc[39m[0m
[  66% ] [90m[1msavepack[22m | Storing File: res://game/scripts/world/facades/northpoint_1238_live_factory.gdc[39m[0m
[  66% ] [90m[1msavepack[22m | Storing File: res://game/scripts/world/facades/northpoint_1238_live_replacement.gdc[39m[0m
[  66% ] [90m[1msavepack[22m | Storing File: res://game/scripts/world/facades/northpoint_1238_study.gdc[39m[0m
[  66% ] [90m[1msavepack[22m | Storing File: res://game/scripts/world/facades/northpoint_1239_live_factory.gdc[39m[0m
[  66% ] [90m[1msavepack[22m | Storing File: res://game/scripts/world/facades/northpoint_1239_live_replacement.gdc[39m[0m
[  66% ] [90m[1msavepack[22m | Storing File: res://game/scripts/world/facades/northpoint_1240_live_factory.gdc[39m[0m
[  66% ] [90m[1msavepack[22m | Storing File: res://game/scripts/world/facades/northpoint_1240_live_replacement.gdc[39m[0m
[  67% ] [90m[1msavepack[22m | Storing File: res://game/scripts/world/facades/northpoint_1241_live_factory.gdc[39m[0m
[  67% ] [90m[1msavepack[22m | Storing File: res://game/scripts/world/facades/northpoint_1241_live_replacement.gdc[39m[0m
[  67% ] [90m[1msavepack[22m | Storing File: res://game/scripts/world/facades/northpoint_1241_quality_model.gdc[39m[0m
[  67% ] [90m[1msavepack[22m | Storing File: res://game/scripts/world/facades/site_12_housing_kit.gdc[39m[0m
[  67% ] [90m[1msavepack[22m | Storing File: res://game/scripts/world/facades/w34313515_live_modules.gdc[39m[0m
[  67% ] [90m[1msavepack[22m | Storing File: res://game/scripts/world/facades/w34313520_live_modules.gdc[39m[0m
[  68% ] [90m[1msavepack[22m | Storing File: res://game/scripts/world/facades/w34313520_standalone_prototypes.gdc[39m[0m
[  68% ] [90m[1msavepack[22m | Storing File: res://game/scripts/world/facades/w34313525_live_modules.gdc[39m[0m
[  68% ] [90m[1msavepack[22m | Storing File: res://game/scripts/world/facades/w34313525_standalone_prototypes.gdc[39m[0m
[  68% ] [90m[1msavepack[22m | Storing File: res://game/scripts/world/facades/w34313564_live_modules.gdc[39m[0m
[  68% ] [90m[1msavepack[22m | Storing File: res://game/scripts/world/facades/w291196370_live_modules.gdc[39m[0m
[  68% ] [90m[1msavepack[22m | Storing File: res://game/scripts/world/massing/building_3_600_california_massing.gdc[39m[0m
[  69% ] [90m[1msavepack[22m | Storing File: res://game/scripts/world/massing/hawkins_77_bruton_massing.gdc[39m[0m
[  69% ] [90m[1msavepack[22m | Storing File: res://game/scripts/world/generated_world_contract.gdc[39m[0m
[  69% ] [90m[1msavepack[22m | Storing File: res://game/scripts/world/vegetation_builder.gdc[39m[0m
[  69% ] [90m[1msavepack[22m | Storing File: res://game/scripts/world/world_boundary.gdc[39m[0m
[  69% ] [90m[1msavepack[22m | Storing File: res://game/scripts/world/world_chunk_builder.gdc[39m[0m
[  69% ] [90m[1msavepack[22m | Storing File: res://game/scripts/world/world_loader.gdc[39m[0m
[  70% ] [90m[1msavepack[22m | Storing File: res://game/scripts/main.gdc[39m[0m
[  70% ] [90m[1msavepack[22m | Storing File: res://game/tests/housing_family_experiment/all23.json[39m[0m
[  70% ] [90m[1msavepack[22m | Storing File: res://game/tests/housing_family_experiment/capture.gdc[39m[0m
[  70% ] [90m[1msavepack[22m | Storing File: res://game/tests/housing_family_experiment/first3.json[39m[0m
[  70% ] [90m[1msavepack[22m | Storing File: res://game/tests/housing_family_experiment/main_vs_test.json[39m[0m
[  70% ] [90m[1msavepack[22m | Storing File: res://game/tests/housing_family_experiment/normal_capture.gdc[39m[0m
[  71% ] [90m[1msavepack[22m | Storing File: res://game/tests/housing_family_experiment/quality_round1.json[39m[0m
[  71% ] [90m[1msavepack[22m | Storing File: res://game/tests/housing_family_experiment/quality_round1_targets.json[39m[0m
[  71% ] [90m[1msavepack[22m | Storing File: res://game/tests/housing_family_experiment/quality_round2.json[39m[0m
[  71% ] [90m[1msavepack[22m | Storing File: res://game/tests/housing_family_experiment/quality_round3.json[39m[0m
[  71% ] [90m[1msavepack[22m | Storing File: res://game/tests/housing_family_experiment/quality_round4.json[39m[0m
[  71% ] [90m[1msavepack[22m | Storing File: res://game/tests/housing_family_experiment/refinement.json[39m[0m
[  72% ] [90m[1msavepack[22m | Storing File: res://game/tests/support/building_1_exact_receiver_calibration.gdc[39m[0m
[  72% ] [90m[1msavepack[22m | Storing File: res://game/tests/isle_house_variant_c_live_replacement_capture.gdc[39m[0m
[  72% ] [90m[1msavepack[22m | Storing File: res://game/tests/support/navy_chapel_187_protected_receiver_test_support.gdc[39m[0m
[  72% ] [90m[1msavepack[22m | Storing File: res://game/tests/support/w34313515_module_calibration.gdc[39m[0m
[  72% ] [90m[1msavepack[22m | Storing File: res://game/tests/support/w34313520_exact_receiver_calibration.gdc[39m[0m
[  72% ] [90m[1msavepack[22m | Storing File: res://game/tests/support/w34313525_exact_receiver_calibration.gdc[39m[0m
[  73% ] [90m[1msavepack[22m | Storing File: res://game/tests/support/w34313564_module_calibration.gdc[39m[0m
[  73% ] [90m[1msavepack[22m | Storing File: res://game/tests/support/w291196370_module_calibration.gdc[39m[0m
[  73% ] [90m[1msavepack[22m | Storing File: res://game/tests/accepted_material_run_trials_capture.gdc[39m[0m
[  73% ] [90m[1msavepack[22m | Storing File: res://game/tests/automated_route_qa.gdc[39m[0m
[  73% ] [90m[1msavepack[22m | Storing File: res://game/tests/batch_02_04_material_correction_capture.gdc[39m[0m
[  73% ] [90m[1msavepack[22m | Storing File: res://game/tests/batch_02_material_proof_capture.gdc[39m[0m
[  74% ] [90m[1msavepack[22m | Storing File: res://game/tests/batch_03_material_proof_capture.gdc[39m[0m
[  74% ] [90m[1msavepack[22m | Storing File: res://game/tests/batch_04_material_proof_capture.gdc[39m[0m
[  74% ] [90m[1msavepack[22m | Storing File: res://game/tests/batch_06_exact_receiver_trial_capture.gdc[39m[0m
[  74% ] [90m[1msavepack[22m | Storing File: res://game/tests/batch_06_prototype_capture.gdc[39m[0m
[  74% ] [90m[1msavepack[22m | Storing File: res://game/tests/building_1_entrance_gap_calibration_capture.gdc[39m[0m
[  74% ] [90m[1msavepack[22m | Storing File: res://game/tests/building_1_entrance_gap_salvage_finalizer.gdc[39m[0m
[  75% ] [90m[1msavepack[22m | Storing File: res://game/tests/building_1_exact_receiver_calibration_capture.gdc[39m[0m
[  75% ] [90m[1msavepack[22m | Storing File: res://game/tests/building_1_hero_capture.gdc[39m[0m
[  75% ] [90m[1msavepack[22m | Storing File: res://game/tests/building_1_live_field_capture.gdc[39m[0m
[  75% ] [90m[1msavepack[22m | Storing File: res://game/tests/building_1_public_front_believability_capture.gdc[39m[0m
[  75% ] [90m[1msavepack[22m | Storing File: res://game/tests/building_1_recognizability_capture.gdc[39m[0m
[  75% ] [90m[1msavepack[22m | Storing File: res://game/tests/building_1_standalone_prototype_capture.gdc[39m[0m
[  76% ] [90m[1msavepack[22m | Storing File: res://game/tests/building_1_tower_grounded_capture.gdc[39m[0m
[  76% ] [90m[1msavepack[22m | Storing File: res://game/tests/building_1_wing_returns_v2_candidate_capture.gdc[39m[0m
[  76% ] [90m[1msavepack[22m | Storing File: res://game/tests/building_1_wing_window_reveal_candidate_capture.gdc[39m[0m
[  76% ] [90m[1msavepack[22m | Storing File: res://game/tests/building_3_hero_massing_capture.gdc[39m[0m
[  76% ] [90m[1msavepack[22m | Storing File: res://game/tests/d1_b201_live_attachment_capture.gdc[39m[0m
[  76% ] [90m[1msavepack[22m | Storing File: res://game/tests/d1_b225_postpromotion_v8_capture.gdc[39m[0m
[  77% ] [90m[1msavepack[22m | Storing File: res://game/tests/p1_existing_live_revalidation_capture.gdc[39m[0m
[  77% ] [90m[1msavepack[22m | Storing File: res://game/tests/d1_b225_production_attachment_capture.gdc[39m[0m
[  77% ] [90m[1msavepack[22m | Storing File: res://game/tests/d1_b225_standalone_cladding_repair_v1_capture.gdc[39m[0m
[  77% ] [90m[1msavepack[22m | Storing File: res://game/tests/d1_current_standalone_prototype_capture.gdc[39m[0m
[  77% ] [90m[1msavepack[22m | Storing File: res://game/tests/mounted_pck_content_audit.gdc[39m[0m
[  77% ] [90m[1msavepack[22m | Storing File: res://game/tests/navy_chapel_187_live_replacement_capture.gdc[39m[0m
[  78% ] [90m[1msavepack[22m | Storing File: res://game/tests/d2_1441_postpromotion_v9_capture.gdc[39m[0m
[  78% ] [90m[1msavepack[22m | Storing File: res://game/tests/d2_1441_production_attachment_capture.gdc[39m[0m
[  78% ] [90m[1msavepack[22m | Storing File: res://game/tests/regional_qa_anchors.gdc[39m[0m
[  78% ] [90m[1msavepack[22m | Storing File: res://game/tests/dormitory_369_standalone_hero_capture.gdc[39m[0m
[  78% ] [90m[1msavepack[22m | Storing File: res://game/tests/fire_station_48_live_trial_removal_capture.gdc[39m[0m
[  78% ] [90m[1msavepack[22m | Storing File: res://game/tests/full_runtime_building_1_returns_v2_integration.gdc[39m[0m
[  79% ] [90m[1msavepack[22m | Storing File: res://game/tests/full_runtime_integration.gdc[39m[0m
[  79% ] [90m[1msavepack[22m | Storing File: res://game/tests/genai_texture_pilot_v1_capture.gdc[39m[0m
[  79% ] [90m[1msavepack[22m | Storing File: res://game/tests/hawkins_facade_capture.gdc[39m[0m
[  79% ] [90m[1msavepack[22m | Storing File: res://game/tests/hawkins_isle_all_side_capture.gdc[39m[0m
[  79% ] [90m[1msavepack[22m | Storing File: res://game/tests/headless_accepted_material_run_trials_contract.gdc[39m[0m
[  79% ] [90m[1msavepack[22m | Storing File: res://game/tests/headless_batch_02_04_material_correction_contract.gdc[39m[0m
[  80% ] [90m[1msavepack[22m | Storing File: res://game/tests/headless_batch_02_material_contract.gdc[39m[0m
[  80% ] [90m[1msavepack[22m | Storing File: res://game/tests/headless_batch_03_material_contract.gdc[39m[0m
[  80% ] [90m[1msavepack[22m | Storing File: res://game/tests/headless_batch_04_material_contract.gdc[39m[0m
[  80% ] [90m[1msavepack[22m | Storing File: res://game/tests/headless_batch_06_exact_receiver_trial_contract.gdc[39m[0m
[  80% ] [90m[1msavepack[22m | Storing File: res://game/tests/headless_batch_06_prototype_contract.gdc[39m[0m
[  80% ] [90m[1msavepack[22m | Storing File: res://game/tests/headless_building_1_entrance_gap_calibration_evidence_contract.gdc[39m[0m
[  81% ] [90m[1msavepack[22m | Storing File: res://game/tests/headless_building_1_exact_receiver_calibration_contract.gdc[39m[0m
[  81% ] [90m[1msavepack[22m | Storing File: res://game/tests/headless_building_1_exact_receiver_calibration_evidence_contract.gdc[39m[0m
[  81% ] [90m[1msavepack[22m | Storing File: res://game/tests/headless_building_1_exact_receiver_miter_correction_evidence_contract.gdc[39m[0m
[  81% ] [90m[1msavepack[22m | Storing File: res://game/tests/headless_building_1_hero_model_contract.gdc[39m[0m
[  81% ] [90m[1msavepack[22m | Storing File: res://game/tests/headless_building_1_hero_returns_v2_contract.gdc[39m[0m
[  81% ] [90m[1msavepack[22m | Storing File: res://game/tests/headless_building_1_live_field_capture_evidence_contract.gdc[39m[0m
[  82% ] [90m[1msavepack[22m | Storing File: res://game/tests/headless_building_1_live_field_integration_contract.gdc[39m[0m
[  82% ] [90m[1msavepack[22m | Storing File: res://game/tests/headless_building_1_public_front_believability_contract.gdc[39m[0m
[  82% ] [90m[1msavepack[22m | Storing File: res://game/tests/headless_building_1_public_front_believability_evidence_contract.gdc[39m[0m
[  82% ] [90m[1msavepack[22m | Storing File: res://game/tests/headless_building_1_recognizability_evidence_contract.gdc[39m[0m
[  82% ] [90m[1msavepack[22m | Storing File: res://game/tests/headless_building_1_recognizability_live_contract.gdc[39m[0m
[  82% ] [90m[1msavepack[22m | Storing File: res://game/tests/headless_building_1_registry_closure_mounted_contract.gdc[39m[0m
[  82% ] [90m[1msavepack[22m | Storing File: res://game/tests/headless_building_1_standalone_capture_evidence_contract.gdc[39m[0m
[  83% ] [90m[1msavepack[22m | Storing File: res://game/tests/headless_building_1_standalone_prototype_contract.gdc[39m[0m
[  83% ] [90m[1msavepack[22m | Storing File: res://game/tests/headless_building_1_tower_grounded_evidence_contract.gdc[39m[0m
[  83% ] [90m[1msavepack[22m | Storing File: res://game/tests/headless_building_1_wing_returns_v2_candidate_evidence_contract.gdc[39m[0m
[  83% ] [90m[1msavepack[22m | Storing File: res://game/tests/headless_building_1_wing_returns_v2_candidate_package_contract.gdc[39m[0m
[  83% ] [90m[1msavepack[22m | Storing File: res://game/tests/headless_building_1_wing_returns_v2_contract.gdc[39m[0m
[  83% ] [90m[1msavepack[22m | Storing File: res://game/tests/headless_building_1_wing_returns_v2_current_contract.gdc[39m[0m
[  84% ] [90m[1msavepack[22m | Storing File: res://game/tests/headless_building_1_wing_returns_v2_current_package_contract.gdc[39m[0m
[  84% ] [90m[1msavepack[22m | Storing File: res://game/tests/headless_building_1_wing_window_reveal_candidate_evidence_contract.gdc[39m[0m
[  84% ] [90m[1msavepack[22m | Storing File: res://game/tests/headless_building_1_wing_window_reveal_candidate_package_contract.gdc[39m[0m
[  84% ] [90m[1msavepack[22m | Storing File: res://game/tests/headless_building_3_facade_contract.gdc[39m[0m
[  84% ] [90m[1msavepack[22m | Storing File: res://game/tests/headless_building_3_hero_evidence_contract.gdc[39m[0m
[  84% ] [90m[1msavepack[22m | Storing File: res://game/tests/headless_building_3_hero_massing_contract.gdc[39m[0m
[  85% ] [90m[1msavepack[22m | Storing File: res://game/tests/headless_d1_b201_live_attachment_contract.gdc[39m[0m
[  85% ] [90m[1msavepack[22m | Storing File: res://game/tests/headless_d1_b201_live_attachment_evidence_contract.gdc[39m[0m
[  85% ] [90m[1msavepack[22m | Storing File: res://game/tests/headless_d1_b201_live_attachment_package_contract.gdc[39m[0m
[  85% ] [90m[1msavepack[22m | Storing File: res://game/tests/w34313515_module_calibration_capture.gdc[39m[0m
[  85% ] [90m[1msavepack[22m | Storing File: res://game/tests/headless_d1_b225_postpromotion_v8_contract.gdc[39m[0m
[  85% ] [90m[1msavepack[22m | Storing File: res://game/tests/headless_d1_b225_postpromotion_v8_package_contract.gdc[39m[0m
[  86% ] [90m[1msavepack[22m | Storing File: res://game/tests/headless_d1_b225_production_attachment_contract.gdc[39m[0m
[  86% ] [90m[1msavepack[22m | Storing File: res://game/tests/headless_d1_b225_production_attachment_package_contract.gdc[39m[0m
[  86% ] [90m[1msavepack[22m | Storing File: res://game/tests/headless_d1_b225_standalone_cladding_repair_v1_contract.gdc[39m[0m
[  86% ] [90m[1msavepack[22m | Storing File: res://game/tests/headless_d1_b225_standalone_cladding_repair_v1_evidence_contract.gdc[39m[0m
[  86% ] [90m[1msavepack[22m | Storing File: res://game/tests/headless_d1_current_standalone_evidence_contract.gdc[39m[0m
[  86% ] [90m[1msavepack[22m | Storing File: res://game/tests/headless_d1_current_standalone_prototype_contract.gdc[39m[0m
[  87% ] [90m[1msavepack[22m | Storing File: res://game/tests/w34313520_live_integration_capture.gdc[39m[0m
[  87% ] [90m[1msavepack[22m | Storing File: res://game/tests/navy_chapel_187_standalone_hero_capture.gdc[39m[0m
[  87% ] [90m[1msavepack[22m | Storing File: res://game/tests/validate_generated_world.gdc[39m[0m
[  87% ] [90m[1msavepack[22m | Storing File: res://game/tests/headless_d2_1441_chinook_live_replacement_contract.gdc[39m[0m
[  87% ] [90m[1msavepack[22m | Storing File: res://game/tests/headless_d2_1441_chinook_live_replacement_package_contract.gdc[39m[0m
[  87% ] [90m[1msavepack[22m | Storing File: res://game/tests/next_cohort_facade_capture.gdc[39m[0m
[  88% ] [90m[1msavepack[22m | Storing File: res://game/tests/w34313520_standalone_prototype_capture.gdc[39m[0m
[  88% ] [90m[1msavepack[22m | Storing File: res://game/tests/p3_existing_live_material_revalidation_capture.gdc[39m[0m
[  88% ] [90m[1msavepack[22m | Storing File: res://game/tests/headless_d2_1441_postpromotion_v9_contract.gdc[39m[0m
[  88% ] [90m[1msavepack[22m | Storing File: res://game/tests/headless_d2_1441_postpromotion_v9_package_contract.gdc[39m[0m
[  88% ] [90m[1msavepack[22m | Storing File: res://game/tests/headless_d2_1441_production_attachment_contract.gdc[39m[0m
[  88% ] [90m[1msavepack[22m | Storing File: res://game/tests/headless_d2_1441_production_attachment_package_contract.gdc[39m[0m
[  89% ] [90m[1msavepack[22m | Storing File: res://game/tests/rendered_visual_evidence_capture.gdc[39m[0m
[  89% ] [90m[1msavepack[22m | Storing File: res://game/tests/w34313520_exact_receiver_calibration_capture.gdc[39m[0m
[  89% ] [90m[1msavepack[22m | Storing File: res://game/tests/w34313515_live_module_integration_capture.gdc[39m[0m
[  89% ] [90m[1msavepack[22m | Storing File: res://game/tests/headless_dormitory_369_standalone_hero_contract.gdc[39m[0m
[  89% ] [90m[1msavepack[22m | Storing File: res://game/tests/headless_dormitory_369_standalone_hero_evidence_contract.gdc[39m[0m
[  89% ] [90m[1msavepack[22m | Storing File: res://game/tests/headless_facade_meter_uv_adapter_contract.gdc[39m[0m
[  90% ] [90m[1msavepack[22m | Storing File: res://game/tests/headless_facade_recognition_registry_contract.gdc[39m[0m
[  90% ] [90m[1msavepack[22m | Storing File: res://game/tests/headless_facade_runtime_registry_loader_contract.gdc[39m[0m
[  90% ] [90m[1msavepack[22m | Storing File: res://game/tests/headless_gameplay_contract.gdc[39m[0m
[  90% ] [90m[1msavepack[22m | Storing File: res://game/tests/headless_genai_texture_phase2_package_contract.gdc[39m[0m
[  90% ] [90m[1msavepack[22m | Storing File: res://game/tests/headless_genai_texture_pilot_v1_contract.gdc[39m[0m
[  90% ] [90m[1msavepack[22m | Storing File: res://game/tests/headless_hawkins_facade_contract.gdc[39m[0m
[  91% ] [90m[1msavepack[22m | Storing File: res://game/tests/headless_housing_family_live_contract.gdc[39m[0m
[  91% ] [90m[1msavepack[22m | Storing File: res://game/tests/headless_isle_house_composite_repair_standalone_v1_contract.gdc[39m[0m
[  91% ] [90m[1msavepack[22m | Storing File: res://game/tests/headless_isle_house_composite_repair_standalone_v1_evidence_contract.gdc[39m[0m
[  91% ] [90m[1msavepack[22m | Storing File: res://game/tests/headless_isle_house_composite_repair_standalone_v1_package_contract.gdc[39m[0m
[  91% ] [90m[1msavepack[22m | Storing File: res://game/tests/headless_isle_house_composite_repair_variant_c_standalone_v1_contract.gdc[39m[0m
[  91% ] [90m[1msavepack[22m | Storing File: res://game/tests/headless_isle_house_composite_repair_variant_c_standalone_v1_evidence_contract.gdc[39m[0m
[  92% ] [90m[1msavepack[22m | Storing File: res://game/tests/headless_isle_house_composite_repair_variant_c_standalone_v1_package_contract.gdc[39m[0m
[  92% ] [90m[1msavepack[22m | Storing File: res://game/tests/headless_isle_house_facade_contract.gdc[39m[0m
[  92% ] [90m[1msavepack[22m | Storing File: res://game/tests/headless_isle_house_low_facade_prototype_contract.gdc[39m[0m
[  92% ] [90m[1msavepack[22m | Storing File: res://game/tests/headless_isle_house_low_genai_brick_phase2_evidence_contract.gdc[39m[0m
[  92% ] [90m[1msavepack[22m | Storing File: res://game/tests/headless_isle_house_low_live_evidence_contract.gdc[39m[0m
[  92% ] [90m[1msavepack[22m | Storing File: res://game/tests/headless_isle_house_low_live_integration_contract.gdc[39m[0m
[  93% ] [90m[1msavepack[22m | Storing File: res://game/tests/headless_isle_house_variant_c_live_replacement_evidence_contract.gdc[39m[0m
[  93% ] [90m[1msavepack[22m | Storing File: res://game/tests/headless_isle_house_variant_c_live_replacement_package_contract.gdc[39m[0m
[  93% ] [90m[1msavepack[22m | Storing File: res://game/tests/headless_navy_chapel_187_live_replacement_contract.gdc[39m[0m
[  93% ] [90m[1msavepack[22m | Storing File: res://game/tests/headless_navy_chapel_187_live_replacement_evidence_contract.gdc[39m[0m
[  93% ] [90m[1msavepack[22m | Storing File: res://game/tests/headless_navy_chapel_187_live_replacement_package_contract.gdc[39m[0m
[  93% ] [90m[1msavepack[22m | Storing File: res://game/tests/headless_navy_chapel_187_standalone_hero_contract.gdc[39m[0m
[  94% ] [90m[1msavepack[22m | Storing File: res://game/tests/headless_navy_chapel_187_standalone_hero_evidence_contract.gdc[39m[0m
[  94% ] [90m[1msavepack[22m | Storing File: res://game/tests/headless_p1_existing_live_revalidation_evidence_contract.gdc[39m[0m
[  94% ] [90m[1msavepack[22m | Storing File: res://game/tests/headless_p3_existing_live_material_revalidation_evidence_contract.gdc[39m[0m
[  94% ] [90m[1msavepack[22m | Storing File: res://game/tests/headless_precommit_package_sanitization_contract.gdc[39m[0m
[  94% ] [90m[1msavepack[22m | Storing File: res://game/tests/headless_scene_parse.gdc[39m[0m
[  94% ] [90m[1msavepack[22m | Storing File: res://game/tests/headless_site_12_stucco_package_promotion_contract.gdc[39m[0m
[  95% ] [90m[1msavepack[22m | Storing File: res://game/tests/headless_startup_configuration_contract.gdc[39m[0m
[  95% ] [90m[1msavepack[22m | Storing File: res://game/tests/headless_w34313515_live_module_integration_contract.gdc[39m[0m
[  95% ] [90m[1msavepack[22m | Storing File: res://game/tests/headless_w34313515_module_calibration_contract.gdc[39m[0m
[  95% ] [90m[1msavepack[22m | Storing File: res://game/tests/headless_w34313520_exact_receiver_calibration_contract.gdc[39m[0m
[  95% ] [90m[1msavepack[22m | Storing File: res://game/tests/headless_w34313520_live_integration_contract.gdc[39m[0m
[  95% ] [90m[1msavepack[22m | Storing File: res://game/tests/headless_w34313520_standalone_prototype_contract.gdc[39m[0m
[  96% ] [90m[1msavepack[22m | Storing File: res://game/tests/headless_w34313525_exact_receiver_calibration_capture_evidence_contract.gdc[39m[0m
[  96% ] [90m[1msavepack[22m | Storing File: res://game/tests/headless_w34313525_exact_receiver_calibration_contract.gdc[39m[0m
[  96% ] [90m[1msavepack[22m | Storing File: res://game/tests/headless_w34313525_live_capture_evidence_contract.gdc[39m[0m
[  96% ] [90m[1msavepack[22m | Storing File: res://game/tests/headless_w34313525_live_integration_contract.gdc[39m[0m
[  96% ] [90m[1msavepack[22m | Storing File: res://game/tests/headless_w34313525_standalone_capture_evidence_contract.gdc[39m[0m
[  96% ] [90m[1msavepack[22m | Storing File: res://game/tests/headless_w34313525_standalone_prototype_contract.gdc[39m[0m
[  97% ] [90m[1msavepack[22m | Storing File: res://game/tests/headless_w34313564_live_module_integration_contract.gdc[39m[0m
[  97% ] [90m[1msavepack[22m | Storing File: res://game/tests/headless_w34313564_module_calibration_contract.gdc[39m[0m
[  97% ] [90m[1msavepack[22m | Storing File: res://game/tests/headless_w291196370_live_module_integration_contract.gdc[39m[0m
[  97% ] [90m[1msavepack[22m | Storing File: res://game/tests/headless_w291196370_module_calibration_contract.gdc[39m[0m
[  97% ] [90m[1msavepack[22m | Storing File: res://game/tests/headless_world_material_contract.gdc[39m[0m
[  97% ] [90m[1msavepack[22m | Storing File: res://game/tests/headless_ymca_wall_tangent_projection_contract.gdc[39m[0m
[  98% ] [90m[1msavepack[22m | Storing File: res://game/tests/housing_asset_reuse_demo.gdc[39m[0m
[  98% ] [90m[1msavepack[22m | Storing File: res://game/tests/housing_row_family_demo.gdc[39m[0m
[  98% ] [90m[1msavepack[22m | Storing File: res://game/tests/isle_house_composite_repair_standalone_v1_capture.gdc[39m[0m
[  98% ] [90m[1msavepack[22m | Storing File: res://game/tests/isle_house_composite_repair_variant_c_standalone_v1_capture.gdc[39m[0m
[  98% ] [90m[1msavepack[22m | Storing File: res://game/tests/isle_house_low_genai_brick_phase2_capture.gdc[39m[0m
[  98% ] [90m[1msavepack[22m | Storing File: res://game/tests/isle_house_low_live_evidence_capture.gdc[39m[0m
[  98% ] [90m[1msavepack[22m | Storing File: res://game/tests/w291196370_module_calibration_capture.gd.remap[39m[0m
[  98% ] [90m[1msavepack[22m | Storing File: res://game/tests/ymca_exact_run_trial_capture.gd.remap[39m[0m
[  98% ] [90m[1msavepack[22m | Storing File: res://game/resources/housing_family/long_row.tres.remap[39m[0m
[  98% ] [90m[1msavepack[22m | Storing File: res://game/resources/housing_family/short_row.tres.remap[39m[0m
[  98% ] [90m[1msavepack[22m | Storing File: res://game/resources/materials/world/449_avenue_h/449_h_historical_siding.tres.remap[39m[0m
[  98% ] [90m[1msavepack[22m | Storing File: res://game/resources/materials/world/449_avenue_h/449_h_historical_trim.tres.remap[39m[0m
[  98% ] [90m[1msavepack[22m | Storing File: res://game/resources/materials/world/490_avenue_palms/490_thin_brick.tres.remap[39m[0m
[  98% ] [90m[1msavepack[22m | Storing File: res://game/resources/materials/world/810_avenue_d/810_d_historical_brown_trim.tres.remap[39m[0m
[  98% ] [90m[1msavepack[22m | Storing File: res://game/resources/materials/world/810_avenue_d/810_d_historical_siding.tres.remap[39m[0m
[  98% ] [90m[1msavepack[22m | Storing File: res://game/resources/materials/world/850_avenue_h/850_h_tan_field.tres.remap[39m[0m
[  98% ] [90m[1msavepack[22m | Storing File: res://game/resources/materials/world/850_avenue_h/850_h_teal_edge.tres.remap[39m[0m
[  98% ] [90m[1msavepack[22m | Storing File: res://game/resources/materials/world/1212_mariner/1212_mariner_entry_accent.tres.remap[39m[0m
[  98% ] [90m[1msavepack[22m | Storing File: res://game/resources/materials/world/1212_mariner/1212_mariner_privacy_accent.tres.remap[39m[0m
[  98% ] [90m[1msavepack[22m | Storing File: res://game/resources/materials/world/1212_mariner/1212_mariner_siding.tres.remap[39m[0m
[  98% ] [90m[1msavepack[22m | Storing File: res://game/resources/materials/world/1212_mariner/1212_mariner_white_trim.tres.remap[39m[0m
[  98% ] [90m[1msavepack[22m | Storing File: res://game/resources/materials/world/1318_gateview/1318_gateview_siding.tres.remap[39m[0m
[  98% ] [90m[1msavepack[22m | Storing File: res://game/resources/materials/world/1318_gateview/1318_gateview_white_trim.tres.remap[39m[0m
[  98% ] [90m[1msavepack[22m | Storing File: res://game/resources/materials/world/bldg_461/bldg_461_gray_field.tres.remap[39m[0m
[  98% ] [90m[1msavepack[22m | Storing File: res://game/resources/materials/world/bldg_461/bldg_461_pale_end.tres.remap[39m[0m
[  98% ] [90m[1msavepack[22m | Storing File: res://game/resources/materials/world/building_1/building_1_bluegrey_glass.tres.remap[39m[0m
[  98% ] [90m[1msavepack[22m | Storing File: res://game/resources/materials/world/building_1/building_1_blue_door.tres.remap[39m[0m
[  98% ] [90m[1msavepack[22m | Storing File: res://game/resources/materials/world/building_1/building_1_bronze.tres.remap[39m[0m
[  98% ] [90m[1msavepack[22m | Storing File: res://game/resources/materials/world/building_1/building_1_canopy_underside.tres.remap[39m[0m
[  98% ] [90m[1msavepack[22m | Storing File: res://game/resources/materials/world/building_1/building_1_light_trim.tres.remap[39m[0m
[  98% ] [90m[1msavepack[22m | Storing File: res://game/resources/materials/world/building_1/building_1_projecting_base_stone.tres.remap[39m[0m
[  98% ] [90m[1msavepack[22m | Storing File: res://game/resources/materials/world/building_1/building_1_reveal_shadow.tres.remap[39m[0m
[  98% ] [90m[1msavepack[22m | Storing File: res://game/resources/materials/world/building_1/building_1_roof_metal.tres.remap[39m[0m
[  98% ] [90m[1msavepack[22m | Storing File: res://game/resources/materials/world/building_1/building_1_rose_base.tres.remap[39m[0m
[  98% ] [90m[1msavepack[22m | Storing File: res://game/resources/materials/world/building_1/building_1_warm_ivory.tres.remap[39m[0m
[  98% ] [90m[1msavepack[22m | Storing File: res://game/resources/materials/world/building_1/building_1_warm_ivory_exact_trial.tres.remap[39m[0m
[  98% ] [90m[1msavepack[22m | Storing File: res://game/resources/materials/world/building_2/building_2_primary.tres.remap[39m[0m
[  98% ] [90m[1msavepack[22m | Storing File: res://game/resources/materials/world/building_3/building_3_shadow_recess.tres.remap[39m[0m
[  98% ] [90m[1msavepack[22m | Storing File: res://game/resources/materials/world/building_3/building_3_teal_door.tres.remap[39m[0m
[  98% ] [90m[1msavepack[22m | Storing File: res://game/resources/materials/world/building_3/building_3_white_primary.tres.remap[39m[0m
[  98% ] [90m[1msavepack[22m | Storing File: res://game/resources/materials/world/d1_b225_repair_v1/b225_aged_painted_horizontal_cladding_v1.tres.remap[39m[0m
[  98% ] [90m[1msavepack[22m | Storing File: res://game/resources/materials/world/d1_current/b201_green_hierarchy.tres.remap[39m[0m
[  98% ] [90m[1msavepack[22m | Storing File: res://game/resources/materials/world/d1_current/b201_muted_rust_post.tres.remap[39m[0m
[  98% ] [90m[1msavepack[22m | Storing File: res://game/resources/materials/world/d1_current/b201_service_leaf.tres.remap[39m[0m
[  98% ] [90m[1msavepack[22m | Storing File: res://game/resources/materials/world/d1_current/b201_warm_wall.tres.remap[39m[0m
[  98% ] [90m[1msavepack[22m | Storing File: res://game/resources/materials/world/d1_current/b225_aged_horizontal_cladding.tres.remap[39m[0m
[  98% ] [90m[1msavepack[22m | Storing File: res://game/resources/materials/world/d1_current/shared_dark_glass.tres.remap[39m[0m
[  98% ] [90m[1msavepack[22m | Storing File: res://game/resources/materials/world/d1_current/shared_deep_reveal.tres.remap[39m[0m
[  98% ] [90m[1msavepack[22m | Storing File: res://game/resources/materials/world/d1_current/shared_pale_frame.tres.remap[39m[0m
[  98% ] [90m[1msavepack[22m | Storing File: res://game/resources/materials/world/facade_shared_v1/muted_brown_red_brick_v1.tres.remap[39m[0m
[  98% ] [90m[1msavepack[22m | Storing File: res://game/resources/materials/world/fire_station_48/fire_station_48_primary.tres.remap[39m[0m
[  98% ] [90m[1msavepack[22m | Storing File: res://game/resources/materials/world/fire_training_b600/fire_training_primary.tres.remap[39m[0m
[  98% ] [90m[1msavepack[22m | Storing File: res://game/tests/w34313525_live_integration_capture.gd.remap[39m[0m
[  98% ] [90m[1msavepack[22m | Storing File: res://game/tests/w34313525_exact_receiver_calibration_capture.gd.remap[39m[0m
[  98% ] [90m[1msavepack[22m | Storing File: res://game/resources/materials/world/hawkins/hawkins_base_ribbed.tres.remap[39m[0m
[  98% ] [90m[1msavepack[22m | Storing File: res://game/resources/materials/world/hawkins/hawkins_base_smooth.tres.remap[39m[0m
[  98% ] [90m[1msavepack[22m | Storing File: res://game/resources/materials/world/hawkins/hawkins_frame_charcoal.tres.remap[39m[0m
[  98% ] [90m[1msavepack[22m | Storing File: res://game/resources/materials/world/hawkins/hawkins_garage_dark.tres.remap[39m[0m
[  98% ] [90m[1msavepack[22m | Storing File: res://game/resources/materials/world/hawkins/hawkins_glass_proxy.tres.remap[39m[0m
[  98% ] [90m[1msavepack[22m | Storing File: res://game/resources/materials/world/hawkins/hawkins_pearl_fluted.tres.remap[39m[0m
[  98% ] [90m[1msavepack[22m | Storing File: res://game/resources/materials/world/hawkins/hawkins_pearl_plain.tres.remap[39m[0m
[  98% ] [90m[1msavepack[22m | Storing File: res://game/resources/materials/world/hawkins/hawkins_sign_letters.tres.remap[39m[0m
[  98% ] [90m[1msavepack[22m | Storing File: res://game/resources/materials/world/hawkins/hawkins_spandrel_pale.tres.remap[39m[0m
[  98% ] [90m[1msavepack[22m | Storing File: res://game/resources/materials/world/isle_house/isle_house_dark_charcoal.tres.remap[39m[0m
[  98% ] [90m[1msavepack[22m | Storing File: res://game/resources/materials/world/isle_house/isle_house_glass_proxy.tres.remap[39m[0m
[  98% ] [90m[1msavepack[22m | Storing File: res://game/resources/materials/world/isle_house/isle_house_identifier.tres.remap[39m[0m
[  98% ] [90m[1msavepack[22m | Storing File: res://game/resources/materials/world/isle_house/isle_house_low_brick.tres.remap[39m[0m
[  98% ] [90m[1msavepack[22m | Storing File: res://game/resources/materials/world/isle_house/isle_house_low_landscape_proxy.tres.remap[39m[0m
[  98% ] [90m[1msavepack[22m | Storing File: res://game/resources/materials/world/isle_house/isle_house_low_patio.tres.remap[39m[0m
[  98% ] [90m[1msavepack[22m | Storing File: res://game/resources/materials/world/isle_house/isle_house_podium_light.tres.remap[39m[0m
[  98% ] [90m[1msavepack[22m | Storing File: res://game/resources/materials/world/isle_house/isle_house_podium_mid_warm_v1.tres.remap[39m[0m
[  98% ] [90m[1msavepack[22m | Storing File: res://game/resources/materials/world/isle_house/isle_house_return_quiet_v1.tres.remap[39m[0m
[  98% ] [90m[1msavepack[22m | Storing File: res://game/resources/materials/world/isle_house/isle_house_support_grey.tres.remap[39m[0m
[  98% ] [90m[1msavepack[22m | Storing File: res://game/resources/materials/world/isle_house/isle_house_tower_accent.tres.remap[39m[0m
[  98% ] [90m[1msavepack[22m | Storing File: res://game/resources/materials/world/isle_house/isle_house_tower_light.tres.remap[39m[0m
[  98% ] [90m[1msavepack[22m | Storing File: res://game/resources/materials/world/job_corps_dormitory_b369/standalone_hero/dormitory_369_inferred_blue_gray.tres.remap[39m[0m
[  98% ] [90m[1msavepack[22m | Storing File: res://game/resources/materials/world/job_corps_dormitory_b369/standalone_hero/dormitory_369_inferred_green_trim.tres.remap[39m[0m
[  98% ] [90m[1msavepack[22m | Storing File: res://game/resources/materials/world/job_corps_dormitory_b369/standalone_hero/dormitory_369_neutral_roof.tres.remap[39m[0m
[  98% ] [90m[1msavepack[22m | Storing File: res://game/resources/materials/world/job_corps_dormitory_b369/standalone_hero/dormitory_369_opaque_opening.tres.remap[39m[0m
[  98% ] [90m[1msavepack[22m | Storing File: res://game/resources/materials/world/job_corps_dormitory_b369/standalone_hero/dormitory_369_opening_frame.tres.remap[39m[0m
[  98% ] [90m[1msavepack[22m | Storing File: res://game/resources/materials/world/job_corps_dormitory_b369/standalone_hero/dormitory_369_protected_neutral.tres.remap[39m[0m
[  98% ] [90m[1msavepack[22m | Storing File: res://game/resources/materials/world/job_corps_dormitory_b369/dormitory_b369_blue_end.tres.remap[39m[0m
[  98% ] [90m[1msavepack[22m | Storing File: res://game/resources/materials/world/job_corps_dormitory_b369/dormitory_b369_green_trim.tres.remap[39m[0m
[  98% ] [90m[1msavepack[22m | Storing File: res://game/resources/materials/world/job_corps_dormitory_b369/dormitory_b369_warm_field.tres.remap[39m[0m
[  98% ] [90m[1msavepack[22m | Storing File: res://game/resources/materials/world/maceo_may/maceo_may_sse_rib.tres.remap[39m[0m
[  98% ] [90m[1msavepack[22m | Storing File: res://game/resources/materials/world/navy_chapel_187/standalone_hero/navy_chapel_inferred_cream_structure.tres.remap[39m[0m
[  98% ] [90m[1msavepack[22m | Storing File: res://game/resources/materials/world/navy_chapel_187/standalone_hero/navy_chapel_neutral_roof.tres.remap[39m[0m
[  98% ] [90m[1msavepack[22m | Storing File: res://game/resources/materials/world/navy_chapel_187/standalone_hero/navy_chapel_opaque_opening.tres.remap[39m[0m
[  98% ] [90m[1msavepack[22m | Storing File: res://game/resources/materials/world/navy_chapel_187/standalone_hero/navy_chapel_pale_trim.tres.remap[39m[0m
[  98% ] [90m[1msavepack[22m | Storing File: res://game/resources/materials/world/navy_chapel_187/standalone_hero/navy_chapel_protected_neutral.tres.remap[39m[0m
[  98% ] [90m[1msavepack[22m | Storing File: res://game/resources/materials/world/navy_chapel_187/navy_chapel_primary.tres.remap[39m[0m
[  98% ] [90m[1msavepack[22m | Storing File: res://game/resources/materials/world/personnel_support_detachment/psd_outer.tres.remap[39m[0m
[  98% ] [90m[1msavepack[22m | Storing File: res://game/resources/materials/world/site_12_housing/d2_1439_quality_v2_recess_backing.tres.remap[39m[0m
[  98% ] [90m[1msavepack[22m | Storing File: res://game/resources/materials/world/site_12_housing/d2_1444_quality_v2_recess_backing.tres.remap[39m[0m
[  98% ] [90m[1msavepack[22m | Storing File: res://game/resources/materials/world/site_12_housing/site_12_dark_metal.tres.remap[39m[0m
[  98% ] [90m[1msavepack[22m | Storing File: res://game/resources/materials/world/site_12_housing/site_12_dark_roof_surrogate.tres.remap[39m[0m
[  98% ] [90m[1msavepack[22m | Storing File: res://game/resources/materials/world/site_12_housing/site_12_ochre_tan_stucco.tres.remap[39m[0m
[  98% ] [90m[1msavepack[22m | Storing File: res://game/resources/materials/world/site_12_housing/site_12_opaque_opening.tres.remap[39m[0m
[  98% ] [90m[1msavepack[22m | Storing File: res://game/resources/materials/world/site_12_housing/site_12_protected_neutral.tres.remap[39m[0m
[  98% ] [90m[1msavepack[22m | Storing File: res://game/resources/materials/world/site_12_housing/site_12_void_shadow.tres.remap[39m[0m
[  98% ] [90m[1msavepack[22m | Storing File: res://game/resources/materials/world/site_12_housing/site_12_warm_ivory_stucco.tres.remap[39m[0m
[  98% ] [90m[1msavepack[22m | Storing File: res://game/resources/materials/world/star_view_court/star_view_grey_base.tres.remap[39m[0m
[  98% ] [90m[1msavepack[22m | Storing File: res://game/resources/materials/world/ti_ymca/ti_ymca_primary.tres.remap[39m[0m
[  98% ] [90m[1msavepack[22m | Storing File: res://game/resources/materials/world/w34313515/w34313515_frame.tres.remap[39m[0m
[  98% ] [90m[1msavepack[22m | Storing File: res://game/resources/materials/world/w34313515/w34313515_glass.tres.remap[39m[0m
[  98% ] [90m[1msavepack[22m | Storing File: res://game/resources/materials/world/w34313515/w34313515_pale_exact_trial.tres.remap[39m[0m
[  98% ] [90m[1msavepack[22m | Storing File: res://game/resources/materials/world/w34313515/w34313515_pale_field.tres.remap[39m[0m
[  98% ] [90m[1msavepack[22m | Storing File: res://game/resources/materials/world/w34313520/w34313520_bay_frame.tres.remap[39m[0m
[  98% ] [90m[1msavepack[22m | Storing File: res://game/resources/materials/world/w34313520/w34313520_bay_glass.tres.remap[39m[0m
[  98% ] [90m[1msavepack[22m | Storing File: res://game/resources/materials/world/w34313520/w34313520_pale_exact_trial.tres.remap[39m[0m
[  98% ] [90m[1msavepack[22m | Storing File: res://game/resources/materials/world/w34313520/w34313520_pale_field.tres.remap[39m[0m
[  98% ] [90m[1msavepack[22m | Storing File: res://game/resources/materials/world/w34313525/w34313525_frame.tres.remap[39m[0m
[  98% ] [90m[1msavepack[22m | Storing File: res://game/resources/materials/world/w34313525/w34313525_high_group.tres.remap[39m[0m
[  98% ] [90m[1msavepack[22m | Storing File: res://game/resources/materials/world/w34313525/w34313525_pale_exact_trial.tres.remap[39m[0m
[  98% ] [90m[1msavepack[22m | Storing File: res://game/resources/materials/world/w34313525/w34313525_pale_field.tres.remap[39m[0m
[  98% ] [90m[1msavepack[22m | Storing File: res://game/resources/materials/world/w34313525/w34313525_personnel.tres.remap[39m[0m
[  98% ] [90m[1msavepack[22m | Storing File: res://game/resources/materials/world/w34313525/w34313525_rollup_gray.tres.remap[39m[0m
[  98% ] [90m[1msavepack[22m | Storing File: res://game/resources/materials/world/w34313525/w34313525_rollup_pale.tres.remap[39m[0m
[  98% ] [90m[1msavepack[22m | Storing File: res://game/resources/materials/world/w34313564/w34313564_door.tres.remap[39m[0m
[  98% ] [90m[1msavepack[22m | Storing File: res://game/resources/materials/world/w34313564/w34313564_frame.tres.remap[39m[0m
[  98% ] [90m[1msavepack[22m | Storing File: res://game/resources/materials/world/w34313564/w34313564_glass.tres.remap[39m[0m
[  98% ] [90m[1msavepack[22m | Storing File: res://game/resources/materials/world/w34313564/w34313564_pale_exact_trial.tres.remap[39m[0m
[  98% ] [90m[1msavepack[22m | Storing File: res://game/resources/materials/world/w34313564/w34313564_pale_field.tres.remap[39m[0m
[  98% ] [90m[1msavepack[22m | Storing File: res://game/resources/materials/world/w34313564/w34313564_plinth_field.tres.remap[39m[0m
[  98% ] [90m[1msavepack[22m | Storing File: res://game/resources/materials/world/w34313564/w34313564_tan_exact_trial.tres.remap[39m[0m
[  98% ] [90m[1msavepack[22m | Storing File: res://game/resources/materials/world/w34313564/w34313564_tan_field.tres.remap[39m[0m
[  98% ] [90m[1msavepack[22m | Storing File: res://game/resources/materials/world/w291196370/w291196370_entry.tres.remap[39m[0m
[  98% ] [90m[1msavepack[22m | Storing File: res://game/resources/materials/world/w291196370/w291196370_glass.tres.remap[39m[0m
[  98% ] [90m[1msavepack[22m | Storing File: res://game/resources/materials/world/w291196370/w291196370_service.tres.remap[39m[0m
[  98% ] [90m[1msavepack[22m | Storing File: res://game/resources/materials/world/w291196370/w291196370_siding_exact_trial.tres.remap[39m[0m
[  98% ] [90m[1msavepack[22m | Storing File: res://game/resources/materials/world/w291196370/w291196370_siding_field.tres.remap[39m[0m
[  98% ] [90m[1msavepack[22m | Storing File: res://game/resources/materials/world/w291196370/w291196370_trim.tres.remap[39m[0m
[  98% ] [90m[1msavepack[22m | Storing File: res://game/tests/w34313564_live_module_integration_capture.gd.remap[39m[0m
[  98% ] [90m[1msavepack[22m | Storing File: res://game/tests/w34313525_standalone_prototype_capture.gd.remap[39m[0m
[  98% ] [90m[1msavepack[22m | Storing File: res://game/scenes/player/player.tscn.remap[39m[0m
[  98% ] [90m[1msavepack[22m | Storing File: res://game/scenes/ui/hud.tscn.remap[39m[0m
[  98% ] [90m[1msavepack[22m | Storing File: res://game/scenes/world/facades/batch_06/w34313515_prototype_set.tscn.remap[39m[0m
[  98% ] [90m[1msavepack[22m | Storing File: res://game/scenes/world/facades/batch_06/w34313520_standalone_prototype_set.tscn.remap[39m[0m
[  98% ] [90m[1msavepack[22m | Storing File: res://game/scenes/world/facades/batch_06/w34313525_standalone_prototype_set.tscn.remap[39m[0m
[  98% ] [90m[1msavepack[22m | Storing File: res://game/scenes/world/facades/batch_06/w34313564_prototype_set.tscn.remap[39m[0m
[  98% ] [90m[1msavepack[22m | Storing File: res://game/scenes/world/facades/batch_06/w291196370_prototype_set.tscn.remap[39m[0m
[  98% ] [90m[1msavepack[22m | Storing File: res://game/scenes/world/facades/building_1/building_1_exact_receiver_calibration.tscn.remap[39m[0m
[  98% ] [90m[1msavepack[22m | Storing File: res://game/scenes/world/facades/building_1/building_1_standalone_prototype_set.tscn.remap[39m[0m
[  98% ] [90m[1msavepack[22m | Storing File: res://game/scenes/world/facades/building_3/building_3_600_california_facade.tscn.remap[39m[0m
[  98% ] [90m[1msavepack[22m | Storing File: res://game/scenes/world/facades/building_3/building_3_ene_modules.tscn.remap[39m[0m
[  98% ] [90m[1msavepack[22m | Storing File: res://game/scenes/world/facades/d1_current/repairs/d1_b225_standalone_cladding_repair_v1.tscn.remap[39m[0m
[  98% ] [90m[1msavepack[22m | Storing File: res://game/scenes/world/facades/d1_current/d1_current_standalone_prototype_pair.tscn.remap[39m[0m
[  98% ] [90m[1msavepack[22m | Storing File: res://game/scenes/world/facades/hawkins/hawkins_77_bruton_facade.tscn.remap[39m[0m
[  98% ] [90m[1msavepack[22m | Storing File: res://game/scenes/world/facades/hawkins/hawkins_ground_modules.tscn.remap[39m[0m
[  98% ] [90m[1msavepack[22m | Storing File: res://game/scenes/world/facades/hawkins/hawkins_upper_modules.tscn.remap[39m[0m
[  98% ] [90m[1msavepack[22m | Storing File: res://game/scenes/world/facades/isle_house/isle_house_composite_repair_standalone_v1.tscn.remap[39m[0m
[  98% ] [90m[1msavepack[22m | Storing File: res://game/scenes/world/facades/isle_house/isle_house_composite_repair_variant_c_standalone_v1.tscn.remap[39m[0m
[  98% ] [90m[1msavepack[22m | Storing File: res://game/scenes/world/facades/isle_house/isle_house_high_facade.tscn.remap[39m[0m
[  98% ] [90m[1msavepack[22m | Storing File: res://game/scenes/world/facades/isle_house/isle_house_high_modules.tscn.remap[39m[0m
[  98% ] [90m[1msavepack[22m | Storing File: res://game/scenes/world/facades/isle_house/isle_house_low_facade_prototype.tscn.remap[39m[0m
[  98% ] [90m[1msavepack[22m | Storing File: res://game/scenes/world/facades/job_corps_dormitory_b369/dormitory_369_standalone_hero_prototype.tscn.remap[39m[0m
[  98% ] [90m[1msavepack[22m | Storing File: res://game/scenes/world/facades/navy_chapel_187/navy_chapel_187_standalone_hero_prototype.tscn.remap[39m[0m
[  98% ] [90m[1msavepack[22m | Storing File: res://game/tests/w34313564_module_calibration_correction_capture.gd.remap[39m[0m
[  98% ] [90m[1msavepack[22m | Storing File: res://game/tests/w34313564_module_calibration_capture.gd.remap[39m[0m
[  98% ] [90m[1msavepack[22m | Storing File: res://game/tests/w291196370_live_module_integration_capture.gd.remap[39m[0m
[  98% ] [90m[1msavepack[22m | Storing File: res://game/scenes/world/world_root.tscn.remap[39m[0m
[  98% ] [90m[1msavepack[22m | Storing File: res://game/scenes/main.tscn.remap[39m[0m
[  98% ] [90m[1msavepack[22m | Storing File: res://game/scripts/debug/runtime_evidence.gd.remap[39m[0m
[  98% ] [90m[1msavepack[22m | Storing File: res://game/scripts/interaction/spray_controller.gd.remap[39m[0m
[  98% ] [90m[1msavepack[22m | Storing File: res://game/scripts/interaction/tag_instance_pool.gd.remap[39m[0m
[  98% ] [90m[1msavepack[22m | Storing File: res://game/scripts/player/player_camera.gd.remap[39m[0m
[  98% ] [90m[1msavepack[22m | Storing File: res://game/scripts/player/player_controller.gd.remap[39m[0m
[  98% ] [90m[1msavepack[22m | Storing File: res://game/scripts/player/recovery_controller.gd.remap[39m[0m
[  98% ] [90m[1msavepack[22m | Storing File: res://game/scripts/ui/hud.gd.remap[39m[0m
[  98% ] [90m[1msavepack[22m | Storing File: res://game/scripts/world/facades/accepted_material_run_trials.gd.remap[39m[0m
[  98% ] [90m[1msavepack[22m | Storing File: res://game/scripts/world/facades/batch_06_prototype_set.gd.remap[39m[0m
[  98% ] [90m[1msavepack[22m | Storing File: res://game/scripts/world/facades/bayside_1215_live_factory.gd.remap[39m[0m
[  98% ] [90m[1msavepack[22m | Storing File: res://game/scripts/world/facades/bayside_1215_live_replacement.gd.remap[39m[0m
[  98% ] [90m[1msavepack[22m | Storing File: res://game/scripts/world/facades/bayside_1220_live_factory.gd.remap[39m[0m
[  98% ] [90m[1msavepack[22m | Storing File: res://game/scripts/world/facades/bayside_1220_live_replacement.gd.remap[39m[0m
[  98% ] [90m[1msavepack[22m | Storing File: res://game/scripts/world/facades/bayside_1222_live_factory.gd.remap[39m[0m
[  98% ] [90m[1msavepack[22m | Storing File: res://game/scripts/world/facades/bayside_1222_live_replacement.gd.remap[39m[0m
[  98% ] [90m[1msavepack[22m | Storing File: res://game/scripts/world/facades/bayside_1226_live_factory.gd.remap[39m[0m
[  98% ] [90m[1msavepack[22m | Storing File: res://game/scripts/world/facades/bayside_1226_live_replacement.gd.remap[39m[0m
[  98% ] [90m[1msavepack[22m | Storing File: res://game/scripts/world/facades/building_1_exact_receiver_calibration_scene.gd.remap[39m[0m
[  98% ] [90m[1msavepack[22m | Storing File: res://game/scripts/world/facades/building_1_hero_model.gd.remap[39m[0m
[  98% ] [90m[1msavepack[22m | Storing File: res://game/scripts/world/facades/building_1_live_field.gd.remap[39m[0m
[  98% ] [90m[1msavepack[22m | Storing File: res://game/scripts/world/facades/building_1_recognizable_facade.gd.remap[39m[0m
[  98% ] [90m[1msavepack[22m | Storing File: res://game/scripts/world/facades/building_1_standalone_prototypes.gd.remap[39m[0m
[  98% ] [90m[1msavepack[22m | Storing File: res://game/scripts/world/facades/building_3_600_california_facade.gd.remap[39m[0m
[  98% ] [90m[1msavepack[22m | Storing File: res://game/scripts/world/facades/d1_b201_live_attachment.gd.remap[39m[0m
[  98% ] [90m[1msavepack[22m | Storing File: res://game/scripts/world/facades/d1_b225_cumulative_meter_uv_v1.gd.remap[39m[0m
[  98% ] [90m[1msavepack[22m | Storing File: res://game/scripts/world/facades/d1_b225_live_attachment.gd.remap[39m[0m
[  98% ] [90m[1msavepack[22m | Storing File: res://game/scripts/world/facades/d1_b225_standalone_cladding_repair_v1.gd.remap[39m[0m
[  98% ] [90m[1msavepack[22m | Storing File: res://game/scripts/world/facades/d1_current_standalone_prototypes.gd.remap[39m[0m
[  98% ] [90m[1msavepack[22m | Storing File: res://game/scripts/world/facades/d2_1439_chinook_quality_v2_live_replacement.gd.remap[39m[0m
[  98% ] [90m[1msavepack[22m | Storing File: res://game/scripts/world/facades/d2_1439_chinook_quality_v2_prototype.gd.remap[39m[0m
[  98% ] [90m[1msavepack[22m | Storing File: res://game/scripts/world/facades/d2_1439_chinook_standalone_hero_prototype.gd.remap[39m[0m
[  98% ] [90m[1msavepack[22m | Storing File: res://game/scripts/world/facades/d2_1441_chinook_live_replacement.gd.remap[39m[0m
[  98% ] [90m[1msavepack[22m | Storing File: res://game/scripts/world/facades/d2_1441_chinook_standalone_hero_prototype.gd.remap[39m[0m
[  98% ] [90m[1msavepack[22m | Storing File: res://game/scripts/world/facades/d2_1444_croaker_quality_v2_live_replacement.gd.remap[39m[0m
[  98% ] [90m[1msavepack[22m | Storing File: res://game/scripts/world/facades/d2_1444_croaker_quality_v2_prototype.gd.remap[39m[0m
[  98% ] [90m[1msavepack[22m | Storing File: res://game/scripts/world/facades/d2_1444_croaker_standalone_hero_prototype.gd.remap[39m[0m
[  98% ] [90m[1msavepack[22m | Storing File: res://game/scripts/world/facades/d5_1308_gateview_live_factory.gd.remap[39m[0m
[  98% ] [90m[1msavepack[22m | Storing File: res://game/scripts/world/facades/d5_1308_gateview_live_replacement.gd.remap[39m[0m
[  98% ] [90m[1msavepack[22m | Storing File: res://game/scripts/world/facades/d5_1317_gateview_live_factory.gd.remap[39m[0m
[  98% ] [90m[1msavepack[22m | Storing File: res://game/scripts/world/facades/d5_1317_gateview_live_replacement.gd.remap[39m[0m
[  98% ] [90m[1msavepack[22m | Storing File: res://game/scripts/world/facades/d5_1394_gateview_live_factory.gd.remap[39m[0m
[  98% ] [90m[1msavepack[22m | Storing File: res://game/scripts/world/facades/d5_1394_gateview_live_replacement.gd.remap[39m[0m
[  98% ] [90m[1msavepack[22m | Storing File: res://game/scripts/world/facades/dormitory_369_standalone_hero_prototype.gd.remap[39m[0m
[  98% ] [90m[1msavepack[22m | Storing File: res://game/scripts/world/facades/facade_meter_uv_adapter.gd.remap[39m[0m
[  98% ] [90m[1msavepack[22m | Storing File: res://game/scripts/world/facades/facade_runtime_registry_loader.gd.remap[39m[0m
[  98% ] [90m[1msavepack[22m | Storing File: res://game/scripts/world/facades/fire_station48_live_factory.gd.remap[39m[0m
[  98% ] [90m[1msavepack[22m | Storing File: res://game/scripts/world/facades/fire_station48_live_replacement.gd.remap[39m[0m
[  98% ] [90m[1msavepack[22m | Storing File: res://game/scripts/world/facades/gateview_1397_live_factory.gd.remap[39m[0m
[  98% ] [90m[1msavepack[22m | Storing File: res://game/scripts/world/facades/gateview_1397_live_replacement.gd.remap[39m[0m
[  98% ] [90m[1msavepack[22m | Storing File: res://game/scripts/world/facades/hawkins_77_bruton_facade.gd.remap[39m[0m
[  98% ] [90m[1msavepack[22m | Storing File: res://game/scripts/world/facades/housing_family_live_attachment.gd.remap[39m[0m
[  98% ] [90m[1msavepack[22m | Storing File: res://game/scripts/world/facades/housing_family_variant.gd.remap[39m[0m
[  98% ] [90m[1msavepack[22m | Storing File: res://game/scripts/world/facades/housing_quality_support.gd.remap[39m[0m
[  98% ] [90m[1msavepack[22m | Storing File: res://game/scripts/world/facades/housing_row_family.gd.remap[39m[0m
[  98% ] [90m[1msavepack[22m | Storing File: res://game/scripts/world/facades/housing_site_family.gd.remap[39m[0m
[  98% ] [90m[1msavepack[22m | Storing File: res://game/scripts/world/facades/isle_house_39_bruton_high_facade.gd.remap[39m[0m
[  98% ] [90m[1msavepack[22m | Storing File: res://game/scripts/world/facades/isle_house_39_bruton_low_facade_prototype.gd.remap[39m[0m
[  98% ] [90m[1msavepack[22m | Storing File: res://game/scripts/world/facades/isle_house_39_bruton_low_live_attachment.gd.remap[39m[0m
[  98% ] [90m[1msavepack[22m | Storing File: res://game/scripts/world/facades/isle_house_composite_repair_standalone_v1.gd.remap[39m[0m
[  98% ] [90m[1msavepack[22m | Storing File: res://game/scripts/world/facades/isle_house_composite_repair_variant_c_live_attachment.gd.remap[39m[0m
[  98% ] [90m[1msavepack[22m | Storing File: res://game/scripts/world/facades/isle_house_composite_repair_variant_c_repair_only_factory.gd.remap[39m[0m
[  98% ] [90m[1msavepack[22m | Storing File: res://game/scripts/world/facades/isle_house_composite_repair_variant_c_standalone_v1.gd.remap[39m[0m
[  98% ] [90m[1msavepack[22m | Storing File: res://game/scripts/world/facades/maceo_may_live_factory.gd.remap[39m[0m
[  98% ] [90m[1msavepack[22m | Storing File: res://game/scripts/world/facades/maceo_may_live_replacement.gd.remap[39m[0m
[  98% ] [90m[1msavepack[22m | Storing File: res://game/scripts/world/facades/mariner_1202_live_factory.gd.remap[39m[0m
[  98% ] [90m[1msavepack[22m | Storing File: res://game/scripts/world/facades/mariner_1202_live_replacement.gd.remap[39m[0m
[  98% ] [90m[1msavepack[22m | Storing File: res://game/scripts/world/facades/mariner_1206_live_factory.gd.remap[39m[0m
[  98% ] [90m[1msavepack[22m | Storing File: res://game/scripts/world/facades/mariner_1206_live_replacement.gd.remap[39m[0m
[  98% ] [90m[1msavepack[22m | Storing File: res://game/scripts/world/facades/mariner_1212_live_factory.gd.remap[39m[0m
[  98% ] [90m[1msavepack[22m | Storing File: res://game/scripts/world/facades/mariner_1212_live_replacement.gd.remap[39m[0m
[  98% ] [90m[1msavepack[22m | Storing File: res://game/scripts/world/facades/mariner_1219_live_factory.gd.remap[39m[0m
[  98% ] [90m[1msavepack[22m | Storing File: res://game/scripts/world/facades/mariner_1219_live_replacement.gd.remap[39m[0m
[  98% ] [90m[1msavepack[22m | Storing File: res://game/scripts/world/facades/mariner_1221_live_factory.gd.remap[39m[0m
[  98% ] [90m[1msavepack[22m | Storing File: res://game/scripts/world/facades/mariner_1221_live_replacement.gd.remap[39m[0m
[  98% ] [90m[1msavepack[22m | Storing File: res://game/scripts/world/facades/navy_chapel_187_live_replacement.gd.remap[39m[0m
[  98% ] [90m[1msavepack[22m | Storing File: res://game/scripts/world/facades/navy_chapel_187_standalone_hero_prototype.gd.remap[39m[0m
[  98% ] [90m[1msavepack[22m | Storing File: res://game/scripts/world/facades/northern_canopy_free_live_factory.gd.remap[39m[0m
[  98% ] [90m[1msavepack[22m | Storing File: res://game/scripts/world/facades/northern_canopy_free_live_replacement.gd.remap[39m[0m
[  98% ] [90m[1msavepack[22m | Storing File: res://game/scripts/world/facades/northern_canopy_free_study.gd.remap[39m[0m
[  98% ] [90m[1msavepack[22m | Storing File: res://game/scripts/world/facades/northpoint_1227_live_factory.gd.remap[39m[0m
[  98% ] [90m[1msavepack[22m | Storing File: res://game/scripts/world/facades/northpoint_1227_live_replacement.gd.remap[39m[0m
[  98% ] [90m[1msavepack[22m | Storing File: res://game/scripts/world/facades/northpoint_1229_study.gd.remap[39m[0m
[  98% ] [90m[1msavepack[22m | Storing File: res://game/scripts/world/facades/northpoint_1232_asset.gd.remap[39m[0m
[  98% ] [90m[1msavepack[22m | Storing File: res://game/scripts/world/facades/northpoint_1232_live_factory.gd.remap[39m[0m
[  98% ] [90m[1msavepack[22m | Storing File: res://game/scripts/world/facades/northpoint_1232_live_replacement.gd.remap[39m[0m
[  98% ] [90m[1msavepack[22m | Storing File: res://game/scripts/world/facades/northpoint_1232_quality_model.gd.remap[39m[0m
[  98% ] [90m[1msavepack[22m | Storing File: res://game/scripts/world/facades/northpoint_1234_live_factory.gd.remap[39m[0m
[  98% ] [90m[1msavepack[22m | Storing File: res://game/scripts/world/facades/northpoint_1234_live_replacement.gd.remap[39m[0m
[  98% ] [90m[1msavepack[22m | Storing File: res://game/scripts/world/facades/northpoint_1237_study.gd.remap[39m[0m
[  98% ] [90m[1msavepack[22m | Storing File: res://game/scripts/world/facades/northpoint_1238_live_factory.gd.remap[39m[0m
[  98% ] [90m[1msavepack[22m | Storing File: res://game/scripts/world/facades/northpoint_1238_live_replacement.gd.remap[39m[0m
[  98% ] [90m[1msavepack[22m | Storing File: res://game/scripts/world/facades/northpoint_1238_study.gd.remap[39m[0m
[  98% ] [90m[1msavepack[22m | Storing File: res://game/scripts/world/facades/northpoint_1239_live_factory.gd.remap[39m[0m
[  98% ] [90m[1msavepack[22m | Storing File: res://game/scripts/world/facades/northpoint_1239_live_replacement.gd.remap[39m[0m
[  98% ] [90m[1msavepack[22m | Storing File: res://game/scripts/world/facades/northpoint_1240_live_factory.gd.remap[39m[0m
[  98% ] [90m[1msavepack[22m | Storing File: res://game/scripts/world/facades/northpoint_1240_live_replacement.gd.remap[39m[0m
[  98% ] [90m[1msavepack[22m | Storing File: res://game/scripts/world/facades/northpoint_1241_live_factory.gd.remap[39m[0m
[  98% ] [90m[1msavepack[22m | Storing File: res://game/scripts/world/facades/northpoint_1241_live_replacement.gd.remap[39m[0m
[  98% ] [90m[1msavepack[22m | Storing File: res://game/scripts/world/facades/northpoint_1241_quality_model.gd.remap[39m[0m
[  98% ] [90m[1msavepack[22m | Storing File: res://game/scripts/world/facades/site_12_housing_kit.gd.remap[39m[0m
[  98% ] [90m[1msavepack[22m | Storing File: res://game/scripts/world/facades/w34313515_live_modules.gd.remap[39m[0m
[  98% ] [90m[1msavepack[22m | Storing File: res://game/scripts/world/facades/w34313520_live_modules.gd.remap[39m[0m
[  98% ] [90m[1msavepack[22m | Storing File: res://game/scripts/world/facades/w34313520_standalone_prototypes.gd.remap[39m[0m
[  98% ] [90m[1msavepack[22m | Storing File: res://game/scripts/world/facades/w34313525_live_modules.gd.remap[39m[0m
[  98% ] [90m[1msavepack[22m | Storing File: res://game/scripts/world/facades/w34313525_standalone_prototypes.gd.remap[39m[0m
[  98% ] [90m[1msavepack[22m | Storing File: res://game/scripts/world/facades/w34313564_live_modules.gd.remap[39m[0m
[  98% ] [90m[1msavepack[22m | Storing File: res://game/scripts/world/facades/w291196370_live_modules.gd.remap[39m[0m
[  98% ] [90m[1msavepack[22m | Storing File: res://game/scripts/world/massing/building_3_600_california_massing.gd.remap[39m[0m
[  98% ] [90m[1msavepack[22m | Storing File: res://game/scripts/world/massing/hawkins_77_bruton_massing.gd.remap[39m[0m
[  98% ] [90m[1msavepack[22m | Storing File: res://game/scripts/world/generated_world_contract.gd.remap[39m[0m
[  98% ] [90m[1msavepack[22m | Storing File: res://game/scripts/world/vegetation_builder.gd.remap[39m[0m
[  98% ] [90m[1msavepack[22m | Storing File: res://game/scripts/world/world_boundary.gd.remap[39m[0m
[  98% ] [90m[1msavepack[22m | Storing File: res://game/scripts/world/world_chunk_builder.gd.remap[39m[0m
[  98% ] [90m[1msavepack[22m | Storing File: res://game/scripts/world/world_loader.gd.remap[39m[0m
[  98% ] [90m[1msavepack[22m | Storing File: res://game/scripts/main.gd.remap[39m[0m
[  98% ] [90m[1msavepack[22m | Storing File: res://game/tests/housing_family_experiment/capture.gd.remap[39m[0m
[  98% ] [90m[1msavepack[22m | Storing File: res://game/tests/housing_family_experiment/normal_capture.gd.remap[39m[0m
[  98% ] [90m[1msavepack[22m | Storing File: res://game/tests/support/building_1_exact_receiver_calibration.gd.remap[39m[0m
[  98% ] [90m[1msavepack[22m | Storing File: res://game/tests/isle_house_variant_c_live_replacement_capture.gd.remap[39m[0m
[  98% ] [90m[1msavepack[22m | Storing File: res://game/tests/support/navy_chapel_187_protected_receiver_test_support.gd.remap[39m[0m
[  98% ] [90m[1msavepack[22m | Storing File: res://game/tests/support/w34313515_module_calibration.gd.remap[39m[0m
[  98% ] [90m[1msavepack[22m | Storing File: res://game/tests/support/w34313520_exact_receiver_calibration.gd.remap[39m[0m
[  98% ] [90m[1msavepack[22m | Storing File: res://game/tests/support/w34313525_exact_receiver_calibration.gd.remap[39m[0m
[  98% ] [90m[1msavepack[22m | Storing File: res://game/tests/support/w34313564_module_calibration.gd.remap[39m[0m
[  98% ] [90m[1msavepack[22m | Storing File: res://game/tests/support/w291196370_module_calibration.gd.remap[39m[0m
[  98% ] [90m[1msavepack[22m | Storing File: res://game/tests/accepted_material_run_trials_capture.gd.remap[39m[0m
[  98% ] [90m[1msavepack[22m | Storing File: res://game/tests/automated_route_qa.gd.remap[39m[0m
[  98% ] [90m[1msavepack[22m | Storing File: res://game/tests/batch_02_04_material_correction_capture.gd.remap[39m[0m
[  98% ] [90m[1msavepack[22m | Storing File: res://game/tests/batch_02_material_proof_capture.gd.remap[39m[0m
[  98% ] [90m[1msavepack[22m | Storing File: res://game/tests/batch_03_material_proof_capture.gd.remap[39m[0m
[  98% ] [90m[1msavepack[22m | Storing File: res://game/tests/batch_04_material_proof_capture.gd.remap[39m[0m
[  98% ] [90m[1msavepack[22m | Storing File: res://game/tests/batch_06_exact_receiver_trial_capture.gd.remap[39m[0m
[  98% ] [90m[1msavepack[22m | Storing File: res://game/tests/batch_06_prototype_capture.gd.remap[39m[0m
[  98% ] [90m[1msavepack[22m | Storing File: res://game/tests/building_1_entrance_gap_calibration_capture.gd.remap[39m[0m
[  98% ] [90m[1msavepack[22m | Storing File: res://game/tests/building_1_entrance_gap_salvage_finalizer.gd.remap[39m[0m
[  98% ] [90m[1msavepack[22m | Storing File: res://game/tests/building_1_exact_receiver_calibration_capture.gd.remap[39m[0m
[  98% ] [90m[1msavepack[22m | Storing File: res://game/tests/building_1_hero_capture.gd.remap[39m[0m
[  98% ] [90m[1msavepack[22m | Storing File: res://game/tests/building_1_live_field_capture.gd.remap[39m[0m
[  98% ] [90m[1msavepack[22m | Storing File: res://game/tests/building_1_public_front_believability_capture.gd.remap[39m[0m
[  98% ] [90m[1msavepack[22m | Storing File: res://game/tests/building_1_recognizability_capture.gd.remap[39m[0m
[  98% ] [90m[1msavepack[22m | Storing File: res://game/tests/building_1_standalone_prototype_capture.gd.remap[39m[0m
[  98% ] [90m[1msavepack[22m | Storing File: res://game/tests/building_1_tower_grounded_capture.gd.remap[39m[0m
[  98% ] [90m[1msavepack[22m | Storing File: res://game/tests/building_1_wing_returns_v2_candidate_capture.gd.remap[39m[0m
[  98% ] [90m[1msavepack[22m | Storing File: res://game/tests/building_1_wing_window_reveal_candidate_capture.gd.remap[39m[0m
[  98% ] [90m[1msavepack[22m | Storing File: res://game/tests/building_3_hero_massing_capture.gd.remap[39m[0m
[  98% ] [90m[1msavepack[22m | Storing File: res://game/tests/d1_b201_live_attachment_capture.gd.remap[39m[0m
[  98% ] [90m[1msavepack[22m | Storing File: res://game/tests/d1_b225_postpromotion_v8_capture.gd.remap[39m[0m
[  98% ] [90m[1msavepack[22m | Storing File: res://game/tests/p1_existing_live_revalidation_capture.gd.remap[39m[0m
[  98% ] [90m[1msavepack[22m | Storing File: res://game/tests/d1_b225_production_attachment_capture.gd.remap[39m[0m
[  98% ] [90m[1msavepack[22m | Storing File: res://game/tests/d1_b225_standalone_cladding_repair_v1_capture.gd.remap[39m[0m
[  98% ] [90m[1msavepack[22m | Storing File: res://game/tests/d1_current_standalone_prototype_capture.gd.remap[39m[0m
[  98% ] [90m[1msavepack[22m | Storing File: res://game/tests/mounted_pck_content_audit.gd.remap[39m[0m
[  98% ] [90m[1msavepack[22m | Storing File: res://game/tests/navy_chapel_187_live_replacement_capture.gd.remap[39m[0m
[  98% ] [90m[1msavepack[22m | Storing File: res://game/tests/d2_1441_postpromotion_v9_capture.gd.remap[39m[0m
[  98% ] [90m[1msavepack[22m | Storing File: res://game/tests/d2_1441_production_attachment_capture.gd.remap[39m[0m
[  98% ] [90m[1msavepack[22m | Storing File: res://game/tests/regional_qa_anchors.gd.remap[39m[0m
[  98% ] [90m[1msavepack[22m | Storing File: res://game/tests/dormitory_369_standalone_hero_capture.gd.remap[39m[0m
[  98% ] [90m[1msavepack[22m | Storing File: res://game/tests/fire_station_48_live_trial_removal_capture.gd.remap[39m[0m
[  98% ] [90m[1msavepack[22m | Storing File: res://game/tests/full_runtime_building_1_returns_v2_integration.gd.remap[39m[0m
[  98% ] [90m[1msavepack[22m | Storing File: res://game/tests/full_runtime_integration.gd.remap[39m[0m
[  98% ] [90m[1msavepack[22m | Storing File: res://game/tests/genai_texture_pilot_v1_capture.gd.remap[39m[0m
[  98% ] [90m[1msavepack[22m | Storing File: res://game/tests/hawkins_facade_capture.gd.remap[39m[0m
[  98% ] [90m[1msavepack[22m | Storing File: res://game/tests/hawkins_isle_all_side_capture.gd.remap[39m[0m
[  98% ] [90m[1msavepack[22m | Storing File: res://game/tests/headless_accepted_material_run_trials_contract.gd.remap[39m[0m
[  98% ] [90m[1msavepack[22m | Storing File: res://game/tests/headless_batch_02_04_material_correction_contract.gd.remap[39m[0m
[  98% ] [90m[1msavepack[22m | Storing File: res://game/tests/headless_batch_02_material_contract.gd.remap[39m[0m
[  98% ] [90m[1msavepack[22m | Storing File: res://game/tests/headless_batch_03_material_contract.gd.remap[39m[0m
[  98% ] [90m[1msavepack[22m | Storing File: res://game/tests/headless_batch_04_material_contract.gd.remap[39m[0m
[  98% ] [90m[1msavepack[22m | Storing File: res://game/tests/headless_batch_06_exact_receiver_trial_contract.gd.remap[39m[0m
[  98% ] [90m[1msavepack[22m | Storing File: res://game/tests/headless_batch_06_prototype_contract.gd.remap[39m[0m
[  98% ] [90m[1msavepack[22m | Storing File: res://game/tests/headless_building_1_entrance_gap_calibration_evidence_contract.gd.remap[39m[0m
[  98% ] [90m[1msavepack[22m | Storing File: res://game/tests/headless_building_1_exact_receiver_calibration_contract.gd.remap[39m[0m
[  98% ] [90m[1msavepack[22m | Storing File: res://game/tests/headless_building_1_exact_receiver_calibration_evidence_contract.gd.remap[39m[0m
[  98% ] [90m[1msavepack[22m | Storing File: res://game/tests/headless_building_1_exact_receiver_miter_correction_evidence_contract.gd.remap[39m[0m
[  98% ] [90m[1msavepack[22m | Storing File: res://game/tests/headless_building_1_hero_model_contract.gd.remap[39m[0m
[  98% ] [90m[1msavepack[22m | Storing File: res://game/tests/headless_building_1_hero_returns_v2_contract.gd.remap[39m[0m
[  98% ] [90m[1msavepack[22m | Storing File: res://game/tests/headless_building_1_live_field_capture_evidence_contract.gd.remap[39m[0m
[  98% ] [90m[1msavepack[22m | Storing File: res://game/tests/headless_building_1_live_field_integration_contract.gd.remap[39m[0m
[  98% ] [90m[1msavepack[22m | Storing File: res://game/tests/headless_building_1_public_front_believability_contract.gd.remap[39m[0m
[  98% ] [90m[1msavepack[22m | Storing File: res://game/tests/headless_building_1_public_front_believability_evidence_contract.gd.remap[39m[0m
[  98% ] [90m[1msavepack[22m | Storing File: res://game/tests/headless_building_1_recognizability_evidence_contract.gd.remap[39m[0m
[  98% ] [90m[1msavepack[22m | Storing File: res://game/tests/headless_building_1_recognizability_live_contract.gd.remap[39m[0m
[  98% ] [90m[1msavepack[22m | Storing File: res://game/tests/headless_building_1_registry_closure_mounted_contract.gd.remap[39m[0m
[  98% ] [90m[1msavepack[22m | Storing File: res://game/tests/headless_building_1_standalone_capture_evidence_contract.gd.remap[39m[0m
[  98% ] [90m[1msavepack[22m | Storing File: res://game/tests/headless_building_1_standalone_prototype_contract.gd.remap[39m[0m
[  98% ] [90m[1msavepack[22m | Storing File: res://game/tests/headless_building_1_tower_grounded_evidence_contract.gd.remap[39m[0m
[  98% ] [90m[1msavepack[22m | Storing File: res://game/tests/headless_building_1_wing_returns_v2_candidate_evidence_contract.gd.remap[39m[0m
[  98% ] [90m[1msavepack[22m | Storing File: res://game/tests/headless_building_1_wing_returns_v2_candidate_package_contract.gd.remap[39m[0m
[  98% ] [90m[1msavepack[22m | Storing File: res://game/tests/headless_building_1_wing_returns_v2_contract.gd.remap[39m[0m
[  98% ] [90m[1msavepack[22m | Storing File: res://game/tests/headless_building_1_wing_returns_v2_current_contract.gd.remap[39m[0m
[  98% ] [90m[1msavepack[22m | Storing File: res://game/tests/headless_building_1_wing_returns_v2_current_package_contract.gd.remap[39m[0m
[  98% ] [90m[1msavepack[22m | Storing File: res://game/tests/headless_building_1_wing_window_reveal_candidate_evidence_contract.gd.remap[39m[0m
[  98% ] [90m[1msavepack[22m | Storing File: res://game/tests/headless_building_1_wing_window_reveal_candidate_package_contract.gd.remap[39m[0m
[  98% ] [90m[1msavepack[22m | Storing File: res://game/tests/headless_building_3_facade_contract.gd.remap[39m[0m
[  98% ] [90m[1msavepack[22m | Storing File: res://game/tests/headless_building_3_hero_evidence_contract.gd.remap[39m[0m
[  98% ] [90m[1msavepack[22m | Storing File: res://game/tests/headless_building_3_hero_massing_contract.gd.remap[39m[0m
[  98% ] [90m[1msavepack[22m | Storing File: res://game/tests/headless_d1_b201_live_attachment_contract.gd.remap[39m[0m
[  98% ] [90m[1msavepack[22m | Storing File: res://game/tests/headless_d1_b201_live_attachment_evidence_contract.gd.remap[39m[0m
[  98% ] [90m[1msavepack[22m | Storing File: res://game/tests/headless_d1_b201_live_attachment_package_contract.gd.remap[39m[0m
[  98% ] [90m[1msavepack[22m | Storing File: res://game/tests/w34313515_module_calibration_capture.gd.remap[39m[0m
[  98% ] [90m[1msavepack[22m | Storing File: res://game/tests/headless_d1_b225_postpromotion_v8_contract.gd.remap[39m[0m
[  98% ] [90m[1msavepack[22m | Storing File: res://game/tests/headless_d1_b225_postpromotion_v8_package_contract.gd.remap[39m[0m
[  98% ] [90m[1msavepack[22m | Storing File: res://game/tests/headless_d1_b225_production_attachment_contract.gd.remap[39m[0m
[  98% ] [90m[1msavepack[22m | Storing File: res://game/tests/headless_d1_b225_production_attachment_package_contract.gd.remap[39m[0m
[  98% ] [90m[1msavepack[22m | Storing File: res://game/tests/headless_d1_b225_standalone_cladding_repair_v1_contract.gd.remap[39m[0m
[  98% ] [90m[1msavepack[22m | Storing File: res://game/tests/headless_d1_b225_standalone_cladding_repair_v1_evidence_contract.gd.remap[39m[0m
[  98% ] [90m[1msavepack[22m | Storing File: res://game/tests/headless_d1_current_standalone_evidence_contract.gd.remap[39m[0m
[  98% ] [90m[1msavepack[22m | Storing File: res://game/tests/headless_d1_current_standalone_prototype_contract.gd.remap[39m[0m
[  98% ] [90m[1msavepack[22m | Storing File: res://game/tests/w34313520_live_integration_capture.gd.remap[39m[0m
[  98% ] [90m[1msavepack[22m | Storing File: res://game/tests/navy_chapel_187_standalone_hero_capture.gd.remap[39m[0m
[  98% ] [90m[1msavepack[22m | Storing File: res://game/tests/validate_generated_world.gd.remap[39m[0m
[  98% ] [90m[1msavepack[22m | Storing File: res://game/tests/headless_d2_1441_chinook_live_replacement_contract.gd.remap[39m[0m
[  98% ] [90m[1msavepack[22m | Storing File: res://game/tests/headless_d2_1441_chinook_live_replacement_package_contract.gd.remap[39m[0m
[  98% ] [90m[1msavepack[22m | Storing File: res://game/tests/next_cohort_facade_capture.gd.remap[39m[0m
[  98% ] [90m[1msavepack[22m | Storing File: res://game/tests/w34313520_standalone_prototype_capture.gd.remap[39m[0m
[  98% ] [90m[1msavepack[22m | Storing File: res://game/tests/p3_existing_live_material_revalidation_capture.gd.remap[39m[0m
[  98% ] [90m[1msavepack[22m | Storing File: res://game/tests/headless_d2_1441_postpromotion_v9_contract.gd.remap[39m[0m
[  98% ] [90m[1msavepack[22m | Storing File: res://game/tests/headless_d2_1441_postpromotion_v9_package_contract.gd.remap[39m[0m
[  98% ] [90m[1msavepack[22m | Storing File: res://game/tests/headless_d2_1441_production_attachment_contract.gd.remap[39m[0m
[  98% ] [90m[1msavepack[22m | Storing File: res://game/tests/headless_d2_1441_production_attachment_package_contract.gd.remap[39m[0m
[  98% ] [90m[1msavepack[22m | Storing File: res://game/tests/rendered_visual_evidence_capture.gd.remap[39m[0m
[  98% ] [90m[1msavepack[22m | Storing File: res://game/tests/w34313520_exact_receiver_calibration_capture.gd.remap[39m[0m
[  98% ] [90m[1msavepack[22m | Storing File: res://game/tests/w34313515_live_module_integration_capture.gd.remap[39m[0m
[  98% ] [90m[1msavepack[22m | Storing File: res://game/tests/headless_dormitory_369_standalone_hero_contract.gd.remap[39m[0m
[  98% ] [90m[1msavepack[22m | Storing File: res://game/tests/headless_dormitory_369_standalone_hero_evidence_contract.gd.remap[39m[0m
[  98% ] [90m[1msavepack[22m | Storing File: res://game/tests/headless_facade_meter_uv_adapter_contract.gd.remap[39m[0m
[  98% ] [90m[1msavepack[22m | Storing File: res://game/tests/headless_facade_recognition_registry_contract.gd.remap[39m[0m
[  98% ] [90m[1msavepack[22m | Storing File: res://game/tests/headless_facade_runtime_registry_loader_contract.gd.remap[39m[0m
[  98% ] [90m[1msavepack[22m | Storing File: res://game/tests/headless_gameplay_contract.gd.remap[39m[0m
[  98% ] [90m[1msavepack[22m | Storing File: res://game/tests/headless_genai_texture_phase2_package_contract.gd.remap[39m[0m
[  98% ] [90m[1msavepack[22m | Storing File: res://game/tests/headless_genai_texture_pilot_v1_contract.gd.remap[39m[0m
[  98% ] [90m[1msavepack[22m | Storing File: res://game/tests/headless_hawkins_facade_contract.gd.remap[39m[0m
[  98% ] [90m[1msavepack[22m | Storing File: res://game/tests/headless_housing_family_live_contract.gd.remap[39m[0m
[  98% ] [90m[1msavepack[22m | Storing File: res://game/tests/headless_isle_house_composite_repair_standalone_v1_contract.gd.remap[39m[0m
[  98% ] [90m[1msavepack[22m | Storing File: res://game/tests/headless_isle_house_composite_repair_standalone_v1_evidence_contract.gd.remap[39m[0m
[  98% ] [90m[1msavepack[22m | Storing File: res://game/tests/headless_isle_house_composite_repair_standalone_v1_package_contract.gd.remap[39m[0m
[  98% ] [90m[1msavepack[22m | Storing File: res://game/tests/headless_isle_house_composite_repair_variant_c_standalone_v1_contract.gd.remap[39m[0m
[  98% ] [90m[1msavepack[22m | Storing File: res://game/tests/headless_isle_house_composite_repair_variant_c_standalone_v1_evidence_contract.gd.remap[39m[0m
[  98% ] [90m[1msavepack[22m | Storing File: res://game/tests/headless_isle_house_composite_repair_variant_c_standalone_v1_package_contract.gd.remap[39m[0m
[  98% ] [90m[1msavepack[22m | Storing File: res://game/tests/headless_isle_house_facade_contract.gd.remap[39m[0m
[  98% ] [90m[1msavepack[22m | Storing File: res://game/tests/headless_isle_house_low_facade_prototype_contract.gd.remap[39m[0m
[  98% ] [90m[1msavepack[22m | Storing File: res://game/tests/headless_isle_house_low_genai_brick_phase2_evidence_contract.gd.remap[39m[0m
[  98% ] [90m[1msavepack[22m | Storing File: res://game/tests/headless_isle_house_low_live_evidence_contract.gd.remap[39m[0m
[  98% ] [90m[1msavepack[22m | Storing File: res://game/tests/headless_isle_house_low_live_integration_contract.gd.remap[39m[0m
[  98% ] [90m[1msavepack[22m | Storing File: res://game/tests/headless_isle_house_variant_c_live_replacement_evidence_contract.gd.remap[39m[0m
[  98% ] [90m[1msavepack[22m | Storing File: res://game/tests/headless_isle_house_variant_c_live_replacement_package_contract.gd.remap[39m[0m
[  98% ] [90m[1msavepack[22m | Storing File: res://game/tests/headless_navy_chapel_187_live_replacement_contract.gd.remap[39m[0m
[  98% ] [90m[1msavepack[22m | Storing File: res://game/tests/headless_navy_chapel_187_live_replacement_evidence_contract.gd.remap[39m[0m
[  98% ] [90m[1msavepack[22m | Storing File: res://game/tests/headless_navy_chapel_187_live_replacement_package_contract.gd.remap[39m[0m
[  98% ] [90m[1msavepack[22m | Storing File: res://game/tests/headless_navy_chapel_187_standalone_hero_contract.gd.remap[39m[0m
[  98% ] [90m[1msavepack[22m | Storing File: res://game/tests/headless_navy_chapel_187_standalone_hero_evidence_contract.gd.remap[39m[0m
[  98% ] [90m[1msavepack[22m | Storing File: res://game/tests/headless_p1_existing_live_revalidation_evidence_contract.gd.remap[39m[0m
[  98% ] [90m[1msavepack[22m | Storing File: res://game/tests/headless_p3_existing_live_material_revalidation_evidence_contract.gd.remap[39m[0m
[  98% ] [90m[1msavepack[22m | Storing File: res://game/tests/headless_precommit_package_sanitization_contract.gd.remap[39m[0m
[  98% ] [90m[1msavepack[22m | Storing File: res://game/tests/headless_scene_parse.gd.remap[39m[0m
[  98% ] [90m[1msavepack[22m | Storing File: res://game/tests/headless_site_12_stucco_package_promotion_contract.gd.remap[39m[0m
[  98% ] [90m[1msavepack[22m | Storing File: res://game/tests/headless_startup_configuration_contract.gd.remap[39m[0m
[  98% ] [90m[1msavepack[22m | Storing File: res://game/tests/headless_w34313515_live_module_integration_contract.gd.remap[39m[0m
[  98% ] [90m[1msavepack[22m | Storing File: res://game/tests/headless_w34313515_module_calibration_contract.gd.remap[39m[0m
[  98% ] [90m[1msavepack[22m | Storing File: res://game/tests/headless_w34313520_exact_receiver_calibration_contract.gd.remap[39m[0m
[  98% ] [90m[1msavepack[22m | Storing File: res://game/tests/headless_w34313520_live_integration_contract.gd.remap[39m[0m
[  98% ] [90m[1msavepack[22m | Storing File: res://game/tests/headless_w34313520_standalone_prototype_contract.gd.remap[39m[0m
[  98% ] [90m[1msavepack[22m | Storing File: res://game/tests/headless_w34313525_exact_receiver_calibration_capture_evidence_contract.gd.remap[39m[0m
[  98% ] [90m[1msavepack[22m | Storing File: res://game/tests/headless_w34313525_exact_receiver_calibration_contract.gd.remap[39m[0m
[  98% ] [90m[1msavepack[22m | Storing File: res://game/tests/headless_w34313525_live_capture_evidence_contract.gd.remap[39m[0m
[  98% ] [90m[1msavepack[22m | Storing File: res://game/tests/headless_w34313525_live_integration_contract.gd.remap[39m[0m
[  98% ] [90m[1msavepack[22m | Storing File: res://game/tests/headless_w34313525_standalone_capture_evidence_contract.gd.remap[39m[0m
[  98% ] [90m[1msavepack[22m | Storing File: res://game/tests/headless_w34313525_standalone_prototype_contract.gd.remap[39m[0m
[  98% ] [90m[1msavepack[22m | Storing File: res://game/tests/headless_w34313564_live_module_integration_contract.gd.remap[39m[0m
[  98% ] [90m[1msavepack[22m | Storing File: res://game/tests/headless_w34313564_module_calibration_contract.gd.remap[39m[0m
[  98% ] [90m[1msavepack[22m | Storing File: res://game/tests/headless_w291196370_live_module_integration_contract.gd.remap[39m[0m
[  98% ] [90m[1msavepack[22m | Storing File: res://game/tests/headless_w291196370_module_calibration_contract.gd.remap[39m[0m
[  98% ] [90m[1msavepack[22m | Storing File: res://game/tests/headless_world_material_contract.gd.remap[39m[0m
[  98% ] [90m[1msavepack[22m | Storing File: res://game/tests/headless_ymca_wall_tangent_projection_contract.gd.remap[39m[0m
[  98% ] [90m[1msavepack[22m | Storing File: res://game/tests/housing_asset_reuse_demo.gd.remap[39m[0m
[  98% ] [90m[1msavepack[22m | Storing File: res://game/tests/housing_row_family_demo.gd.remap[39m[0m
[  98% ] [90m[1msavepack[22m | Storing File: res://game/tests/isle_house_composite_repair_standalone_v1_capture.gd.remap[39m[0m
[  98% ] [90m[1msavepack[22m | Storing File: res://game/tests/isle_house_composite_repair_variant_c_standalone_v1_capture.gd.remap[39m[0m
[  98% ] [90m[1msavepack[22m | Storing File: res://game/tests/isle_house_low_genai_brick_phase2_capture.gd.remap[39m[0m
[  98% ] [90m[1msavepack[22m | Storing File: res://game/tests/isle_house_low_live_evidence_capture.gd.remap[39m[0m
[  98% ] [90m[1msavepack[22m | Storing File: res://.godot/global_script_class_cache.cfg[39m[0m
[  98% ] [90m[1msavepack[22m | Storing File: res://.godot/uid_cache.bin[39m[0m
[  98% ] [90m[1msavepack[22m | Storing File: res://project.binary[39m[0m
[92m[ DONE ][39m [1msavepack[22m
[0m
[  50% ] [90m[1mexport[22m | Code signing bundle[39m[0m
[92m[ DONE ][39m [1mexport[22m
[0m
